type,id,locator,portuguese_source,english_applied,reviewed_english,brand,keywords,search_text,notes
food,54cd31d5-ff68-5dd5-b97a-cfb69dfdf576,,"Abacate, Hass","Avocado, Hass",,,"[""abacate"",""abacates"",""avocado"",""avocados"",""hass"",""fruta"",""fruit""]",avocado hass avocado hass avocados,
food,cddc8011-faa5-59a5-a68d-ee341551cc95,,Abrótea cozida,Abrotea Cooked,"Forkbeard, Cooked",,"[""abrótea"",""abrotea"",""forkbeard"",""fish"",""cozida"",""cooked"",""boiled""]",abrotea cooked abrotea cooked forkbeard,
food,88c97fb2-3e64-505d-acce-25cae3365204,,Abrótea crua,Abrotea Raw,"Forkbeard, Raw",,"[""abrótea"",""abrotea"",""forkbeard"",""fish"",""crua"",""raw""]",abrotea raw abrotea raw forkbeard,
food,53d4bcaf-e25f-5118-8b36-f812e6089ae4,,Abóbora Butternut,Butternut Squash,,,"[""abóbora"",""butternut"",""squash"",""abobora"",""pumpkin""]",butternut squash butternut squash pumpkin,
food,6eeb775e-4a52-55a9-93e5-72ef72c24117,,Abóbora cristalizada,Candied Pumpkin,,,"[""abóbora"",""abobora"",""pumpkin"",""squash"",""cristalizada"",""candied""]",candied pumpkin candied pumpkin squash cristalizada,
food,166e4029-9a49-55d0-8200-dca5d0471910,,Abóbora crua,Raw Pumpkin,,,"[""abóbora"",""abobora"",""pumpkin"",""squash"",""crua"",""raw""]",raw pumpkin raw pumpkin squash,
food,da5f33dd-6f05-5bd5-b690-0ac74e8a7c2a,,Acelga crua,Swiss Chard Raw,"Swiss Chard, Raw",,"[""acelga"",""chard"",""crua"",""raw"",""swiss""]",swiss chard raw swiss chard raw,
food,1f37ad0e-f07c-594a-a492-755025af86b5,,Agrião cru,Watercress Raw,"Watercress, Raw",,"[""agrião"",""agriao"",""watercress"",""cru"",""raw""]",watercress raw watercress raw,
food,9a586faf-e18d-55fd-a5ec-dbb30858284d,,Aguardente,Aguardente,Aguardente,,"aguardente, brandy, spirit",aguardente aguardente brandy spirit,
food,05e08c1c-3814-52c3-82d1-414239eb2638,,Aipo,Celery,,,"[""aipo"",""celery""]",celery celery aipo,
food,00bd5ad1-fd05-56bd-b28a-386badfec7ad,,Aipo cru,Celery Raw,"Celery, Raw",,"[""aipo"",""celery"",""cru"",""raw""]",celery raw celery raw aipo,
food,486b2af2-7d6a-5f74-aae1-565c72661ff8,,Alcachofra cozida,Artichoke Cooked,"Artichoke, Cooked",,"[""alcachofra"",""artichoke"",""cozida"",""cooked"",""boiled""]",artichoke cooked artichoke cooked alcachofra,
food,4ce2797f-3556-5795-bc9c-5df29a662f15,,Alcachofra crua,Artichoke Raw,"Artichoke, Raw",,"[""alcachofra"",""artichoke"",""crua"",""raw""]",artichoke raw artichoke raw alcachofra,
food,feb65869-9c0d-5939-ad6d-d3d41bc174c4,,Alcaparras (em vinagre),Capers (in Vinegar),,,"[""alcaparras"",""cappers"",""vinagre"",""vinegar"",""pickles"",""alcaparra"",""capers"",""in""]",capers in vinegar capers in vinegar cappers pickles,
food,1f7a9e8a-5164-578f-ac06-4fa65e2b1d76,,Alcaparras (picles),Capers,,,"[""alcaparras"",""alcaparra"",""capers"",""picles"",""picle""]",capers capers picle,
food,99f99ed4-edb4-5793-9218-f0ec7e837aa9,,Alecrim fresco,Rosemary Fresh,"Rosemary, Fresh",,"[""alecrim"",""rosemary"",""fresco"",""fresh""]",rosemary fresh rosemary fresh,
food,74dda6d5-28a5-51f5-8114-08fd1ac0bc01,,"Alecrim, seco",Rosemary Dried,"Rosemary, Dried",,"[""alecrim"",""rosemary"",""seco"",""dried""]",rosemary dried rosemary dried,
food,4edd6351-b877-5ff7-ae43-22da0021cc6b,,Alface,Lettuce,,,"[""alface"",""lettuce""]",lettuce lettuce,
food,3d191817-6b2d-5ed1-85d7-80d4a44966fa,,Alface roxa,Lettuce Red,,,"[""alface"",""lettuce"",""roxa"",""purple"",""red""]",lettuce red lettuce red,
food,a24894cc-747d-5901-9213-cb9ed342d639,,Alheira cozida sem adição de sal,Alheira Sausage Cooked without Added Salt,"Alheira Sausage, Cooked without Added Salt",,"[""alheira"",""sausage"",""cozida"",""cooked"",""boiled"",""sal"",""salt"",""without"",""added""]",alheira sausage cooked without added salt alheira sausage cooked without added salt,
food,7aa09da0-b029-5353-a0b8-e94346c559bb,,Alheira crua,Alheira Sausage Raw,"Alheira Sausage, Raw",,"[""alheira"",""sausage"",""crua"",""raw""]",alheira sausage raw alheira sausage raw,
food,e5c57527-13c3-561c-995c-586eabb9e994,,Alheira grelhada sem adição de sal,Alheira Sausage Grilled without Added Salt,"Alheira Sausage, Grilled without Added Salt",,"[""alheira"",""sausage"",""grelhada"",""grilled"",""sal"",""salt"",""without"",""added""]",alheira sausage grilled without added salt alheira sausage grilled without added salt,
food,d31e4c70-9a41-5eb8-9bfd-247f9e5f1107,,Alho (dente),Garlic Clove,,,"[""dente"",""alhos"",""garlic"",""cloves"",""alho"",""clove""]",garlic clove garlic clove cloves,
food,d1fc6089-efaf-55d7-9e52-52d38d134f5e,,Alho cru,Raw Garlic,,,"[""alho"",""alhos"",""dente"",""dentes"",""garlic"",""raw"",""cru"",""legume"",""vegetable""]",raw garlic raw garlic,
food,cd16a896-2718-58fa-a1df-18458a71dd71,,Alho em pó,Garlic Powder,,,"[""alho"",""garlic"",""powder""]",garlic powder garlic powder,
food,a6a91c62-1998-5a00-9e64-8010ed1ea7db,,Alho francês,Leek,,,"[""alhos"",""francês"",""leeks"",""alho"",""garlic"",""frances"",""francê"",""leek"",""france""]",leek leek frances leeks garlic france,
food,17b968b6-a069-58a7-ab35-6639df132527,,Alho-francês cru,Alho-frances Raw,"Leek, Raw",,"[""alho-francês"",""alho francês"",""alho"",""francês"",""alho porro"",""alho-porro"",""leek"",""leeks"",""raw"",""cru"",""legume"",""vegetable"",""garlic"",""frances"",""francê"",""porro"",""france""]",alho frances raw alho frances raw porro leek leeks garlic france,
food,ea7c927b-2bba-539b-b484-958b98721665,,Almôndegas de porco,Meatballs Pork,,,"[""almôndegas"",""almondegas"",""almôndega"",""porco"",""pork"",""meatballs"",""almondega""]",meatballs pork meatballs pork almondegas almondega,
food,e41b58a0-9fec-5fc2-b349-bd905452c686,,Almôndegas de vaca,Meatballs Beef,,,"[""almôndegas"",""almondegas"",""almôndega"",""vaca"",""beef"",""meatballs"",""almondega""]",meatballs beef meatballs beef almondegas almondega vaca,
food,59f9a181-ab77-5afa-9667-8d44c1a871e4,,Almôndegas de vaca e porco ,Meatballs Beef Pork,,,"[""almôndegas"",""almondegas"",""almôndega"",""vaca"",""beef"",""porco"",""pork"",""meatballs"",""almondega""]",meatballs beef pork meatballs beef pork almondegas almondega vaca,
food,90d58ff5-9d83-5e97-ad27-42d894628daa,,Ameixa branca,Plum White,,,"[""ameixa"",""ameixas"",""branca"",""brancas"",""plum"",""plums"",""white"",""fruta"",""fruit""]",plum white plum white brancas plums,
food,12af5244-9fac-524e-a80f-33f088ba140a,,Ameixa encarnada,Plum Encarnada,Plum Red,,"[""ameixa"",""ameixas"",""encarnada"",""vermelha"",""red"",""plum"",""plums"",""fruta"",""fruit""]",plum encarnada plum encarnada plums,
food,2e88e714-5517-5f29-b59b-5235a26dc31b,,Ameixa rainha Cláudia,Plum Rainha Claudia,,,"[""ameixa"",""ameixas"",""rainha"",""cláudia"",""claudia"",""greengage"",""plum"",""plums"",""fruta"",""fruit""]",plum rainha claudia plum rainha claudia greengage plums,
food,67904f74-3bf8-5208-bbda-dfda2f2fec72,,Ameixa seca,Plum Dried,"Plum, Dried",,"[""ameixa"",""seca"",""dried"",""plum""]",plum dried plum dried,
food,36f75c07-84f9-56d6-8e54-99e4d0beccb3,,"Ameixa, conserva em calda de açúcar",Plum Canned in Sugar Syrup,,,"[""ameixa"",""conserva"",""canned"",""calda"",""açúcar"",""acucar"",""sugar"",""plum"",""in"",""syrup""]",plum canned in sugar syrup plum canned in sugar syrup,
food,a7f93b29-9ec9-505a-8f32-67e134f7272c,,Ameixas,Plums,,,"[""ameixas"",""prunes"",""ameixa"",""plums""]",plums plums prunes,
food,581a382c-1edd-50e4-939c-f48593364a27,,"Amendoim, miolo",Peanut Kernels,,,"[""amendoim"",""peanut"",""miolo"",""kernels""]",peanut kernels peanut kernels,
food,1b08ba0c-34cb-5ee8-8097-2f80ea5a4986,,"Amendoim, miolo, torrado com sal",Roasted Peanut Kernels Salted,"Roasted Peanut Kernels, Salted",,"[""amendoim"",""peanut"",""miolo"",""torrado"",""sal"",""salt"",""roasted"",""kernels"",""salted""]",roasted peanut kernels salted roasted peanut kernels salted,
food,5d6df574-47fd-5ee6-bf86-cc76746f6a85,,"Amendoim, miolo, torrado sem sal",Roasted Peanut Kernels Unsalted,"Roasted Peanut Kernels, Unsalted",,"[""amendoim"",""peanut"",""miolo"",""torrado"",""sal"",""salt"",""roasted"",""kernels"",""unsalted""]",roasted peanut kernels unsalted roasted peanut kernels unsalted,
food,651cef06-5c0d-5a08-bdff-9de5b877a316,,Amendoins (com casca),Peanuts (in Shell),,,"[""amendoins"",""casca"",""shell"",""peanuts"",""amendoin"",""in""]",peanuts in shell peanuts in shell amendoin,
food,e757b60b-46e6-5d39-b83c-c575e7cade53,,Amendoins (sem casca),Peanuts (shelled),,,"[""amendoins"",""descascados"",""without"",""shell"",""peanuts"",""amendoin"",""casca"",""shelled""]",peanuts shelled peanuts shelled shell amendoin,
food,f0de3068-bbc8-55c0-b984-934bfefac837,,American Donut,American Donut,,,"[""donuts"",""americanos"",""doughnuts"",""american"",""donut""]",american donut american donut donuts americanos doughnuts,
food,a40d5457-a4c7-52ee-b82e-dc25a5571700,,Amido de Milho,Corn Starch,,Maizena,"[""farinha"",""amido"",""milho"",""maise"",""starch"",""flour"",""corn"",""maize"",""maizena""]",corn starch maizena corn starch maizena amido maise flour maize,
food,8718d4b4-ed64-57b1-8968-584d6b4e5b2d,,Amora,Blackberry,,,"[""amora"",""blackberry""]",blackberry blackberry,
food,9bd74610-446a-57cd-9890-0d371073f609,,Amoras,Blackberries,,,"[""amoras"",""blackberry"",""blackberries"",""loganberry"",""loganberries"",""boysenberry"",""boysenberries"",""amora""]",blackberries blackberries blackberry loganberry loganberries boysenberry boysenberries,
food,8ab79c34-e18a-5587-b030-666147ac0b60,,Amêijoa aberta ao natural sem sal,Clam Aberta Natural Salt,"Clam Opened Natural, Unsalted",,"[""amêijoa"",""ameijoa"",""clam"",""aberta"",""sal"",""salt"",""natural""]",clam aberta natural salt clam aberta natural salt,
food,ca0cf455-c902-5e38-ba32-cbd68816e3fa,,Amêijoa crua,Clam Raw,"Clam, Raw",,"[""amêijoa"",""ameijoa"",""clam"",""crua"",""raw""]",clam raw clam raw,
food,77b1ee5e-764f-5adf-804a-21262c97393d,,Amêijoas à Bulhão Pato,Clams Bulhao Pato,,,"[""amêijoas"",""ameijoas"",""amêijoa"",""bulhão"",""bulhao"",""pato"",""duck"",""clams""]",clams bulhao pato clams bulhao pato duck,
food,cc460d6d-36c2-52d6-8986-ce083bf20b46,,"Amêndoa, miolo, com pele",Almond with Skin,,,"[""amêndoa"",""amendoa"",""almond"",""miolo"",""pele"",""with"",""skin""]",almond with skin almond with skin pele,
food,6f1ebf02-a1d5-56ba-ab46-679b6dabd5cc,,"Amêndoa, miolo, torrada, sem pele",Almond Toasted Skinless,"Almond Toasted, Skinless",,"[""amêndoa"",""amendoa"",""almond"",""miolo"",""torrada"",""pele"",""toasted"",""skinless""]",almond toasted skinless almond toasted skinless pele,
food,1264024f-1f68-50b5-801f-36630eb5b80a,,Ananás,Pineapple,,,"[""fruta"",""fruit"",""ananáses"",""abacaxis"",""pineapples"",""ananás"",""ananas"",""ananá"",""pineapple""]",pineapple pineapple abacaxis pineapples,
food,184f092b-5f02-59cb-a611-7813f5eb3903,,Ananás desidratado,Dehydrated Pineapple,,,"[""ananás"",""ananas"",""ananá"",""pineapple"",""desidratado"",""dehydrated"",""dried""]",dehydrated pineapple dehydrated pineapple,
food,4710057b-848c-5e27-b2dd-f9c5f201c349,,"Ananás, conserva em calda de açúcar",Pineapple Canned in Sugar Syrup,,,"[""ananás"",""ananas"",""ananá"",""pineapple"",""conserva"",""canned"",""calda"",""açúcar"",""acucar"",""sugar"",""in"",""syrup""]",pineapple canned in sugar syrup pineapple canned in sugar syrup,
food,b76d56f2-9c64-59b3-bbda-c223e9b3959d,,"Anchova, conserva em óleo, escorrido",Anchova Canned Oleo Escorrido,"Anchovy Canned Oil, Drained",,"[""anchova"",""anchovy"",""conserva"",""canned"",""óleo"",""oleo"",""oil"",""escorrido""]",anchova canned oleo escorrido anchova canned oleo escorrido anchovy oil,
food,fbe09080-ac7e-5089-9db6-a7b077501ec9,,Anona,Anona,Custard Apple,,"[""anona"",""cherimoya"",""custard"",""apple""]",anona anona cherimoya custard apple,
food,c8c088e0-d818-504c-90b0-d7a456b1d4ca,,Anona desidratada,Dehydrated Anona,Dehydrated Custard Apple,,"[""anona"",""cherimoya"",""custard"",""apple"",""desidratada"",""dehydrated"",""dried""]",dehydrated anona dehydrated anona cherimoya custard apple,
food,bcf94e74-e408-52a3-89f6-cd3ffd09d3d6,,Arroz,Rice,,,"[""arroz"",""rice"",""branco"",""white"",""cru"",""raw""]",rice rice,
food,8bbe1f72-4770-528d-b94e-f0f7a77279ca,,Arroz (cozido),Cooked Rice,,,"[""arroz"",""branco"",""white"",""rice"",""cozido"",""baked"",""cooked"",""boiled""]",cooked rice cooked rice,
food,2b2c0e99-18ee-5d4d-9c1c-7371ceb497c5,,Arroz agulha cru,Needle Rice Raw,"Needle Rice, Raw",,"[""arroz"",""rice"",""agulha"",""cru"",""raw"",""needle""]",needle rice raw needle rice raw agulha,
food,1a5d493c-2770-56dd-a566-d72a843c6778,,Arroz arbóreo,Arborio Rice,,,"[""arroz"",""arbóreo"",""carnaroli"",""arborio"",""rice"",""arboreo""]",arborio rice arborio rice arboreo carnaroli,
food,a5b55d77-77be-56ef-ac0b-db3d73bcb532,,Arroz arbóreo (cozido),Arborio Rice (cooked),,,"[""arroz"",""arbóreo"",""carnaroli"",""arborio"",""rice"",""cozido"",""baked"",""arboreo"",""cooked"",""boiled""]",arborio rice cooked arborio rice cooked arboreo carnaroli,
food,63b4601b-df19-5436-b26d-4e7a1f34d755,,Arroz basmati,Basmati Rice,,,"[""arroz"",""basmati"",""rice""]",basmati rice basmati rice,
food,f84d33fe-ae16-5070-8d23-bbb6f19c26c3,,Arroz basmati (ao vapor),Basmati Rice (vapor),,,"[""arroz"",""basmati"",""rice"",""vapor""]",basmati rice vapor basmati rice vapor,
food,8e7b6100-87a4-5400-b0be-db14df3b21c1,,Arroz carolino branqueado cru,Carolino Rice Branqueado Raw,"Carolino Rice Blanched, Raw",,"[""arroz"",""rice"",""carolino"",""branqueado"",""cru"",""raw""]",carolino rice branqueado raw carolino rice branqueado raw,
food,61d525a2-59ee-56da-a4c5-a6e6146bf550,,Arroz cozido simples,Simple Cooked Rice,,,"[""arroz"",""rice"",""cozido"",""cooked"",""boiled"",""simples"",""simple""]",simple cooked rice simple cooked rice,
food,a7892ec0-6b9a-52ac-8a9f-5b70fc7b58d8,,Arroz de bacalhau,Rice with Cod,,,"[""arroz"",""rice"",""bacalhau"",""cod"",""with""]",rice with cod rice with cod,
food,2673ebd3-c84b-599d-8c9c-72faa900423a,,Arroz de bacalhau com margarina,Rice with Cod Margarine,,,"[""arroz"",""rice"",""bacalhau"",""cod"",""margarina"",""margarine"",""with""]",rice with cod margarine rice with cod margarine margarina,
food,ffe06d15-589e-5568-be79-72e667bce2ba,,Arroz de cabidela,Rice with Cabidela,,,"[""arroz"",""rice"",""cabidela"",""with""]",rice with cabidela rice with cabidela,
food,3d2a7a3f-86c5-5517-b508-ae7e2317be1f,,Arroz de cenoura com azeite,Rice with Carrot Olive Oil,,,"[""arroz"",""rice"",""cenoura"",""carrot"",""azeite"",""olive"",""oil"",""with""]",rice with carrot olive oil rice with carrot olive oil,
food,c31dad5f-e163-5acd-b0c1-1eb217c69033,,Arroz de ervilhas,Rice with Peas,,,"[""arroz"",""rice"",""ervilhas"",""ervilha"",""peas"",""with""]",rice with peas rice with peas ervilhas ervilha,
food,0b8f8085-328a-55f8-8fe5-5c19c053d4fd,,Arroz de feijão,Rice with Bean,,,"[""arroz"",""rice"",""feijão"",""feijao"",""bean"",""beans"",""with""]",rice with bean rice with bean beans,
food,26545bb7-c05b-5970-bd68-036f1d4a8a56,,Arroz de frango,Rice with Chicken,,,"[""arroz"",""rice"",""frango"",""chicken"",""with""]",rice with chicken rice with chicken frango,
food,639c5974-035e-5804-b54c-42f00fcb8b08,,Arroz de frango com feijão e chouriço,Rice with Chicken Bean,,,"[""arroz"",""rice"",""frango"",""chicken"",""feijão"",""feijao"",""bean"",""beans"",""chouriço"",""chourico"",""sausage"",""with""]",rice with chicken bean rice with chicken bean frango beans sausage,
food,fd475705-47c9-560f-b11c-047cd5d4b7f6,,Arroz de frango malandrinho à moda de Monção,Moncao-Style Chicken Rice,,,"[""arroz"",""rice"",""frango"",""chicken"",""malandrinho"",""moda"",""monção"",""moncao"",""style""]",moncao style chicken rice moncao style chicken rice frango malandrinho moda,
food,e568aee7-544a-5fc1-85ea-844bcc1b4b9d,,Arroz de gambas,Rice with Gambas,Rice with Prawns,,"[""arroz"",""rice"",""gambas"",""gamba"",""shrimp"",""prawn"",""with""]",rice with gambas rice with gambas gamba shrimp prawn,
food,2642c245-e598-5a06-91bb-edc219c7fc9c,,Arroz de lulas,Rice with Lulas,Rice with Squid,,"[""arroz"",""rice"",""lulas"",""lula"",""with""]",rice with lulas rice with lulas lula,
food,9d605b9d-5154-5524-ab2b-72aba1297533,,Arroz de manteiga,Rice with Butter,,,"[""arroz"",""rice"",""manteiga"",""butter"",""with""]",rice with butter rice with butter,
food,1ac3f8f8-f9ae-5867-a802-91fa44d92b40,,Arroz de marisco,Rice with Seafood,,,"[""arroz"",""rice"",""marisco"",""with"",""seafood""]",rice with seafood rice with seafood marisco,
food,e9887516-549b-538c-8ddf-4a24277f1e7d,,Arroz de pato,Rice with Pato,Rice with Duck,,"[""arroz"",""rice"",""pato"",""duck"",""with""]",rice with pato rice with pato duck,
food,9b876310-33dd-56a3-8a8e-185a53e0f437,,Arroz de peixe,Rice with Fish,,,"[""arroz"",""rice"",""peixe"",""fish"",""with""]",rice with fish rice with fish,
food,9d943a54-ff58-598e-8a81-a94ab96a9ffe,,Arroz de peixe com ervilhas,Rice with Fish Peas,,,"[""arroz"",""rice"",""peixe"",""fish"",""ervilhas"",""ervilha"",""peas"",""with""]",rice with fish peas rice with fish peas ervilhas ervilha,
food,749ff196-9493-50ad-903a-7e17dd03cc0f,,Arroz de polvo com azeite,Rice with Octopus Olive Oil,,,"[""arroz"",""rice"",""polvo"",""octopus"",""azeite"",""olive"",""oil"",""with""]",rice with octopus olive oil rice with octopus olive oil polvo,
food,7daf1090-e8ea-576c-8097-2e0fb3c129a0,,Arroz de polvo com tomate ,Rice with Octopus Tomato,,,"[""arroz"",""rice"",""polvo"",""octopus"",""tomate"",""tomato"",""with""]",rice with octopus tomato rice with octopus tomato polvo,
food,db6e7821-1ec9-5155-8c1f-52792404ce06,,Arroz de polvo com tomate e vinho,Rice with Octopus Tomato Wine,,,"[""arroz"",""rice"",""polvo"",""octopus"",""tomate"",""tomato"",""vinho"",""wine"",""with""]",rice with octopus tomato wine rice with octopus tomato wine polvo,
food,2125b9ac-a45a-51eb-9cbb-dd4075ec46b4,,Arroz de tamboril,Rice with Tamboril,Rice with Monkfish,,"[""arroz"",""rice"",""tamboril"",""monkfish"",""fish"",""with""]",rice with tamboril rice with tamboril monkfish,
food,0966c622-3562-5cc5-89fc-aa01ea054828,,Arroz de tamboril malandrinho,Monkfish Rice,,,"[""arroz"",""rice"",""tamboril"",""monkfish"",""fish"",""malandrinho""]",monkfish rice monkfish rice tamboril malandrinho,
food,e96067b1-7044-5c6c-9653-684f8c4b5d26,,Arroz de tomate com azeite,Rice with Tomato Olive Oil,,,"[""arroz"",""rice"",""tomate"",""tomato"",""azeite"",""olive"",""oil"",""with""]",rice with tomato olive oil rice with tomato olive oil,
food,67f0881c-9ee0-51af-b8ca-d1c435cf4d09,,Arroz de tomate com margarina,Rice with Tomato Margarine,,,"[""arroz"",""rice"",""tomate"",""tomato"",""margarina"",""margarine"",""with""]",rice with tomato margarine rice with tomato margarine margarina,
food,04676a96-e30c-544d-9f5c-e2e28e91ca8e,,Arroz de tomate malandrinho,Tomato Rice,,,"[""arroz"",""rice"",""tomate"",""tomato"",""malandrinho""]",tomato rice tomato rice malandrinho,
food,eb512af4-e622-57a0-81f4-7e653e1aa4fe,,Arroz doce,Rice Pudding,,,"[""arroz"",""rice"",""doce"",""sweet"",""pudding""]",rice pudding rice pudding sweet,
food,08e6b0a7-628a-5e42-b337-313a282cf0b2,,Arroz integral cru,Brown Rice Raw,"Brown Rice, Raw",,"[""arroz"",""rice"",""integral"",""wholegrain"",""wholemeal"",""cru"",""raw"",""brown""]",brown rice raw brown rice raw wholegrain wholemeal,
food,e77c9ed0-c971-53e7-9ed5-03dd6aeb8e86,,Arroz à valenciana,Rice Valenciana,,,"[""arroz"",""rice"",""valenciana""]",rice valenciana rice valenciana,
food,a70e580c-ba23-57a9-948b-d9d3ddd61186,,Atum conserva em óleo,Tuna Canned Oleo,Tuna Canned Oil,,"[""atum"",""tuna"",""conserva"",""canned"",""óleo"",""oleo"",""oil""]",tuna canned oleo tuna canned oleo oil,
food,09bcf6a3-e4e5-515c-813d-502d072eafb4,,Atum de cebolada,Tuna Cebolada,Tuna Onion Sauce,,"[""atum"",""tuna"",""cebolada""]",tuna cebolada tuna cebolada,
food,d396892b-f1b8-5120-a7ac-4b13e9c69b6b,,Atum em lata (em azeite),Tuna Canned (olive Oil),"Tuna, Canned (olive Oil)",Bom Petisco,"[""canned"",""atum"",""tuna"",""enlatados"",""lata"",""azeite"",""olive"",""oil"",""bom"",""petisco""]",tuna canned olive oil bom petisco tuna canned olive oil bom petisco enlatados lata,
food,6bb181d0-f28c-5b57-bd11-40fd309904e6,,Atum fresco cru,Tuna Fresh Raw,"Tuna Fresh, Raw",,"[""atum"",""tuna"",""fresco"",""cru"",""raw"",""fresh""]",tuna fresh raw tuna fresh raw,
food,23714278-2954-52cd-bb0f-37b6063b2f8f,,Atum fresco grelhado,Tuna Fresh Grilled,"Tuna Fresh, Grilled",,"[""atum"",""tuna"",""fresco"",""grelhado"",""grilled"",""fresh""]",tuna fresh grilled tuna fresh grilled,
food,9bf16255-5700-54cc-8c71-721be7970cde,,"Avelã, miolo","Hazelnut, Kernel",,,"[""avelã"",""avela"",""miolo"",""hazelnut"",""kernel""]",hazelnut kernel hazelnut kernel avela,
food,ce5fc322-a261-5c22-8537-52ac487cf71e,,Azeite,Olive Oil,,,"[""azeites"",""olive"",""oil"",""azeite""]",olive oil olive oil azeites,
food,5746390f-04d0-50cd-bf4a-0cb61c49f5fa,,Azeite (4 marcas),Olive Oil (4 Marcas),Olive Oil (4 Brands),,"[""azeite"",""olive"",""oil"",""marcas"",""marca""]",olive oil 4 marcas olive oil marcas marca,
food,f2905486-8828-5f34-a53a-463e6dd236c5,,Azeitona,Olive,,,"[""azeitona"",""olive""]",olive olive azeitona,
food,8ad3fe3c-c866-50ae-9ccd-642ee263ddc0,,Azeitona sem caroço,Seedless Olive,,,"[""fruta"",""fruit"",""azeitonas"",""olives"",""caroço"",""pit"",""azeitona"",""olive"",""caroco"",""seedless""]",seedless olive seedless olive azeitonas olives caroco pit azeitona,
food,4cf299e1-6d09-5473-b760-e6b7b119ca23,,Açafrão,Saffron,,,"[""açafrão"",""acafrao"",""saffron""]",saffron saffron,
food,1fc59144-2790-5e80-aaa5-c7861721f767,,Açafrão-da-índia seco,Acafrao-da-india Dried,"Turmeric, Dried",,"[""açafrão"",""acafrao"",""saffron"",""índia"",""india"",""seco"",""dried"",""da""]",acafrao da india dried acafrao da india dried saffron,
food,afcae0ba-3f22-58bc-a7af-3f2fbbeb412c,,Açorda,Bread Soup,,,"[""açorda"",""acorda"",""bread"",""soup""]",bread soup bread soup,
food,a73fe975-2ba9-5450-8114-6c6111152b96,,Açorda de bacalhau,Bread Soup Cod,,,"[""açorda"",""acorda"",""bread"",""soup"",""bacalhau"",""cod""]",bread soup cod bread soup cod,
food,708d7810-cf2c-59d6-a3db-3c0aa1168777,,Açorda de marisco,Bread Soup Seafood,,,"[""açorda"",""acorda"",""bread"",""soup"",""marisco"",""seafood""]",bread soup seafood bread soup seafood marisco,
food,b20e1bd3-4a54-56de-a172-9ce768074868,,Açorda de ovo,Bread Soup Egg,,,"[""açorda"",""acorda"",""bread"",""soup"",""ovo"",""egg""]",bread soup egg bread soup egg,
food,170e8067-11c1-5595-9bb8-71f733790ace,,Açorda à alentejana,Bread Soup Alentejana,,,"[""açorda"",""acorda"",""bread"",""soup"",""alentejana""]",bread soup alentejana bread soup alentejana,
food,9c745ee7-03fa-56bb-bca2-c5ef2e150310,,Açúcar,Sugar,,,"[""açúcar"",""sugar"",""acucar""]",sugar sugar,
food,9dc36312-9ad0-525a-995f-c9a5971250bc,,Açúcar amarelo,Yellow Sugar,,,"[""açúcar"",""acucar"",""sugar"",""amarelo"",""yellow""]",yellow sugar yellow sugar,
food,f1baa23f-a663-509a-94fd-38e75b3e36be,,Açúcar branco,White Sugar,,,"[""açúcar"",""acucar"",""sugar"",""branco"",""white""]",white sugar white sugar,
food,e11bb5f4-6b8e-5d89-842a-488a950e47dd,,Açúcar Mascavado,Brown Sugar,,,"[""açúcar"",""mascavado"",""brown"",""sugar"",""acucar""]",brown sugar brown sugar mascavado,
food,6c1b50d9-b789-53ea-884e-8fe4b638e678,,Bacalhau assado no forno,Cod Roasted Forno,Cod Roasted Oven,,"[""bacalhau"",""assado"",""codfish"",""roasted"",""forno"",""oven"",""cod""]",cod roasted forno cod roasted forno codfish oven,
food,9583b2ed-881c-5077-8e28-63a376fed136,,Bacalhau assado no forno com azeite,Cod Roasted Forno Olive Oil,Cod Roasted Oven Olive Oil,,"[""bacalhau"",""cod"",""assado"",""roasted"",""forno"",""azeite"",""olive"",""oil""]",cod roasted forno olive oil cod roasted forno olive oil,
food,2fcf1002-6a98-5702-b2d5-124679c6e863,,Bacalhau com natas,Cod with Cream,,,"[""bacalhau"",""cod"",""natas"",""nata"",""with"",""cream""]",cod with cream cod with cream,
food,97ac534d-7b29-54ca-98dd-7a81bd2ea3e1,,"Bacalhau com natas, com queijo ralado",Cod Cheese Grated,"Cod Cheese, Grated",,"[""bacalhau"",""cod"",""natas"",""nata"",""queijo"",""cheese"",""ralado"",""grated""]",cod cheese grated cod cheese grated,
food,bf54e39a-3899-50ac-8a64-edee6b11de5c,,Bacalhau cozido,Cod Cooked,"Cod, Cooked",,"[""bacalhau"",""cod"",""cozido"",""cooked"",""boiled""]",cod cooked cod cooked,
food,a622e1a6-aade-5c26-92a1-0d29d1644b58,,Bacalhau fresco cozido,Cod Fresh Cooked,"Cod Fresh, Cooked",,"[""bacalhau"",""cod"",""fresco"",""cozido"",""cooked"",""boiled"",""fresh""]",cod fresh cooked cod fresh cooked,
food,426be2ae-7542-549a-8a23-6d9c8440f2de,,Bacalhau fresco cru,Cod Fresh Raw,"Cod Fresh, Raw",,"[""bacalhau"",""cod"",""fresco"",""cru"",""raw"",""fresh""]",cod fresh raw cod fresh raw,
food,befcaf86-a57f-566c-9d43-dceb6b1d7bb5,,Bacalhau grelhado,Cod Grilled,"Cod, Grilled",,"[""bacalhau"",""cod"",""grelhado"",""grilled""]",cod grilled cod grilled,
food,4cb8f86e-20f4-596e-9c50-88c20078269a,,"Bacalhau seco e salgado, demolhado cru",Raw Soaked Dried Salted Cod,,,"[""bacalhau"",""cod"",""seco"",""dried"",""salgado"",""salted"",""demolhado"",""cru"",""raw"",""soaked""]",raw soaked dried salted cod raw soaked dried salted cod salgado demolhado,
food,abbaeef2-4676-5f71-9f24-3c1a52be9944,,Bacalhau à Brás,Bacalhau A Bras,Salt Cod à Brás,,"[""bacalhau"",""cod"",""brás"",""bras""]",bacalhau a bras bacalhau bras cod,
food,61e179c6-ea63-582f-b5e8-8c3bab551776,,Bacalhau à Brás com azeite,Bacalhau A Bras Olive Oil,Salt Cod à Brás Olive Oil,,"[""bacalhau"",""cod"",""brás"",""bras"",""azeite"",""olive"",""oil""]",bacalhau a bras olive oil bacalhau bras olive oil cod,
food,1f8a02ad-0ed3-5edc-ae2c-cc31b9959ee2,,Bacalhau à Brás com azeite e azeitonas,Bacalhau A Bras Olive Oil Olives,Salt Cod à Brás Olive Oil Olives,,"[""bacalhau"",""cod"",""brás"",""bras"",""azeite"",""olive"",""oil"",""azeitonas"",""azeitona"",""olives""]",bacalhau a bras olive oil olives bacalhau bras olive oil olives cod azeitonas azeitona,
food,e5df9309-f176-55ce-9854-10211fc72c1d,,Bacalhau à Gomes de Sá,Bacalhau A Gomes De Sa,Salt Cod A Gomes De Sa,,"[""bacalhau"",""cod"",""gomes"",""gome"",""de"",""sa""]",bacalhau a gomes de sa bacalhau gomes de sa cod gome,
food,587af921-94f5-5422-8918-d32ad65856e1,,"Bacalhau à Gomes de Sá, com azeite",Bacalhau A Gomes De Sa Olive Oil,Salt Cod A Gomes De Sa Olive Oil,,"[""bacalhau"",""cod"",""gomes"",""gome"",""azeite"",""olive"",""oil"",""de"",""sa""]",bacalhau a gomes de sa olive oil bacalhau gomes de sa olive oil cod gome,
food,3ad439ad-f889-5fdc-90f1-b74141c773e6,,Bacon,Bacon,,,"[""bacon""]",bacon bacon,
food,359339e0-099f-5dfa-9d00-92c5bfd9cfbd,,"Bacon, grelhado sem adição de sal",Bacon Grilled without Added Salt,"Bacon, Grilled without Added Salt",,"[""bacon"",""grelhado"",""grilled"",""sal"",""salt"",""without"",""added""]",bacon grilled without added salt bacon grilled without added salt,
food,794d4495-4708-5a97-8d3c-1a97946ab44d,,Bagas goji secas,Bagas Goji Secas,"Berries Goji, Dried",,"[""bagas"",""baga"",""goji"",""secas"",""seca""]",bagas goji secas bagas goji secas baga,
food,665ef63a-20d7-5f5c-882a-6a4ff3b4aeb5,,Banana,Banana,,,"[""fruta"",""fruit"",""bananas"",""banana""]",banana banana bananas,
food,7a2755b9-dfd9-50ff-b6b1-8b0d10dc9669,,Banha de porco,Lard Pork,,,"[""banha"",""porco"",""pork"",""lard""]",lard pork lard pork banha,
food,d49417f8-8d17-5703-a993-3b7f7b0c39e5,,Base em pó para bebida de ananás,Pineapple Drink Powder,,,"[""bebida"",""drink"",""beverage"",""ananás"",""ananas"",""ananá"",""pineapple"",""powder""]",pineapple drink powder pineapple drink powder bebida beverage,
food,8c461017-f94c-53e2-849f-a67a3846e9d6,,Base em pó para bebida de laranja,Orange Drink Powder,,,"[""bebida"",""drink"",""beverage"",""laranja"",""orange"",""powder""]",orange drink powder orange drink powder bebida beverage,
food,e0da5648-f8a3-58c4-b27b-14400f7f8566,,"Batata assada com pele, sem sal (só a polpa)",Potato Roasted with Skin Salt (so Polpa),"Potato, Roasted with Skin, Unsalted (Flesh Only)",,"[""batata"",""potato"",""assada"",""roasted"",""pele"",""sal"",""salt"",""with"",""skin"",""so"",""polpa""]",potato roasted with skin salt so polpa potato roasted with skin salt so polpa pele,
food,fcd92511-f158-547b-83f7-ba6a6285044c,,Batata assada no forno,Potato Roasted Forno,Potato Roasted Oven,,"[""batata"",""potato"",""assada"",""roasted"",""forno""]",potato roasted forno potato roasted forno,
food,04007837-0f63-53c8-b107-c19057c55d5f,,Batata cozida,Potato Cooked,"Potato, Cooked",,"[""batata"",""potato"",""cozida"",""cooked"",""boiled""]",potato cooked potato cooked,
food,7f86c7d5-b849-5874-8c0f-4f98752dc05a,,Batata crua,Potato Raw,"Potato, Raw",,"[""batata"",""batatas"",""potato"",""potatoes"",""raw"",""crua"",""legume"",""vegetable""]",potato raw potato raw potatoes,
food,c026b0c4-e8ca-5a5d-ab95-f95b2d9a2348,,Batata Doce,Sweet Potato,,,"[""batatas"",""doces"",""sweet"",""potatoes"",""batata"",""doce"",""potato"",""legume"",""vegetable""]",sweet potato sweet potato doces potatoes,
food,e3c5e204-e13f-5770-bdc6-e9c9e7e80581,,Batata doce assada,Baked Sweet Potato,,,"[""batata"",""potato"",""doce"",""sweet"",""assada"",""roasted"",""baked""]",baked sweet potato baked sweet potato,
food,9e4f8ed2-702b-54dc-b983-c57db16a5502,,Batata doce crua,Raw Sweet Potato,,,"[""batata"",""batatas"",""doce"",""doces"",""sweet"",""potato"",""potatoes"",""raw"",""crua"",""legume"",""vegetable""]",raw sweet potato raw sweet potato doces potatoes,
food,fbdd52aa-861a-5115-8153-e9a016bed1ed,,"Batata estufada com cebola, azeite e óleo alimentar",Potato Stewed Onion Olive Oil Cooking Oil,,,"[""batata"",""potato"",""estufada"",""stewed"",""cebola"",""onion"",""azeite"",""olive"",""oil"",""óleo"",""oleo"",""alimentar"",""cooking""]",potato stewed onion olive oil cooking oil potato stewed onion olive oil cooking estufada oleo alimentar,
food,0b404b0a-6e8b-55cf-8840-cd85b35c965b,,Batata frita caseira (em palitos),Potato Fried Caseira (palitos),"Potato Fried, Homemade (Strips)",,"[""batata"",""potato"",""frita"",""fried"",""caseira"",""palitos"",""palito""]",potato fried caseira palitos potato fried caseira palitos frita palito,
food,b8edda5f-6e88-5d6f-ad7c-30a79c5ccf6b,,"Batata frita, de pacote (em rodelas)",Potato Fried Pacote (rodelas),,,"[""batata"",""potato"",""frita"",""fried"",""pacote"",""rodelas"",""rodela""]",potato fried pacote rodelas potato fried pacote rodelas frita rodela,
food,2f97dfe3-7125-567a-9f96-d2a189109522,,"Batata, fécula",Potato Fecula,,,"[""batata"",""potato"",""fécula"",""fecula""]",potato fecula potato fecula,
food,37300456-a352-5558-ad39-7955e618aefe,,Batatas,Potatoes,,,"[""batatas"",""potatoes"",""batata""]",potatoes potatoes,
food,4b3f6158-a73a-56c1-9e92-16627109d7c0,,Batatas assadas,Baked Potatoes,,,"[""batatas"",""assadas"",""roasted"",""potatoes"",""batata"",""assada"",""baked""]",baked potatoes baked potatoes,
food,dbed10de-9a90-5845-af7a-32ce82feaeab,,Batatas cozidas,Boiled Potatoes,,,"[""batatas"",""cozidas"",""baked"",""potatoes"",""batata"",""cozida"",""cooked"",""boiled""]",boiled potatoes boiled potatoes,
food,83bd4e14-661a-506c-b444-f581e2747b36,,Batatas fritas,French Fries,,,"[""batatas"",""fritas"",""deep"",""fried"",""potatoes"",""french"",""fries"",""batata"",""frita""]",french fries french fries deep potatoes frita,
food,069597c2-058b-5dfb-b998-bdc519940f5a,,Baço de porco,Baco Pork,Spleen Pork,,"[""baço"",""baco"",""porco"",""pork""]",baco pork baco pork,
food,13f0a7ad-8871-5b68-bdd9-9e4d7053d089,,"Bebida refrigerante, cola",Cola Soft Drink,,,"[""bebida"",""drink"",""beverage"",""refrigerante"",""soda"",""soft"",""cola""]",cola soft drink cola soft drink bebida beverage refrigerante soda,
food,83d6400c-f574-595f-8195-1cdcd10d9e21,,"Bebida refrigerante, cola sem açúcar",Sugar-Free Cola Soft Drink,,,"[""bebida"",""drink"",""beverage"",""refrigerante"",""soda"",""soft"",""cola"",""açúcar"",""acucar"",""sugar"",""free""]",sugar free cola soft drink sugar free cola soft drink bebida beverage refrigerante soda,
food,583895cf-be36-5940-bb9d-ed96aa90f4df,,"Bebida refrigerante, gasosa",Lemon-Lime Soft Drink,,,"[""bebida"",""drink"",""beverage"",""refrigerante"",""soda"",""soft"",""gasosa"",""lemon"",""lime""]",lemon lime soft drink lemon lime soft drink bebida beverage refrigerante soda gasosa,
food,63a6d814-cbfe-5045-95e6-201512c963b1,,"Bebida refrigerante, laranja",Orange Soft Drink,,,"[""bebida"",""drink"",""beverage"",""refrigerante"",""soda"",""soft"",""laranja"",""orange""]",orange soft drink orange soft drink bebida beverage refrigerante soda,
food,f7ea6589-7a34-52ea-97cf-c91788695592,,"Bebida à base de soja com açúcar, com cálcio, sal e aromas",Soy Drink Sweetened with Calcium with Salt Flavoured,"Soy Drink, Sweetened with Calcium with Salt Flavoured",,"[""bebida"",""drink"",""beverage"",""soja"",""soy"",""açúcar"",""acucar"",""sugar"",""cálcio"",""calcio"",""sal"",""salt"",""aromas"",""aroma"",""sweetened"",""with"",""calcium"",""flavoured""]",soy drink sweetened with calcium with salt flavoured soy drink sweetened with calcium salt flavoured bebida beverage aromas aroma,
food,23dc2c7d-020e-58af-91fd-a72a000f44be,,"Bebida à base de soja com açúcar, sal e aromas",Soy Drink Sweetened with Salt Flavoured,"Soy Drink, Sweetened with Salt Flavoured",,"[""bebida"",""drink"",""beverage"",""soja"",""soy"",""açúcar"",""acucar"",""sugar"",""sal"",""salt"",""aromas"",""aroma"",""sweetened"",""with"",""flavoured""]",soy drink sweetened with salt flavoured soy drink sweetened with salt flavoured bebida beverage aromas aroma,
food,7ef40ef1-0652-5a87-9225-8db8f8cd3a25,,"Bebida à base de soja natural, sem açúcar e sem sal",Soy Drink Unsweetened and Unsalted,,,"[""bebida"",""drink"",""beverage"",""soja"",""soy"",""açúcar"",""acucar"",""sugar"",""sal"",""salt"",""unsweetened"",""and"",""unsalted""]",soy drink unsweetened and unsalted soy drink unsweetened and unsalted bebida beverage,
food,dcd18433-dbfe-5636-b148-84042c0815ed,,Beldroega crua,Beldroega Raw,"Beldroega, Raw",,"[""beldroega"",""crua"",""raw""]",beldroega raw beldroega raw,
food,922291f5-f92f-5835-90ac-6ccf40b38984,,Berbigão aberto ao natural sem sal,Berbigao Aberto Natural Salt,"Cockle Opened Natural, Unsalted",,"[""berbigão"",""berbigao"",""aberto"",""sal"",""salt"",""natural""]",berbigao aberto natural salt berbigao aberto natural salt,
food,53d909e5-04dc-5ba0-b726-c9215721eabf,,Berbigão cru,Berbigao Raw,"Cockle, Raw",,"[""berbigão"",""berbigao"",""cru"",""raw""]",berbigao raw berbigao raw,
food,f2d2aa57-f0aa-56a1-8a26-339f4ca7930d,,Beringela,Eggplant,,,"[""beringela"",""eggplant"",""aubergine""]",eggplant eggplant beringela aubergine,
food,cb74d923-b970-52d1-89db-114f955b88f0,,Beringela crua,Eggplant Raw,"Eggplant, Raw",,"[""beringela"",""beringelas"",""eggplant"",""aubergine"",""raw"",""crua"",""legume"",""vegetable""]",eggplant raw eggplant raw beringela beringelas aubergine,
food,96825495-17b5-5bf8-a4b0-3438b1a1a8f1,,Beringela grelhada com azeite,Eggplant Grilled Olive Oil,,,"[""beringela"",""eggplant"",""aubergine"",""grelhada"",""grilled"",""azeite"",""olive"",""oil""]",eggplant grilled olive oil eggplant grilled olive oil beringela aubergine,
food,22e02480-12eb-546c-a1fe-6c710a13158c,,Besugo cru,Besugo Raw,"Atlantic Seabream, Raw",,"[""besugo"",""cru"",""raw""]",besugo raw besugo raw,
food,4359fefe-dd92-58b7-8950-1588bf719913,,Beterraba,Beterraba,Beetroot,,"[""beterraba"",""beet"",""beetroot""]",beterraba beterraba beet beetroot,
food,50257736-96c3-5d43-bb0d-a394e6990788,,Beterraba (raiz) cozida sem sal,Beterraba (raiz) Cooked Salt,"Beetroot (Root) Cooked, Unsalted",,"[""beterraba"",""beetroot"",""beet"",""raiz"",""cozida"",""cooked"",""boiled"",""sal"",""salt""]",beterraba raiz cooked salt beterraba raiz cooked salt beetroot beet,
food,b717157a-4c20-5fb1-accc-9f914ae15b06,,Beterraba (raiz) crua,Beterraba (raiz) Raw,"Beetroot (Root), Raw",,"[""beterraba"",""beetroot"",""beet"",""raiz"",""crua"",""raw""]",beterraba raiz raw beterraba raiz raw beetroot beet,
food,5341c893-df9a-5649-828d-422cc6c05cd7,,"Bife de atum fresco, estufado com azeite e vinho",Steak Tuna Fresh Stewed Olive Oil Wine,,,"[""bife"",""steak"",""atum"",""tuna"",""fresco"",""estufado"",""stewed"",""azeite"",""olive"",""oil"",""vinho"",""wine"",""fresh""]",steak tuna fresh stewed olive oil wine steak tuna fresh stewed olive oil wine bife estufado,
food,24a059f7-1e3a-5785-b63b-6227919a0211,,"Bife de cavalo, alcatra crua",Steak Cavalo Alcatra Raw,"Steak Horse Rump, Raw",,"[""bife"",""steak"",""cavalo"",""alcatra"",""crua"",""raw""]",steak cavalo alcatra raw steak cavalo alcatra raw bife,
food,1313a8a3-9e4e-5d65-9873-044166508804,,"Bife de cavalo, alcatra frita com manteiga",Steak Cavalo Alcatra Fried Butter,Steak Horse Rump Fried Butter,,"[""bife"",""steak"",""cavalo"",""alcatra"",""frita"",""fried"",""manteiga"",""butter""]",steak cavalo alcatra fried butter steak cavalo alcatra fried butter bife frita,
food,29051e0c-d0ff-5116-b846-73a3b157da13,,"Bife de cavalo, alcatra frita com margarina",Steak Cavalo Alcatra Fried Margarine,Steak Horse Rump Fried Margarine,,"[""bife"",""steak"",""cavalo"",""alcatra"",""frita"",""fried"",""margarina"",""margarine""]",steak cavalo alcatra fried margarine steak cavalo alcatra fried margarine bife frita margarina,
food,06065b1e-4bec-5f11-bd97-4d7925cd2702,,"Bife de cavalo, alcatra frita, sem molho",Steak Cavalo Alcatra Fried Sauce,"Steak Horse Rump, Fried without Sauce",,"[""bife"",""steak"",""cavalo"",""alcatra"",""frita"",""fried"",""molho"",""sauce""]",steak cavalo alcatra fried sauce steak cavalo alcatra fried sauce bife frita,
food,6f65b2bb-4b7e-5505-b0ae-dc7caa3e206c,,"Bife de espadarte, estufado com azeite e vinho",Steak Swordfish Stewed Olive Oil Wine,,,"[""bife"",""steak"",""espadarte"",""estufado"",""stewed"",""azeite"",""olive"",""oil"",""vinho"",""wine"",""swordfish""]",steak swordfish stewed olive oil wine steak swordfish stewed olive oil wine bife espadarte estufado,
food,a7b6a6a7-2975-595e-bd81-60e36a495876,,Bife de porco grelhado,Steak Pork Grilled,"Steak Pork, Grilled",,"[""bife"",""steak"",""porco"",""pork"",""grelhado"",""grilled""]",steak pork grilled steak pork grilled bife,
food,becb1ce2-81e9-552f-a760-496c4f32e6b2,,"Bife de vaca (valor médio de acém, alcatra e lombo) cru","Raw Beef Steak, Average of Chuck, Rump and Loin",,,"[""bife"",""steak"",""vaca"",""beef"",""valor"",""acém"",""acem"",""alcatra"",""lombo"",""loin"",""cru"",""raw"",""average"",""of"",""chuck"",""rump"",""and""]",raw beef steak average of chuck rump and loin raw beef steak average of chuck rump and loin bife vaca valor acem alcatra lombo,
food,c36e879a-b077-5c03-be2a-24605206b2b1,,"Bife de vaca (valor médio de acém, alcatra e lombo) frito com manteiga","Fried Beef Steak, Average of Chuck, Rump and Loin with Butter",,,"[""bife"",""steak"",""vaca"",""beef"",""valor"",""acém"",""acem"",""alcatra"",""lombo"",""loin"",""frito"",""fried"",""manteiga"",""butter"",""average"",""of"",""chuck"",""rump"",""and"",""with""]",fried beef steak average of chuck rump and loin with butter fried beef steak average of chuck rump and loin with butter bife vaca valor acem alcatra lombo,
food,ac853583-943c-5001-9e36-2af0efb96337,,"Bife de vaca (valor médio de acém, alcatra e lombo) frito, sem molho","Fried Beef Steak, Average of Chuck, Rump and Loin without Sauce",,,"[""bife"",""steak"",""vaca"",""beef"",""valor"",""acém"",""acem"",""alcatra"",""lombo"",""loin"",""frito"",""fried"",""molho"",""sauce"",""average"",""of"",""chuck"",""rump"",""and"",""without""]",fried beef steak average of chuck rump and loin without sauce fried beef steak average of chuck rump and loin without sauce bife vaca valor acem alcatra lombo,
food,4328d427-1511-5171-b58f-73e8392eaa2a,,"Bife de vaca (valor médio de acém, alcatra e lombo) grelhado","Grilled Beef Steak, Average of Chuck, Rump and Loin",,,"[""bife"",""steak"",""vaca"",""beef"",""valor"",""acém"",""acem"",""alcatra"",""lombo"",""loin"",""grelhado"",""grilled"",""average"",""of"",""chuck"",""rump"",""and""]",grilled beef steak average of chuck rump and loin grilled beef steak average of chuck rump and loin bife vaca valor acem alcatra lombo,
food,67792170-0c57-5081-b45c-b9921a9710c2,,Bife de vaca com ovo a cavalo com banha,Beef Steak with Fried Egg and Lard,,,"[""bife"",""steak"",""vaca"",""beef"",""ovo"",""egg"",""cavalo"",""banha"",""with"",""fried"",""and"",""lard""]",beef steak with fried egg and lard beef steak with fried egg and lard bife vaca cavalo banha,
food,2761e29f-636b-5792-beb5-a309272a3cff,,Bife de vaca com ovo a cavalo com manteiga,Beef Steak with Fried Egg and Butter,,,"[""bife"",""steak"",""vaca"",""beef"",""ovo"",""egg"",""cavalo"",""manteiga"",""butter"",""with"",""fried"",""and""]",beef steak with fried egg and butter beef steak with fried egg and butter bife vaca cavalo,
food,4c9f5259-42e8-5323-9af8-9ddb6c7348f8,,Bife de vaca à café,Beef Steak with Coffee Sauce,,,"[""bife"",""steak"",""vaca"",""beef"",""café"",""cafe"",""coffee"",""with"",""sauce""]",beef steak with coffee sauce beef steak with coffee sauce bife vaca cafe,
food,e48a8449-3dc7-5f3a-893d-b7fcae9eef83,,Bife de vaca à Marrare com manteiga,Marrare Beef Steak with Butter,,,"[""bife"",""steak"",""vaca"",""beef"",""marrare"",""manteiga"",""butter"",""with""]",marrare beef steak with butter marrare beef steak with butter bife vaca,
food,31756535-d419-5fee-9d50-2eb4fde066b9,,Bife de vaca à Marrare com margarina,Marrare Beef Steak with Margarine,,,"[""bife"",""steak"",""vaca"",""beef"",""marrare"",""margarina"",""margarine"",""with""]",marrare beef steak with margarine marrare beef steak with margarine bife vaca margarina,
food,1ed43414-b9b5-5321-a982-df4fa901c204,,Bife de vitela cru,Steak Veal Raw,"Steak Veal, Raw",,"[""bife"",""steak"",""vitela"",""veal"",""cru"",""raw""]",steak veal raw steak veal raw bife vitela,
food,829f422e-e235-5300-b9e2-4cd8abf4223e,,Bife de vitela frito,Steak Veal Fried,"Steak Veal, Fried",,"[""bife"",""steak"",""vitela"",""veal"",""frito"",""fried""]",steak veal fried steak veal fried bife vitela,
food,b16fb782-0d44-5893-862d-bae406aca793,,Biscoitos caseiros,Biscoitos Caseiros,Homemade Biscuits,,"[""biscoitos"",""biscoito"",""biscuits"",""cookies"",""caseiros"",""caseiro""]",biscoitos caseiros biscoitos caseiros biscoito biscuits cookies caseiro,
food,2821c2ed-727e-5f76-bd6a-56a786302350,,Biscoitos limão,Biscoitos Lemon,Biscuits Lemon,,"[""biscoitos"",""biscoito"",""biscuits"",""cookies"",""limão"",""limao"",""lemon""]",biscoitos lemon biscoitos lemon biscoito biscuits cookies,
food,ebd0d93b-711e-57c2-872b-e580c15ff944,,"Biscoitos, argolas",Biscoitos Argolas,Ring Biscuits,,"[""biscoitos"",""biscoito"",""biscuits"",""cookies"",""argolas"",""argola""]",biscoitos argolas biscoitos argolas biscoito biscuits cookies argola,
food,aeaeb2a5-e8f7-55f6-9e3c-8f0266dfc68b,,"Biscoitos, línguas de gato",Biscoitos Linguas Gato,Cat's Tongue Biscuits,,"[""biscoitos"",""biscoito"",""biscuits"",""cookies"",""línguas"",""linguas"",""língua"",""gato"",""lingua""]",biscoitos linguas gato biscoitos linguas gato biscoito biscuits cookies lingua,
food,3eacb554-8779-54cb-b48a-da8840e320a5,,"Biscoitos, línguas de veado",Biscoitos Linguas Veado,Deer Tongue Biscuits,,"[""biscoitos"",""biscoito"",""biscuits"",""cookies"",""línguas"",""linguas"",""língua"",""veado"",""lingua""]",biscoitos linguas veado biscoitos linguas veado biscoito biscuits cookies lingua,
food,e13ef54d-ad75-5c53-87cc-101b6a9e3245,,"Biscoitos, palitos la Reine",Biscoitos Palitos La Reine,Biscuits Palitos La Reine,,"[""biscoitos"",""biscoito"",""biscuits"",""cookies"",""palitos"",""palito"",""reine"",""la""]",biscoitos palitos la reine biscoitos palitos la reine biscoito biscuits cookies palito,
food,2e6ca910-743f-5f7b-a698-7295f71293a0,,Bola de Berlim sem creme,Berliner without Cream,,,"[""bola"",""berlim"",""creme"",""cream"",""berliner"",""without""]",berliner without cream berliner without cream bola berlim creme,
food,82b2c0b0-9269-5367-8ca2-2c36bbf7dad5,,Bolacha aveia,Oat Cookies,,,"[""bolacha"",""cookie"",""biscuit"",""aveia"",""oat"",""cookies""]",oat cookies oat cookies cookie biscuit,
food,761bc397-b6f5-54ed-b912-44df06fa84d1,,Bolacha Belga,Belgian Cookies,,,"[""bolacha"",""cookie"",""biscuit"",""belga"",""belgian"",""cookies""]",belgian cookies belgian cookies cookie biscuit belga,
food,640c5536-1eec-510a-af69-5ac39fff30cc,,Bolacha chocolate,Chocolate Cookies,,,"[""bolacha"",""cookie"",""biscuit"",""chocolate"",""cookies""]",chocolate cookies chocolate cookies cookie biscuit,
food,07dea562-18b1-54f3-bab0-f506a543ccb9,,Bolacha Cream Cracker,Cream Crackers,,,"[""bolacha"",""cookie"",""biscuit"",""cream"",""cracker"",""crackers""]",cream crackers cream crackers cookie biscuit cracker,
food,3ade297f-ec23-50b9-92ce-8d5621a55465,,Bolacha integral (trigo),Wholegrain Wheat Cookies,,,"[""bolacha"",""cookie"",""biscuit"",""integral"",""wholegrain"",""wholemeal"",""trigo"",""wheat"",""cookies""]",wholegrain wheat cookies wholegrain wheat cookies cookie biscuit wholemeal,
food,9dbf70da-92a6-5eb3-aafb-8e7ee25c0180,,Bolacha manteiga,Butter Cookies,,,"[""bolacha"",""cookie"",""biscuit"",""manteiga"",""butter"",""cookies""]",butter cookies butter cookies cookie biscuit,
food,5a287799-ac70-559a-a0dd-b1c04b0247a3,,Bolacha Maria,Maria Biscuits,,,"[""bolacha"",""cookie"",""biscuit"",""maria"",""biscuits""]",maria biscuits maria biscuits cookie biscuit,
food,9aa18ff1-1611-5266-9dc3-ab12d5ab5f12,,Bolacha torrada,Toasted Cookies,,,"[""bolacha"",""cookie"",""biscuit"",""torrada"",""toasted"",""cookies""]",toasted cookies toasted cookies cookie biscuit,
food,76cefde1-e642-5423-baef-7199de16e302,,Bolacha waffer baunilha,Vanilla Wafers,,,"[""bolacha"",""cookie"",""biscuit"",""waffer"",""baunilha"",""vanilla"",""wafers""]",vanilla wafers vanilla wafers cookie biscuit waffer baunilha,
food,f63f8460-fcb0-51d5-bd5a-c1898af983e7,,Bolacha água e sal,Water Crackers,,,"[""bolacha"",""cookie"",""biscuit"",""água"",""agua"",""water"",""sal"",""salt"",""crackers""]",water crackers water crackers cookie biscuit,
food,bbd0079d-1d59-53d5-80d8-bc1e05cc2dc7,,Bolachas de água e sal,Water Crackers (Continente),,Continente,"[""bolachas"",""água"",""sal"",""water"",""salt"",""cookies"",""bolacha"",""biscuits"",""agua"",""continente"",""crackers""]",water crackers continente continente water crackers continente cookies biscuits,
food,5eee4bc2-dca3-56a1-9f19-3775fc1c0d0a,,Bolachas Digestivas,Digestive Biscuits (Vieira),,Vieira,"[""bolachas"",""cookies"",""digestiva"",""digestive"",""bolacha"",""biscuits"",""digestivas"",""vieira""]",digestive biscuits vieira vieira digestive biscuits vieira cookies digestiva digestivas,
food,01c7361f-21c2-5aa2-b9c9-3e90c03db60a,,Bolachas Digestivas com chocolate,Chocolate Digestive Biscuits (Vieira),,Vieira,"[""bolachas"",""cookies"",""digestiva"",""digestive"",""chocolate"",""bolacha"",""biscuits"",""digestivas"",""vieira""]",chocolate digestive biscuits vieira vieira chocolate digestive biscuits vieira cookies digestiva digestivas,
food,fea729c3-b4f9-5808-ae7e-c27803a1bde8,,Bolo de arroz,Rice Cake,,,"[""bolo"",""cake"",""arroz"",""rice""]",rice cake rice cake bolo,
food,4be8fa69-eb05-50b3-883a-149c17d24bae,,Bolo de bolacha Maria,Maria Biscuit Cake,,,"[""bolo"",""cake"",""bolacha"",""cookie"",""biscuit"",""maria""]",maria biscuit cake maria biscuit cake bolo cookie,
food,0afcc303-e56c-5570-bead-a0cedb5ed68e,,Bolo de chocolate,Chocolate Cake,,,"[""bolo"",""cake"",""chocolate"",""bolos"",""cakes""]",chocolate cake chocolate cake bolo bolos cakes,
food,279a493c-3119-5ad5-bdaf-7f8b0808cddc,,Bolo de coco,Coconut Cake,,,"[""bolo"",""cake"",""coco"",""coconut""]",coconut cake coconut cake bolo coco,
food,3ab64a9b-e764-56c8-a3f3-702ff0a3087b,,Bolo ferradura,Horseshoe Cake,,,"[""bolo"",""cake"",""ferradura"",""horseshoe""]",horseshoe cake horseshoe cake bolo ferradura,
food,d334001c-eeb8-55f1-9741-b200510fc103,,Bolo inglês,English Cake,,,"[""bolo"",""cake"",""inglês"",""ingles"",""inglê"",""english"",""ingle""]",english cake english cake bolo ingles ingle,
food,383a3213-21f8-5198-a041-dabae8de33b6,,Bolo Rei,King Cake (Continente),,Continente,"[""bolo"",""rei"",""cake"",""king"",""continente""]",king cake continente continente king cake continente bolo rei,
food,be61eae6-daa9-5941-a416-cec97ab5128a,,Bolo-Rei,King Cake,,,"[""bolo"",""cake"",""rei"",""king""]",king cake king cake bolo rei,
food,329ed1c8-d1a2-5092-8bd4-c1a04a847664,,Brandy,Brandy,Brandy,,"brandy, aguardente",brandy brandy,
food,5ccea1ec-56ba-5888-9523-52541370629b,,Broa de Milho,Cornbread,,,"[""broa"",""milho"",""pão"",""cornbread"",""corn"",""maize""]",cornbread cornbread broa corn maize,
food,e3844407-7d67-5f3c-9cdc-56c7d51cf2ea,,Broa de Milho Frita,Broa Fried,"Cornbread, Fried",,"[""broa"",""milho"",""pão"",""cornbread"",""corn"",""maize"",""frita"",""fried""]",broa fried broa fried cornbread corn maize frita,
food,b9bcdc35-7719-5235-aa01-4e59a12a86b8,,Brócolos cozidos,Cooked Broccoli,,,"[""brócolos"",""brocolos"",""brócolo"",""broccoli"",""cozidos"",""cozido"",""cooked"",""boiled"",""brocolo""]",cooked broccoli cooked broccoli brocolo,
food,00765b49-04b9-5183-8ac8-773e137c4647,,Brócolos crus,Raw Broccoli,,,"[""brócolos"",""brocolos"",""brócolo"",""broccoli"",""crus"",""raw"",""brocolo""]",raw broccoli raw broccoli brocolo,
food,2f54b290-bc9a-530c-9399-b998983cf428,,Bróculos,Broccoli,,,"[""broculos"",""bróculos"",""brocolli"",""bróculo"",""broccoli""]",broccoli broccoli broculos brocolli,
food,26939b3b-fad2-5aef-8d9c-d52bef3e6fe9,,Bróculos (cozidos),Cooked Broccoli (Alternate Entry),,,"[""broculos"",""bróculos"",""brocolli"",""bróculo"",""cozidos"",""cozido"",""cooked"",""boiled"",""broccoli"",""alternate"",""entry""]",cooked broccoli alternate entry cooked broccoli alternate entry broculos brocolli,
food,df8d1ed7-8248-5c29-8126-cbcf2990cbc9,,Bulgur,Bulgur,,,"[""bulgur""]",bulgur bulgur,
food,9d79712d-1ec2-53f7-92c3-32cdfc48113b,,Búzio cru,Buzio Raw,"Whelk, Raw",,"[""búzio"",""buzio"",""cru"",""raw""]",buzio raw buzio raw,
food,9578e096-7d09-5716-aa32-e0f039b48c73,,Cabeça de porco,Cabeca Pork,Head Pork,,"[""cabeça"",""cabeca"",""porco"",""pork""]",cabeca pork cabeca pork,
food,7db69d97-4a25-5867-a08e-20aefbb29d59,,Cacau em pó,Cacau Po,Cocoa Powder,,"[""cacau"",""po""]",cacau po cacau po,
food,90162b15-6a80-5402-9fa1-59108898e1ca,,Cachaço de vaca cru,Cachaco Beef Raw,"Cachaco Beef, Raw",,"[""cachaço"",""cachaco"",""vaca"",""beef"",""cru"",""raw""]",cachaco beef raw cachaco beef raw vaca,
food,1eb88526-cf28-5ba9-860e-3e9661e4f37e,,Cachucho cru,Cachucho Raw,"Cachucho, Raw",,"[""cachucho"",""cru"",""raw""]",cachucho raw cachucho raw,
food,81eca528-90a0-573c-b395-2a363f1f8674,,Café (sem açúcar),Cafe (sugar),Coffee (sugar-free),,"[""café"",""coffee"",""espresso"",""sem"",""açúcar"",""without"",""sugar"",""cafe"",""acucar""]",cafe sugar cafe sugar coffee espresso,
food,f9d8c8d6-2821-5911-aff3-77d4db8a09d7,,Café solúvel em pó com cafeína,Cafe Soluvel Po Cafeina,Coffee Soluble Powder Caffeine,,"[""café"",""cafe"",""coffee"",""solúvel"",""soluvel"",""cafeína"",""cafeina"",""po""]",cafe soluvel po cafeina cafe soluvel po cafeina coffee,
food,855b7b6b-11bb-52ed-ad22-53987f638a84,,Café solúvel em pó descafeinado,Cafe Soluvel Po Descafeinado,"Coffee Soluble Powder, Decaffeinated",,"[""café"",""cafe"",""coffee"",""solúvel"",""soluvel"",""descafeinado"",""po""]",cafe soluvel po descafeinado cafe soluvel po descafeinado coffee,
food,dff105f4-4324-52f0-88f2-2e1a89616723,,"Café, infusão - bica (3 marcas)",Cafe Infusao - Bica (3 Marcas),Coffee Infusion - Espresso (3 Brands),,"[""café"",""cafe"",""coffee"",""infusão"",""infusao"",""bica"",""marcas"",""marca""]",cafe infusao bica 3 marcas cafe infusao bica marcas coffee marca,
food,86725de7-7d71-593e-8fc5-2b7ca34f0eac,,"Café, infusão - café de cafeteira (3 marcas)",Cafe Infusao - Cafe Cafeteira (3 Marcas),Coffee Infusion - Moka Pot Coffee (3 Brands),,"[""café"",""cafe"",""coffee"",""infusão"",""infusao"",""cafeteira"",""marcas"",""marca""]",cafe infusao cafe cafeteira 3 marcas cafe infusao cafeteira marcas coffee marca,
food,b4d7eb7c-e83a-5649-bb11-cfc6b8936d56,,"Café, infusão - carioca (2 marcas)",Cafe Infusao - Carioca (2 Marcas),Coffee Infusion - Carioca (2 Brands),,"[""café"",""cafe"",""coffee"",""infusão"",""infusao"",""carioca"",""marcas"",""marca""]",cafe infusao carioca 2 marcas cafe infusao carioca marcas coffee marca,
food,d845ffba-2ede-5385-b8d9-e6dbda702bac,,"Café, infusão - valor médio (bica 60% e café de cafeteira 40%)",Cafe Infusao - Valor Medio (bica Cafe Cafeteira),Coffee Infusion - Average Value (Espresso Moka Pot Coffee),,"[""café"",""cafe"",""coffee"",""infusão"",""infusao"",""valor"",""bica"",""60%"",""cafeteira"",""40%"",""medio"",""60"",""40""]",cafe infusao valor medio bica cafe cafeteira cafe infusao valor medio bica cafeteira coffee 60 40,
food,a2b2686c-76c0-5e01-95b5-3fb9d4fd24ff,,Caldeirada de bacalhau,Stew Cod,,,"[""caldeirada"",""bacalhau"",""cod"",""stew""]",stew cod stew cod caldeirada,
food,18751783-4ff9-5c1f-a257-5596ec6b0477,,Caldeirada de bacalhau com enchidos e massa,Stew Cod Enchidos Pasta,,,"[""caldeirada"",""bacalhau"",""cod"",""enchidos"",""enchido"",""massa"",""pasta"",""dough"",""stew""]",stew cod enchidos pasta stew cod enchidos pasta caldeirada enchido dough,
food,eb473ba2-08db-53d0-be27-dda35d66317e,,Caldeirada de cabrito com azeite e banha,Stew Kid Goat Olive Oil Lard,,,"[""caldeirada"",""cabrito"",""azeite"",""olive"",""oil"",""banha"",""stew"",""kid"",""goat"",""lard""]",stew kid goat olive oil lard stew kid goat olive oil lard caldeirada cabrito banha,
food,8c023266-a984-5ca6-95f1-da4daf03c6ff,,Caldeirada de cabrito com azeite e margarina,Stew Kid Goat Olive Oil Margarine,,,"[""caldeirada"",""cabrito"",""azeite"",""olive"",""oil"",""margarina"",""margarine"",""stew"",""kid"",""goat""]",stew kid goat olive oil margarine stew kid goat olive oil margarine caldeirada cabrito margarina,
food,01d9c3c4-773c-5044-9315-d60d719d08ca,,Caldeirada de enguias,Eel Stew,,,"[""caldeirada"",""enguias"",""enguia"",""eel"",""stew""]",eel stew eel stew caldeirada enguias enguia,
food,1c4c3cc1-626b-59b1-8c25-f0fbb7bd0b53,,Caldeirada de enguias à moda de Aveiro,Aveiro-Style Eel Stew,,,"[""caldeirada"",""enguias"",""enguia"",""moda"",""aveiro"",""style"",""eel"",""stew""]",aveiro style eel stew aveiro style eel stew caldeirada enguias enguia moda,
food,b3a2f196-5a6e-5e00-9d6a-1199bd39130d,,Caldeirada de pargo e peixe-espada-preto,Stew Seabream Peixe-espada-preto,Stew Seabream Black Scabbardfish,,"[""caldeirada"",""pargo"",""peixe"",""fish"",""espada"",""preto"",""stew"",""seabream""]",stew seabream peixe espada preto stew seabream peixe espada preto caldeirada pargo,
food,24d972ca-5ca6-53db-82be-46e79dc85433,,Caldeirada de peixe,Stew Fish,,,"[""caldeirada"",""peixe"",""fish"",""stew""]",stew fish stew fish caldeirada,
food,788433f2-6874-5a0c-aa57-e0a1149bfe75,,Caldeirada de safio com amêijoas,Stew Safio Clams,Stew Conger Eel Clams,,"[""caldeirada"",""safio"",""amêijoas"",""ameijoas"",""amêijoa"",""stew"",""clams""]",stew safio clams stew safio clams caldeirada,
food,22d95b3f-c1e0-5ca3-83f1-3ec29cf8c717,,Caldeirada de safio com batatas,Stew Safio Potatoes,Stew Conger Eel Potatoes,,"[""caldeirada"",""safio"",""batatas"",""batata"",""potatoes"",""stew""]",stew safio potatoes stew safio potatoes caldeirada,
food,17bd1498-430a-50fd-bd7a-499e89c9987f,,"Caldeirada de safio, raia e tamboril",Stew Safio Raia Tamboril,Stew Conger Eel Skate Monkfish,,"[""caldeirada"",""safio"",""raia"",""tamboril"",""monkfish"",""fish"",""stew""]",stew safio raia tamboril stew safio raia tamboril caldeirada monkfish,
food,81a4e394-9b9e-5067-9534-75d61802d19c,,Caldo preparado com cubo de carne de galinha (diluição 2%),Prepared Chicken Stock from Cube,,,"[""caldo"",""preparado"",""cubo"",""carne"",""meat"",""galinha"",""diluição"",""diluicao"",""prepared"",""chicken"",""stock"",""from"",""cube""]",prepared chicken stock from cube prepared chicken stock from cube preparado cubo galinha diluicao,
food,bf012a57-b62e-5837-8c9b-8c494ccedb52,,Caldo preparado com cubo de carne de vaca (diluição 2%),Prepared Beef Stock from Cube,,,"[""caldo"",""preparado"",""cubo"",""carne"",""meat"",""vaca"",""beef"",""diluição"",""diluicao"",""prepared"",""stock"",""from"",""cube""]",prepared beef stock from cube prepared beef stock from cube preparado cubo vaca diluicao,
food,10069b40-11a8-5cac-bee8-ac44099e74db,,Camarão cozido,Cooked Shrimp,,,"[""camarão"",""camarao"",""shrimp"",""prawn"",""cozido"",""cooked"",""boiled""]",cooked shrimp cooked shrimp camarao prawn,
food,69f66c22-9d95-51de-bd78-e53eaa291648,,Camarão cozido sem sal,Cooked Unsalted Shrimp,,,"[""camarão"",""camarao"",""shrimp"",""prawn"",""cozido"",""cooked"",""boiled"",""sal"",""salt"",""unsalted""]",cooked unsalted shrimp cooked unsalted shrimp camarao prawn,
food,bda62e95-625c-5062-8396-3733c7cb75cf,,Camarão cru,Raw Shrimp,,,"[""camarão"",""camarao"",""shrimp"",""prawn"",""cru"",""raw""]",raw shrimp raw shrimp camarao prawn,
food,62204d67-3a86-5a21-bb41-30253ad1bf16,,Canela moída,Canela Moida,"Cinnamon, Ground",,"[""canela"",""moída"",""moida""]",canela moida canela moida,
food,408ddc03-96f2-5eb4-8b53-7f4ea695382d,,Canja de frango com aipo,Canja Chicken Celery,Chicken Broth Soup Chicken Celery,,"[""canja"",""frango"",""chicken"",""aipo"",""celery""]",canja chicken celery canja chicken celery frango aipo,
food,ced41cfa-0354-57ae-986b-61a461a10a09,,Canja de frango com massa,Canja Chicken Pasta,Chicken Broth Soup Chicken Pasta,,"[""canja"",""frango"",""chicken"",""massa"",""pasta"",""dough""]",canja chicken pasta canja chicken pasta frango dough,
food,b4f3d5c6-0aac-559b-826d-3543c14ab9f1,,Cannelloni,Cannelloni,,Milaneza,"[""pasta"",""canelones"",""cannelloni"",""milaneza""]",cannelloni milaneza cannelloni milaneza pasta canelones,
food,9b6bf6a3-9601-5a43-bc51-8da0c7c73ec7,,"Cantarilho (Redfish) assado com cebola, tomate, azeite e bacon",Redfish (redfish) Roasted Onion Tomato Olive Oil Bacon,,,"[""cantarilho"",""redfish"",""assado"",""roasted"",""cebola"",""onion"",""tomate"",""tomato"",""azeite"",""olive"",""oil"",""bacon""]",redfish redfish roasted onion tomato olive oil bacon redfish roasted onion tomato olive oil bacon cantarilho,
food,f43744e3-e807-56aa-a365-cdd1265ca9b7,,"Cantarilho (Redfish) com batata, no forno",Redfish (redfish) Potato Forno,Redfish (redfish) Potato Oven,,"[""cantarilho"",""redfish"",""batata"",""potato"",""forno""]",redfish redfish potato forno redfish potato forno cantarilho,
food,589a2e2c-fe09-5bba-b844-510e08ae80c7,,Cantarilho (Redfish) cozido,Redfish (redfish) Cooked,"Redfish (redfish), Cooked",,"[""cantarilho"",""redfish"",""cozido"",""cooked"",""boiled""]",redfish redfish cooked redfish cooked cantarilho,
food,274a6cd7-fd58-5142-8474-dc6a694f3d3c,,Cantarilho (Redfish) cru,Redfish (redfish) Raw,"Redfish (redfish), Raw",,"[""cantarilho"",""redfish"",""cru"",""raw""]",redfish redfish raw redfish raw cantarilho,
food,a80df4fd-3823-5e1d-9365-e7b3d6848926,,Cantarilho (Redfish) no forno,Redfish (redfish) Forno,Redfish (redfish) Oven,,"[""cantarilho"",""redfish"",""forno""]",redfish redfish forno redfish forno cantarilho,
food,b1acbe24-543d-59c7-b836-5535327c2bff,,Canónigos crus,Raw Canonigos,,,"[""canónigos"",""canonigos"",""canónigo"",""crus"",""raw"",""canonigo""]",raw canonigos raw canonigos canonigo,
food,879fa187-3f78-5729-906b-f447971554b0,,Caracol cru,Caracol Raw,"Caracol, Raw",,"[""caracol"",""cru"",""raw""]",caracol raw caracol raw,
food,f3e11e9d-814a-585d-b87f-1c39088a8ede,,Carambola,Carambola,,,"[""carambola""]",carambola carambola,
food,588a231a-ade9-5c70-a8b6-ce0169efad9e,,Carapau cru,Carapau Raw,"Atlantic Horse Mackerel, Raw",,"[""carapau"",""horse"",""mackerel"",""cru"",""raw""]",carapau raw carapau raw horse mackerel,
food,16e82a44-b816-59b0-965b-0300714940dc,,Carapau frito,Carapau Fried,"Atlantic Horse Mackerel, Fried",,"[""carapau"",""horse"",""mackerel"",""frito"",""fried""]",carapau fried carapau fried horse mackerel,
food,8dd52db5-d803-5693-b50e-9d1db18c8113,,Carapau grelhado,Carapau Grilled,"Atlantic Horse Mackerel, Grilled",,"[""carapau"",""horse"",""mackerel"",""grelhado"",""grilled""]",carapau grilled carapau grilled horse mackerel,
food,b94d16e9-f87b-55e5-98fb-57e670f35f5f,,Cardamomo verde,Cardamomo Verde,Cardamom Green,,"[""cardamomo"",""verde""]",cardamomo verde cardamomo verde,
food,9cb700fc-306c-5f25-85ac-49a548fafb95,,Caril,Caril,Curry,,"[""caril"",""curry""]",caril caril curry,
food,b851e38e-ac48-5817-bca6-8ce1babad498,,Caril em pó,Caril Po,Curry Powder,,"[""caril"",""curry"",""po""]",caril po caril po curry,
food,d89f8cf1-16c3-5ea4-b671-fcea659d8c90,,Carne de porco à alentejana,Pork Alentejana,,,"[""carne"",""meat"",""porco"",""pork"",""alentejana""]",pork alentejana pork alentejana,
food,28572786-cf09-523f-a352-63a38f9669a1,,Carne de porco à alentejana sem massa de pimentão,Alentejo-style Pork without Pepper Paste,,,"[""carne"",""meat"",""porco"",""pork"",""alentejana"",""massa"",""pasta"",""dough"",""pimentão"",""pimentao"",""alentejo"",""style"",""without"",""pepper"",""paste""]",alentejo style pork without pepper paste alentejo style pork without pepper paste alentejana pasta dough,
food,ed601461-b51d-5dbc-8d8b-cf5f077bcdfa,,Carne à bolonhesa,Beef Bolognese,,,"[""carne"",""meat"",""bolonhesa"",""beef"",""bolognese""]",beef bolognese beef bolognese bolonhesa,
food,cb526cc4-62af-5d2c-9f41-51da8cc9a289,,Carne à jardineira,Jardineira Meat,,,"[""carne"",""meat"",""jardineira""]",jardineira meat jardineira meat,
food,bdc6f54a-4547-54fa-98d8-d02af8fd7460,,Casca de limão,Lemon Peel,,,"[""limão"",""limões"",""lemons"",""casta"",""peel"",""casca"",""limao"",""lemon""]",lemon peel lemon peel lemons casta,
food,564450b3-75ea-596b-9216-99f17ba8cf46,,Caseína,Caseina,,,"[""caseína"",""caseina""]",caseina caseina,
food,91e2ab01-4e8a-5057-87df-ac23f9e6be61,,Castanha assada com sal,Castanha Roasted Salt,"Chestnut Roasted, Salted",,"[""castanha"",""chestnut"",""assada"",""roasted"",""sal"",""salt""]",castanha roasted salt castanha roasted salt chestnut,
food,a00b855c-a4ae-506d-9f84-35fe2534fd32,,Castanha cozida sem sal,Castanha Cooked Salt,"Chestnut Cooked, Unsalted",,"[""castanha"",""chestnut"",""cozida"",""cooked"",""boiled"",""sal"",""salt""]",castanha cooked salt castanha cooked salt chestnut,
food,01ed855f-cd4a-5d90-a404-4530a98714fe,,Castanha de caju torrada  e salgada,Castanha Caju Toasted Salgada,"Cashew Nut Toasted, Salted",,"[""castanha"",""chestnut"",""caju"",""torrada"",""salgada"",""salted"",""toasted""]",castanha caju toasted salgada castanha caju toasted salgada chestnut salted,
food,81246999-edc6-5dd5-a0bc-efe8e50d7d44,,"Castanha de caju torrada, sem sal",Castanha Caju Toasted Salt,"Cashew Nut Toasted, Unsalted",,"[""castanha"",""chestnut"",""caju"",""torrada"",""sal"",""salt"",""toasted""]",castanha caju toasted salt castanha caju toasted salt chestnut,
food,f61d5816-1da6-5489-83fc-c53471a39e99,,Castanha do Brasil,Castanha Brasil,Brazil Nut,,"[""castanha"",""chestnut"",""brasil""]",castanha brasil castanha brasil chestnut,
food,8bebba8f-b353-5caf-8401-eb61e6fc3e6a,,Castanha pilada,Castanha Pilada,"Chestnut, Shelled",,"[""castanha"",""chestnut"",""pilada""]",castanha pilada castanha pilada chestnut,
food,d21caba2-6d6d-50ce-adae-e5332aaa6943,,"Castanha, miolo","Chestnut, Kernel",,,"[""castanha"",""chestnut"",""miolo"",""kernel""]",chestnut kernel chestnut kernel castanha,
food,679e9308-50bf-580f-ba64-0e3be1e777b6,,Castanhas assadas,Roasted Chestnuts,,,"[""fruta"",""fruit"",""assadas"",""baked"",""castanhas"",""chestnuts"",""castanha"",""assada"",""roasted""]",roasted chestnuts roasted chestnuts castanhas castanha,
food,a4e8b26b-d2e5-51c1-89db-1f450f6b417c,,Cavala cozida,Mackerel Cooked,"Mackerel, Cooked",,"[""cavala"",""cozida"",""cooked"",""boiled"",""mackerel""]",mackerel cooked mackerel cooked cavala,
food,0d4207d2-21a5-5894-aa37-953607ea40ca,,Cavala crua,Mackerel Raw,"Mackerel, Raw",,"[""cavala"",""crua"",""raw"",""mackerel""]",mackerel raw mackerel raw cavala,
food,0c54e3e7-abc1-5a74-91a7-3b3184d66516,,"Cavala em filetes, conserva em azeite",Mackerel Filetes Canned Olive Oil,,,"[""cavala"",""filetes"",""filete"",""conserva"",""canned"",""azeite"",""olive"",""oil"",""mackerel""]",mackerel filetes canned olive oil mackerel filetes canned olive oil cavala filete,
food,c79e3565-d5cb-5a24-b4d7-fe39361726a8,,Cavala grelhada,Mackerel Grilled,"Mackerel, Grilled",,"[""cavala"",""grelhada"",""grilled"",""mackerel""]",mackerel grilled mackerel grilled cavala,
food,2e363aaf-a72b-53e4-b7aa-3f7d2fc8d094,,Cavala no forno,Baked Mackerel,,,"[""cavala"",""forno"",""baked"",""mackerel""]",baked mackerel baked mackerel cavala forno,
food,7f058f92-036b-5846-aaac-4c79e07c898a,,Cação cru,Cacao Raw,"Dogfish, Raw",,"[""cação"",""cacao"",""cru"",""raw""]",cacao raw cacao raw,
food,354445a2-8ec3-5463-9424-7f51fd9801c5,,Cação frito,Cacao Fried,"Dogfish, Fried",,"[""cação"",""cacao"",""frito"",""fried""]",cacao fried cacao fried,
food,86c97ac1-a055-5252-9609-8b5f0a29def3,,Cebola,Onion,,,"[""cebola"",""onion""]",onion onion,
food,5818fc33-73e1-50c9-abcf-681d47eb63a6,,Cebola cozida,Onion Cooked,"Onion, Cooked",,"[""cebola"",""onion"",""cozida"",""cooked"",""boiled""]",onion cooked onion cooked,
food,a0be0c91-667c-5949-a175-af27d3f7b889,,Cebola crua,Onion Raw,"Onion, Raw",,"[""cebola"",""cebolas"",""onion"",""onions"",""raw"",""crua"",""legume"",""vegetable""]",onion raw onion raw cebolas onions,
food,cb6dbb81-0206-5600-8798-9fe6a6185c5d,,"Cebola doce, crua",Raw Sweet Onion,,,"[""cebola"",""cebolas"",""doce"",""doces"",""sweet"",""onion"",""onions"",""raw"",""crua"",""legume"",""vegetable""]",raw sweet onion raw sweet onion cebolas doces onions,
food,da6c2ade-faa6-5bd1-a02a-e5a3c54a3b85,,Cebola frita com óleo alimentar,Onion Fried Cooking Oil,,,"[""cebola"",""onion"",""frita"",""fried"",""óleo"",""oleo"",""oil"",""alimentar"",""cooking""]",onion fried cooking oil onion fried cooking oil frita oleo alimentar,
food,80142fcf-c855-5b3e-bc49-62723b2df3f6,,"Cebola roxa, crua",Onion Red Raw,"Onion Red, Raw",,"[""cebola"",""cebolas"",""roxa"",""roxas"",""red"",""purple"",""onion"",""onions"",""raw"",""crua"",""legume"",""vegetable""]",onion red raw onion red raw cebolas roxas onions,
food,1151a82f-dbfd-5ddf-bb41-0a46d8aef79d,,Cebolinha,Cebolinha,Spring Onion,,"[""cebolinha"",""spring"",""onion""]",cebolinha cebolinha spring onion,
food,d8a37019-0859-5e2b-8e2d-ae585f173af2,,Cebolinho,Cebolinho,Chive,,"[""cebolinho"",""chives""]",cebolinho cebolinho chives,
food,d6a23fed-bc17-5755-a89f-67712b655ecf,,Cebolinho fresco,Cebolinho Fresh,"Chive, Fresh",,"[""cebolinho"",""fresco"",""fresh""]",cebolinho fresh cebolinho fresh,
food,7dfe893e-453e-5c95-b886-15d67c343579,,Cenoura,Carrot,,,"[""cenouras"",""carrots"",""cenoura"",""carrot""]",carrot carrot carrots,
food,8f7a6ce7-b65b-5cc4-9cfb-32676d9e91e1,,Cenoura baby crua,Carrot Baby Raw,"Carrot Baby, Raw",,"[""cenoura"",""cenouras"",""baby"",""mini"",""carrot"",""carrots"",""raw"",""crua"",""legume"",""vegetable""]",carrot baby raw carrot baby raw mini carrots,
food,fc68e2ed-b0ac-52fa-a399-8a48d7543fe7,,Cenoura cozida,Carrot Cooked,"Carrot, Cooked",,"[""cenoura"",""carrot"",""cozida"",""cooked"",""boiled""]",carrot cooked carrot cooked,
food,cacab50e-b9a8-518f-8a03-91dee2292b85,,Cenoura crua,Carrot Raw,"Carrot, Raw",,"[""cenoura"",""cenouras"",""carrot"",""carrots"",""raw"",""crua"",""legume"",""vegetable""]",carrot raw carrot raw carrots,
food,84be6db0-2352-5ffc-ac27-7d1f3f58f006,,Cereal de pequeno almoço de trigo integral,Wholegrain Wheat Breakfast Cereal,,Weetabix,"[""cereal"",""pequeno"",""almoço"",""almoco"",""trigo"",""wheat"",""integral"",""wholegrain"",""wholemeal"",""weetabix"",""breakfast""]",wholegrain wheat breakfast cereal weetabix wholegrain wheat breakfast cereal weetabix pequeno almoco wholemeal,
food,04eaed85-7ca2-5f1c-9044-8cde536d3232,,Cereal de pequeno almoço à base de farelo de trigo,Wheat Bran Breakfast Cereal,,All-Bran,"[""cereal"",""pequeno"",""almoço"",""almoco"",""farelo"",""trigo"",""wheat"",""all"",""bran"",""breakfast""]",wheat bran breakfast cereal all bran wheat bran breakfast cereal all pequeno almoco farelo,
food,20260258-920a-52a2-830a-cc684ff499f5,,Cerefólio fresco,Cerefolio Fresh,"Cerefolio, Fresh",,"[""cerefólio"",""cerefolio"",""fresco"",""fresh""]",cerefolio fresh cerefolio fresh,
food,91a99c29-2613-5c90-8cd9-13c2220a5523,,Cereja (4 variedades),Cherry (4 Varieties),,,"[""cereja"",""cerejas"",""cherry"",""cherries"",""fruta"",""fruit"",""varieties""]",cherry 4 varieties cherry varieties cerejas cherries,
food,8337d71d-21c9-588f-8edb-ca4ce0f8407f,,Cereja desidratada,Dehydrated Cherry,,,"[""cereja"",""cherry"",""desidratada"",""dehydrated"",""dried""]",dehydrated cherry dehydrated cherry,
food,cfd61b60-2be3-53e1-be44-8d9d327b36ca,,"Cereja, conserva em calda de açúcar",Canned in Sugar Syrup (Cherry),,,"[""cereja"",""cherry"",""conserva"",""canned"",""calda"",""açúcar"",""acucar"",""sugar"",""in"",""syrup""]",canned in sugar syrup cherry canned in sugar syrup cherry,
food,f86c0401-0fd8-5acf-81c9-68a4a3c9a0f7,,"Cereja, cristalizada","Cherry, Candied",,,"[""cereja"",""cherry"",""cristalizada"",""candied""]",cherry candied cherry candied cristalizada,
food,685715c5-3d51-5976-913e-797bb362b2a9,,Cerejas,Cerejas,Cherry,,"[""fruta"",""fruit"",""cerejas"",""cherry"",""cherries"",""cereja""]",cerejas cerejas cherry cherries,
food,524cc3e5-b99f-5389-a6ef-8db54e4acbce,,Cerveja branca,Cerveja White,,,"[""cerveja"",""beer"",""branca"",""white""]",cerveja white cerveja white beer,
food,de8583f8-14a5-5715-9779-a70101d962cd,,Cerveja preta,Cerveja Black,,,"[""cerveja"",""beer"",""preta"",""black""]",cerveja black cerveja black beer,
food,dc8d076b-2799-50aa-9ed9-405250641fd8,,Cerveja sem álcool,Non-alcoholic Beer,,,"[""cerveja"",""beer"",""álcool"",""alcool"",""non"",""alcoholic""]",non alcoholic beer non alcoholic beer cerveja alcool,
food,13b415ff-22d6-50d3-8651-201fe245d6a0,,Chalota,Chalota,Shallot,,"[""cebolas"",""shallota"",""onions"",""chalota""]",chalota chalota cebolas shallota onions,
food,2f0d604f-d670-5fb7-afe6-008880db2a88,,Chambão de vitela cru,Chambao Veal Raw,"Shin Veal, Raw",,"[""chambão"",""chambao"",""vitela"",""veal"",""cru"",""raw""]",chambao veal raw chambao veal raw vitela,
food,72cb6bf5-322e-5f5e-86a3-2d3968dae290,,Chamuça,Chamuca,Samosa,,"[""chamuça"",""chamuca""]",chamuca chamuca,
food,fd3ef771-b780-5a94-8d34-33ecd2dbd8b2,,Cherne cozido,Cherne Cooked,"Wreckfish, Cooked",,"[""cherne"",""cozido"",""cooked"",""boiled""]",cherne cooked cherne cooked,
food,6fc61284-2bd7-5a5a-9071-b9f25046cce6,,Cherne cru,Cherne Raw,"Wreckfish, Raw",,"[""cherne"",""cru"",""raw""]",cherne raw cherne raw,
food,b6f2b4ec-e179-5f5f-ac94-22c4e726fc35,,Cherne grelhado,Cherne Grilled,"Wreckfish, Grilled",,"[""cherne"",""grelhado"",""grilled""]",cherne grilled cherne grilled,
food,47273316-a848-58c3-8280-52443b3c4dee,,Chicharro cozido,Chicharro Cooked,"Horse Mackerel, Cooked",,"[""chicharro"",""cozido"",""cooked"",""boiled""]",chicharro cooked chicharro cooked,
food,02437479-efc6-535a-8d54-1cddd15c3f72,,Chicharro cru,Chicharro Raw,"Horse Mackerel, Raw",,"[""chicharro"",""cru"",""raw""]",chicharro raw chicharro raw,
food,119ad1e3-a285-5851-aab6-384fcea8cc65,,Chicharro grelhado,Chicharro Grilled,"Horse Mackerel, Grilled",,"[""chicharro"",""grelhado"",""grilled""]",chicharro grilled chicharro grilled,
food,391fa3a6-5929-5f13-94f7-7b415ed1f79a,,Chicória crua,Chicoria Raw,"Chicory, Raw",,"[""chicória"",""chicoria"",""crua"",""raw""]",chicoria raw chicoria raw,
food,f20a62e2-6a98-51cc-9626-d91bf2977f19,,Chispe de porco,Chispe Pork,Trotters Pork,,"[""chispe"",""porco"",""pork""]",chispe pork chispe pork,
food,f3328954-dd8e-525f-b3c8-bd634bcbe61b,,Chocapic,Chocapic,,,"[""chocapic"",""cereais"",""cereals"",""chocolate""]",chocapic chocapic,
food,fa115f71-d28e-5e45-8eec-97bbc2755893,,Choco cru,Choco Raw,"Cuttlefish, Raw",,"[""choco"",""cru"",""raw""]",choco raw choco raw,
food,a9a309a5-e8de-5c64-955c-abe16ad60995,,Choco grelhado,Choco Grilled,"Cuttlefish, Grilled",,"[""choco"",""grelhado"",""grilled""]",choco grilled choco grilled,
food,38428620-6ed3-5472-a32a-4c590d67b3f2,,Chocolate de leite,Milk Chocolate,,,"[""chocolate"",""leite"",""milk""]",milk chocolate milk chocolate,
food,f60393b7-eb9b-5b75-8567-b4dd1628ff68,,"Chocolate em barra, culinária",Barra Culinaria,Barra Culinary,,"[""chocolate"",""barra"",""culinária"",""culinaria""]",barra culinaria barra culinaria,
food,ce4581be-421d-5037-a7ba-84b35fd081e8,,Chocolate em pó,Chocolate Powder,,,"[""chocolate"",""powder""]",chocolate powder chocolate powder,
food,b44ad576-444d-5462-9ceb-93dfd0d5f361,,Chocolate negro (aproximadamente 50% cacau),Dark Chocolate (approximately 50% Cocoa),,,"[""chocolate"",""negro"",""50%"",""cacau"",""dark"",""approximately"",""50"",""cocoa""]",dark chocolate approximately 50 cocoa dark chocolate approximately 50 cocoa negro cacau,
food,9e206128-528f-57c4-abab-d20003bd984b,,"Chouriço de carne de porco, cru",Raw Pork Sausage,,,"[""chouriço"",""chourico"",""sausage"",""carne"",""meat"",""porco"",""pork"",""cru"",""raw""]",raw pork sausage raw pork sausage,
food,e9fe08eb-ee4a-5a54-bcd9-105b314cb084,,"Chouriço de carne de porco, gordo, cru",Raw Fatty Pork Sausage,,,"[""chouriço"",""chourico"",""sausage"",""carne"",""meat"",""porco"",""pork"",""gordo"",""fatty"",""cru"",""raw""]",raw fatty pork sausage raw fatty pork sausage,
food,acd19c55-1758-505a-9bbf-b7c59436da1f,,"Chouriço de carne de porco, magro, cozido sem adição de sal",Cooked Lean Pork Sausage without Added Salt,,,"[""chouriço"",""chourico"",""sausage"",""carne"",""meat"",""porco"",""pork"",""magro"",""lean"",""light"",""cozido"",""cooked"",""boiled"",""sal"",""salt"",""without"",""added""]",cooked lean pork sausage without added salt cooked lean pork sausage without added salt light,
food,83508d0a-9b37-5e25-b70c-8fa2066d08f0,,"Chouriço de carne de porco, magro, cru",Raw Lean Pork Sausage,,,"[""chouriço"",""chourico"",""sausage"",""carne"",""meat"",""porco"",""pork"",""magro"",""lean"",""light"",""cru"",""raw""]",raw lean pork sausage raw lean pork sausage light,
food,2463c809-9f11-5ee1-9d1f-ac46c9b85307,,"Chouriço de carne de porco, magro, grelhado sem adição de sal",Grilled Lean Pork Sausage without Added Salt,,,"[""chouriço"",""chourico"",""sausage"",""carne"",""meat"",""porco"",""pork"",""magro"",""lean"",""light"",""grelhado"",""grilled"",""sal"",""salt"",""without"",""added""]",grilled lean pork sausage without added salt grilled lean pork sausage without added salt light,
food,ae046b71-b78e-5742-85ba-58f21a4c374e,,Chouriço de sangue cozido sem adição de sal,Sangue Cooked without Added Salt,"Sangue, Cooked without Added Salt",,"[""chouriço"",""chourico"",""sausage"",""sangue"",""cozido"",""cooked"",""boiled"",""sal"",""salt"",""without"",""added""]",sangue cooked without added salt sangue cooked without added salt sausage,
food,350f4799-e204-52f0-acdd-f28a3360dadd,,"Chouriço de sangue, cru",Sangue Raw,"Sangue, Raw",,"[""chouriço"",""chourico"",""sausage"",""sangue"",""cru"",""raw""]",sangue raw sangue raw sausage,
food,0ba265c7-d384-5ed3-8bb8-32d9950057bd,,Chuchu,Chuchu,,,"[""chuchu""]",chuchu chuchu,
food,0447590d-12c6-5e48-b47e-fd3632f4b087,,Chucrute,Chucrute,,,"[""chucrute""]",chucrute chucrute,
food,ff9a17ce-fa0a-51f9-87fe-f43d924bf3cc,,Churro,Churro,,,"[""churro"",""fartura""]",churro churro,
food,4d397c1d-1614-5a2c-82c7-445d613cafc8,,Churro de Chocolate,Chocolate Churro,,,"[""churro"",""chocolate"",""fartura""]",chocolate churro chocolate churro,
food,b3e2b932-8014-5222-850a-f2cc4d33f25f,,"Chá, infusão, preto",Cha Infusao Black,Tea Infusion Black,,"[""chá"",""cha"",""tea"",""infusão"",""infusao"",""preto"",""black""]",cha infusao black cha infusao black tea,
food,38ea515d-ee4b-5198-a4a8-f8482055a34e,,"Chá, infusão, verde",Cha Infusao Verde,Tea Infusion Green,,"[""chá"",""cha"",""tea"",""infusão"",""infusao"",""verde""]",cha infusao verde cha infusao verde tea,
food,5b3a8910-083b-59f8-8618-848f7db4d005,,Clara de Ovo,Egg White,,,"[""ovos"",""clara"",""white"",""eggs"",""ovo"",""egg""]",egg white egg white clara eggs,
food,78a53e89-58d2-5728-a514-98fcd7999a13,,"Clara de ovo de galinha, crua",Raw Chicken Egg White,,,"[""clara"",""ovo"",""egg"",""galinha"",""crua"",""raw"",""chicken"",""white""]",raw chicken egg white raw chicken egg white clara galinha,
food,e76a7670-b8d6-568a-8aaa-1fb900982d71,,"Clara de ovo de galinha, pasteurizada",Pasteurized Chicken Egg White,,,"[""clara"",""ovo"",""egg"",""galinha"",""pasteurizada"",""pasteurized"",""chicken"",""white""]",pasteurized chicken egg white pasteurized chicken egg white clara galinha,
food,d3aa9cc9-81eb-5f2d-b8a3-b9941480147f,,Clementina,Clementina,Clementine,,"[""clementina""]",clementina clementina,
food,838aa285-4c36-5fa6-9174-1d4b33050ad7,,Coca-Cola Zero,Coca-cola Zero,,Coca-Cola,"[""coca"",""cola"",""zero"",""sem"",""açúcar"",""without"",""sugar""]",coca cola zero coca cola coca cola zero,
food,afb568e3-d44b-5413-80fe-812cba748310,,"Coco seco, ralado",Coco Dried Grated,"Coco Dried, Grated",,"[""coco"",""coconut"",""seco"",""dried"",""ralado"",""grated""]",coco dried grated coco dried grated coconut,
food,a33099a3-6210-58cc-b3c3-a89c44713f53,,"Codorniz carne sem pele, crua ",Quail Skinless Raw,"Quail Skinless, Raw",,"[""codorniz"",""carne"",""meat"",""pele"",""crua"",""raw"",""quail"",""skinless""]",quail skinless raw quail skinless raw codorniz pele,
food,046c966b-41b0-5055-9962-df41062f4629,,"Codorniz com pele, crua",Quail with Skin Raw,"Quail with Skin, Raw",,"[""codorniz"",""pele"",""crua"",""raw"",""quail"",""with"",""skin""]",quail with skin raw quail with skin raw codorniz pele,
food,a1993219-7b9d-5a69-85be-73eae971831a,,"Codorniz com pele, estufada com azeite",Quail with Skin Stewed Olive Oil,,,"[""codorniz"",""pele"",""estufada"",""stewed"",""azeite"",""olive"",""oil"",""quail"",""with"",""skin""]",quail with skin stewed olive oil quail with skin stewed olive oil codorniz pele estufada,
food,c8a69aa3-08fa-574e-bdb0-c4683a133767,,"Codorniz com pele, grelhada",Quail with Skin Grilled,"Quail with Skin, Grilled",,"[""codorniz"",""pele"",""grelhada"",""grilled"",""quail"",""with"",""skin""]",quail with skin grilled quail with skin grilled codorniz pele,
food,b45059ab-f306-5484-95f7-743504463f80,,Coelho cru,Rabbit Raw,"Rabbit, Raw",,"[""coelho"",""rabbit"",""cru"",""raw""]",rabbit raw rabbit raw coelho,
food,0f266a51-08c1-522c-aa0b-1b2b367a04fa,,Coelho em vinha de alhos,Rabbit Vinha,Rabbit Garlic Wine Marinade,,"[""coelho"",""rabbit"",""vinha"",""alhos"",""alho""]",rabbit vinha rabbit vinha coelho,
food,e4cd7f8f-6f87-5919-9757-7f7c5587a234,,Coelho estufado,Rabbit Stewed,"Rabbit, Stewed",,"[""coelho"",""rabbit"",""estufado"",""stewed""]",rabbit stewed rabbit stewed coelho estufado,
food,ac1499be-d262-5bba-b65a-69641d92775a,,Coelho estufado com azeite,Rabbit Stewed Olive Oil,,,"[""coelho"",""rabbit"",""estufado"",""stewed"",""azeite"",""olive"",""oil""]",rabbit stewed olive oil rabbit stewed olive oil coelho estufado,
food,87f855a2-7e7a-5b56-9e9b-2ce943563714,,Coelho estufado com margarina,Rabbit Stewed Margarine,,,"[""coelho"",""rabbit"",""estufado"",""stewed"",""margarina"",""margarine""]",rabbit stewed margarine rabbit stewed margarine coelho estufado margarina,
food,80463453-313f-5553-822e-84a4d863b0e6,,Coelho à caçador,Rabbit Cacador,,,"[""coelho"",""rabbit"",""caçador"",""cacador""]",rabbit cacador rabbit cacador coelho,
food,61add44f-414a-5b50-863b-03921b6cad68,,Coentros crus,Raw Coriander,,,"[""coentros"",""coentro"",""crus"",""raw"",""coriander""]",raw coriander raw coriander coentros coentro,
food,4c403707-e212-50a8-addf-1eb0ca5e0a08,,Cogumelo Marron,Mushroom Marron,,,"[""cogumelos"",""marron"",""mushrooms"",""cru"",""raw"",""cogumelo"",""mushroom""]",mushroom marron mushroom marron mushrooms,
food,1efd3555-b0f3-50b0-aa7a-4603e9dda7c2,,Cogumelo Portobello,Mushroom Portobello,,,"[""cogumelos"",""portobello"",""mushrooms"",""cru"",""raw"",""cogumelo"",""mushroom""]",mushroom portobello mushroom portobello mushrooms,
food,1157464c-7f2b-5eaf-9e0d-9553aefb8732,,Cogumelo Shitake,Mushroom Shitake,,,"[""cogumelos"",""shitake"",""shiitake"",""mushrooms"",""cogumelo"",""mushroom""]",mushroom shitake mushroom shitake shiitake mushrooms,
food,bda08faf-c7eb-5f00-8130-0dc4979037be,,Cogumelo Shitake (seco),Mushroom Shitake (dried),,,"[""cogumelos"",""shitake"",""shiitake"",""mushrooms"",""secos"",""dried"",""dry"",""cogumelo"",""mushroom"",""seco""]",mushroom shitake dried mushroom shitake dried shiitake mushrooms,
food,a8a0ea5d-b287-5919-afb8-525954938d60,,Cogumelos crus,Raw Mushrooms,,,"[""cogumelos"",""cogumelo"",""mushrooms"",""crus"",""raw""]",raw mushrooms raw mushrooms,
food,5671b647-c447-5387-a6fd-dd971ab1a39e,,"Cogumelos enlatados, escorridos",Mushrooms Enlatados Escorridos,"Mushrooms Canned, Drained",,"[""cogumelos"",""cogumelo"",""mushrooms"",""enlatados"",""enlatado"",""escorridos"",""escorrido""]",mushrooms enlatados escorridos mushrooms enlatados escorridos enlatado escorrido,
food,cc51a7dc-8cbc-5ed5-beb6-2e4fe9401d7f,,Cogumelos fritos com óleo alimentar,Mushrooms Fritos Cooking Oil,Mushrooms Fried Cooking Oil,,"[""cogumelos"",""cogumelo"",""mushrooms"",""fritos"",""frito"",""óleo"",""oleo"",""oil"",""alimentar"",""cooking""]",mushrooms fritos cooking oil mushrooms fritos cooking oil oleo alimentar,
food,a084af13-eb28-54dd-8242-79fb841ef376,,Colorau,Colorau,Paprika,,"[""colorau""]",colorau colorau,
food,61ab1add-c943-5f52-8b83-31d6280c4707,,Cominhos,Cominhos,Cumin,,"[""cominhos"",""cominho""]",cominhos cominhos cominho,
food,0a605212-a17d-5b76-ab4f-ac3bad69b430,,Cominhos em pó,Cominhos Po,Cumin Powder,,"[""cominhos"",""cumin"",""cominho"",""po""]",cominhos po cominhos po cumin cominho,
food,02cc794d-aeb2-5674-af7a-0e0bb98745c6,,Compota de ameixa,Plum Preserve,,,"[""compota"",""jam"",""ameixa"",""plum"",""preserve""]",plum preserve plum preserve compota jam,
food,36e1148e-9b78-5da1-91bc-5277bc6dd6fa,,Compota de ananás,Pineapple Preserve,,,"[""compota"",""jam"",""ananás"",""ananas"",""ananá"",""pineapple"",""preserve""]",pineapple preserve pineapple preserve compota jam,
food,f0655dc8-f0ca-5864-a890-cdde22a53744,,Compota de cereja,Cherry Preserve,,,"[""compota"",""jam"",""cereja"",""cherry"",""preserve""]",cherry preserve cherry preserve compota jam,
food,377e56f0-7f38-5966-8341-9de144a23e08,,Compota de damasco,Apricot Preserve,,,"[""compota"",""jam"",""damasco"",""apricot"",""preserve""]",apricot preserve apricot preserve compota jam,
food,a45f2b11-ce61-5665-b523-d3cf30208b2f,,Compota de laranja,Orange Preserve,,,"[""compota"",""jam"",""laranja"",""orange"",""preserve""]",orange preserve orange preserve compota jam,
food,b0507aa3-5767-5773-b523-a6b2e67878ff,,Conchiglie,Conchiglie,,,"[""pastas"",""massas"",""conchiglie"",""conchas"",""seca"",""dry""]",conchiglie conchiglie pastas massas conchas,
food,fbd5e706-ef8c-55b0-a483-120c4c78851a,,Conchiglie (cozido),Conchiglie (cooked),,,"[""pastas"",""massas"",""conchiglie"",""conchas"",""cozidos"",""cooked"",""cozido"",""boiled""]",conchiglie cooked conchiglie cooked pastas massas conchas,
food,0d8e2a0a-18b3-5ade-9a51-82c877546737,,Condimento de mostarda,Condimento Mostarda,Condiment Mustard,,"[""condimento"",""mostarda"",""mustard""]",condimento mostarda condimento mostarda mustard,
food,ed55ec77-367b-54c0-aee7-b13957061ab9,,Coração de galinha cru,Raw Chicken Heart,,,"[""coração"",""coracao"",""galinha"",""cru"",""raw"",""chicken"",""heart""]",raw chicken heart raw chicken heart coracao galinha,
food,37d11243-20a7-509a-ac32-6da877b18963,,"Coração de porco, cru",Raw Pork Heart,,,"[""coração"",""coracao"",""porco"",""pork"",""cru"",""raw"",""heart""]",raw pork heart raw pork heart coracao,
food,fb7509f8-7cb1-52e9-9e10-b6447b865f57,,"Coração de porco, estufado com banha e margarina",Stewed Pork Heart with Lard and Margarine,,,"[""coração"",""coracao"",""porco"",""pork"",""estufado"",""stewed"",""banha"",""margarina"",""margarine"",""heart"",""with"",""lard"",""and""]",stewed pork heart with lard and margarine stewed pork heart with lard and margarine coracao estufado banha margarina,
food,6ecd9a1c-77e7-5778-ab96-853a34903449,,"Coração de vaca, cozido",Cooked Beef Heart,,,"[""coração"",""coracao"",""vaca"",""beef"",""cozido"",""cooked"",""boiled"",""heart""]",cooked beef heart cooked beef heart coracao vaca,
food,6f2de68f-6af9-52c0-b01c-3cfafd67792a,,"Coração de vaca, cru",Raw Beef Heart,,,"[""coração"",""coracao"",""vaca"",""beef"",""cru"",""raw"",""heart""]",raw beef heart raw beef heart coracao vaca,
food,73c650f1-f080-5548-a75e-c17aa8d326fa,,"Coração de vaca, estufado com banha e margarina",Stewed Beef Heart with Lard and Margarine,,,"[""coração"",""coracao"",""vaca"",""beef"",""estufado"",""stewed"",""banha"",""margarina"",""margarine"",""heart"",""with"",""lard"",""and""]",stewed beef heart with lard and margarine stewed beef heart with lard and margarine coracao vaca estufado banha margarina,
food,120ec132-dba4-5e85-b6de-744edb199bba,,"Coração de vitela, cru",Raw Veal Heart,,,"[""coração"",""coracao"",""vitela"",""veal"",""cru"",""raw"",""heart""]",raw veal heart raw veal heart coracao vitela,
food,e71990c4-0b7b-5e3d-a794-2b1640590973,,Corvina cozida,Corvina Cooked,"Meagre, Cooked",,"[""corvina"",""croaker"",""fish"",""cozida"",""cooked"",""boiled""]",corvina cooked corvina cooked croaker,
food,28906791-a113-5459-ae61-8d9d0c67e751,,Corvina crua,Corvina Raw,"Meagre, Raw",,"[""corvina"",""croaker"",""fish"",""crua"",""raw""]",corvina raw corvina raw croaker,
food,ef4d8e9a-4a97-551c-a035-a36bc487d32c,,Costeleta de cabrito crua,Chop Kid Goat Raw,"Chop Kid Goat, Raw",,"[""costeleta"",""cabrito"",""crua"",""raw"",""chop"",""kid"",""goat""]",chop kid goat raw chop kid goat raw costeleta cabrito,
food,bb0ad4e2-a1ec-5411-9f1a-26a49df6e683,,Costeleta de cabrito grelhada,Chop Kid Goat Grilled,"Chop Kid Goat, Grilled",,"[""costeleta"",""cabrito"",""grelhada"",""grilled"",""chop"",""kid"",""goat""]",chop kid goat grilled chop kid goat grilled costeleta cabrito,
food,5b62ac94-88b4-56b5-b3e7-effa54674513,,"Costeleta de carneiro, crua",Chop Mutton Raw,"Chop Mutton, Raw",,"[""costeleta"",""carneiro"",""mutton"",""lamb"",""crua"",""raw"",""chop""]",chop mutton raw chop mutton raw costeleta carneiro lamb,
food,aced6c1e-d235-5f43-9e45-eb1bd7facd23,,Costeleta de porco gorda crua,Chop Pork Fat Raw,"Chop Pork Fat, Raw",,"[""costeleta"",""porco"",""pork"",""gorda"",""fatty"",""crua"",""raw"",""chop"",""fat""]",chop pork fat raw chop pork fat raw costeleta gorda fatty,
food,c9e8f6fd-237d-5018-996e-0d62b59b19ea,,Costeleta de porco gorda grelhada,Chop Pork Fat Grilled,"Chop Pork Fat, Grilled",,"[""costeleta"",""porco"",""pork"",""gorda"",""fatty"",""grelhada"",""grilled"",""chop"",""fat""]",chop pork fat grilled chop pork fat grilled costeleta gorda fatty,
food,7b63585f-c416-51b8-a422-f2e922a65008,,Costeleta de porco grelhada,Chop Pork Grilled,"Chop Pork, Grilled",,"[""costeleta"",""porco"",""pork"",""grelhada"",""grilled"",""chop""]",chop pork grilled chop pork grilled costeleta,
food,90cf7d09-446e-5d66-8c70-5281d187930a,,Costeleta de porco meio gorda crua,Chop Pork Semi-fat Raw,"Chop Pork Semi-fat, Raw",,"[""costeleta"",""porco"",""pork"",""meio"",""gorda"",""fatty"",""crua"",""raw"",""chop"",""semi"",""fat""]",chop pork semi fat raw chop pork semi fat raw costeleta gorda fatty,
food,1fbb8212-191b-5280-be16-7c30e1f2c119,,Costeleta de porco meio gorda estufada,Chop Pork Semi-fat Stewed,"Chop Pork Semi-fat, Stewed",,"[""costeleta"",""porco"",""pork"",""meio"",""gorda"",""fatty"",""estufada"",""stewed"",""chop"",""semi"",""fat""]",chop pork semi fat stewed chop pork semi fat stewed costeleta gorda fatty estufada,
food,93acb30b-4021-533b-810c-031dc0ce0fc2,,Costeleta de porco meio gorda estufada com azeite e banha,Chop Pork Semi-fat Stewed Olive Oil Lard,,,"[""costeleta"",""porco"",""pork"",""meio"",""gorda"",""fatty"",""estufada"",""stewed"",""azeite"",""olive"",""oil"",""banha"",""chop"",""semi"",""fat"",""lard""]",chop pork semi fat stewed olive oil lard chop pork semi fat stewed olive oil lard costeleta gorda fatty estufada banha,
food,01cf6b24-14b7-5eb9-8c81-0a4d6ec3df76,,Costeleta de porco meio gorda estufada com azeite e margarina,Chop Pork Semi-fat Stewed Olive Oil Margarine,,,"[""costeleta"",""porco"",""pork"",""meio"",""gorda"",""fatty"",""estufada"",""stewed"",""azeite"",""olive"",""oil"",""margarina"",""margarine"",""chop"",""semi"",""fat""]",chop pork semi fat stewed olive oil margarine chop pork semi fat stewed olive oil margarine costeleta gorda fatty estufada margarina,
food,697ca803-3a94-5334-90f0-68282e4656e2,,Costeleta de porco meio gorda estufada com margarina,Chop Pork Semi-fat Stewed Margarine,,,"[""costeleta"",""porco"",""pork"",""meio"",""gorda"",""fatty"",""estufada"",""stewed"",""margarina"",""margarine"",""chop"",""semi"",""fat""]",chop pork semi fat stewed margarine chop pork semi fat stewed margarine costeleta gorda fatty estufada margarina,
food,8c1d65ec-edbc-53d8-9865-4d3e70ba5d02,,Costeleta de porco meio gorda estufada com óleo alimentar e banha,Chop Pork Semi-fat Stewed Cooking Oil Lard,,,"[""costeleta"",""porco"",""pork"",""meio"",""gorda"",""fatty"",""estufada"",""stewed"",""óleo"",""oleo"",""oil"",""alimentar"",""banha"",""chop"",""semi"",""fat"",""cooking"",""lard""]",chop pork semi fat stewed cooking oil lard chop pork semi fat stewed cooking oil lard costeleta gorda fatty estufada oleo alimentar banha,
food,6158c316-ab47-51e7-b303-60d89fc57689,,"Costeleta de porco meio gorda estufada, sem molho",Chop Pork Semi-fat Stewed Sauce,"Chop Pork Semi-fat, Stewed without Sauce",,"[""costeleta"",""porco"",""pork"",""meio"",""gorda"",""fatty"",""estufada"",""stewed"",""molho"",""sauce"",""chop"",""semi"",""fat""]",chop pork semi fat stewed sauce chop pork semi fat stewed sauce costeleta gorda fatty estufada,
food,f08a6351-e3a7-57eb-b9ba-aef80b3f4870,,Costeleta de porco meio gorda frita panada,Chop Pork Semi-fat Fried Panada,,,"[""costeleta"",""porco"",""pork"",""meio"",""gorda"",""fatty"",""frita"",""fried"",""panada"",""chop"",""semi"",""fat""]",chop pork semi fat fried panada chop pork semi fat fried panada costeleta gorda fatty frita,
food,9e8ba33e-68ac-5f81-a32f-899f4e0514eb,,Costeleta de porco meio gorda grelhada,Chop Pork Semi-fat Grilled,"Chop Pork Semi-fat, Grilled",,"[""costeleta"",""porco"",""pork"",""meio"",""gorda"",""fatty"",""grelhada"",""grilled"",""chop"",""semi"",""fat""]",chop pork semi fat grilled chop pork semi fat grilled costeleta gorda fatty,
food,e8b6244e-d34e-5846-8d78-3f1f10321012,,Costeleta de vitela crua,Chop Veal Raw,"Chop Veal, Raw",,"[""costeleta"",""vitela"",""veal"",""crua"",""raw"",""chop""]",chop veal raw chop veal raw costeleta vitela,
food,d91817fc-ab61-53d1-9eb3-1dd9d0ce1560,,Costeleta de vitela frita com margarina,Chop Veal Fried Margarine,,,"[""costeleta"",""vitela"",""veal"",""frita"",""fried"",""margarina"",""margarine"",""chop""]",chop veal fried margarine chop veal fried margarine costeleta vitela frita margarina,
food,23d77599-19ce-5518-a7ba-58ccddbc6ccf,,Costeleta de vitela frita panada,Chop Veal Fried Panada,,,"[""costeleta"",""vitela"",""veal"",""frita"",""fried"",""panada"",""chop""]",chop veal fried panada chop veal fried panada costeleta vitela frita,
food,4ab14c5a-751b-5ffe-a8f7-5af0200ac547,,"Costeleta de vitela frita, sem molho",Chop Veal Fried Sauce,"Chop Veal, Fried without Sauce",,"[""costeleta"",""vitela"",""veal"",""frita"",""fried"",""molho"",""sauce"",""chop""]",chop veal fried sauce chop veal fried sauce costeleta vitela frita,
food,b54f1e5a-f663-5037-b287-b465d20dfdab,,Costeleta de vitela grelhada,Chop Veal Grilled,"Chop Veal, Grilled",,"[""costeleta"",""vitela"",""veal"",""grelhada"",""grilled"",""chop""]",chop veal grilled chop veal grilled costeleta vitela,
food,a786010b-d416-5479-8429-7b2311a04b12,,Costeleta ou perna de borrego assada com azeite e margarina,Chop Ou Leg Lamb Roasted Olive Oil Margarine,Chop or Leg Lamb Roasted Olive Oil Margarine,,"[""costeleta"",""perna"",""borrego"",""assada"",""roasted"",""azeite"",""olive"",""oil"",""margarina"",""margarine"",""chop"",""ou"",""leg"",""lamb""]",chop ou leg lamb roasted olive oil margarine chop ou leg lamb roasted olive oil margarine costeleta perna borrego margarina,
food,96c52962-9080-5661-8c55-fc2cbd8eb03f,,Costeleta ou perna de borrego assada com margarina,Chop Ou Leg Lamb Roasted Margarine,Chop or Leg Lamb Roasted Margarine,,"[""costeleta"",""perna"",""borrego"",""assada"",""roasted"",""margarina"",""margarine"",""chop"",""ou"",""leg"",""lamb""]",chop ou leg lamb roasted margarine chop ou leg lamb roasted margarine costeleta perna borrego margarina,
food,31e76c8b-bcf5-5bc4-97a1-b5a4ea208979,,"Costeleta ou perna de borrego frita com margarina, sem molho",Chop Ou Leg Lamb Fried Margarine Sauce,Chop or Leg Lamb Fried Margarine without Sauce,,"[""costeleta"",""perna"",""borrego"",""frita"",""fried"",""margarina"",""margarine"",""molho"",""sauce"",""chop"",""ou"",""leg"",""lamb""]",chop ou leg lamb fried margarine sauce chop ou leg lamb fried margarine sauce costeleta perna borrego frita margarina,
food,24cba569-05ad-5294-b354-7e95d13eae2c,,"Costeleta ou perna de borrego, assada, sem molho",Chop Ou Leg Lamb Roasted Sauce,"Chop or Leg Lamb, Roasted without Sauce",,"[""costeleta"",""perna"",""borrego"",""assada"",""roasted"",""molho"",""sauce"",""chop"",""ou"",""leg"",""lamb""]",chop ou leg lamb roasted sauce chop ou leg lamb roasted sauce costeleta perna borrego,
food,d3a43b00-5dc3-547b-b903-8cac5fdd4f51,,"Costeleta ou perna de borrego, cozida ",Chop Ou Leg Lamb Cooked,"Chop or Leg Lamb, Cooked",,"[""costeleta"",""perna"",""borrego"",""cozida"",""cooked"",""boiled"",""chop"",""ou"",""leg"",""lamb""]",chop ou leg lamb cooked chop ou leg lamb cooked costeleta perna borrego,
food,8fdf9cd3-c98b-5c3e-bb09-f819ec4588ff,,"Costeleta ou perna de borrego, crua ",Chop Ou Leg Lamb Raw,"Chop or Leg Lamb, Raw",,"[""costeleta"",""perna"",""borrego"",""crua"",""raw"",""chop"",""ou"",""leg"",""lamb""]",chop ou leg lamb raw chop ou leg lamb raw costeleta perna borrego,
food,639e16a9-d7fe-54a6-85da-2a09ad03e20b,,"Costeleta ou perna de borrego, estufada com azeite e margarina",Chop Ou Leg Lamb Stewed Olive Oil Margarine,Chop or Leg Lamb Stewed Olive Oil Margarine,,"[""costeleta"",""perna"",""borrego"",""estufada"",""stewed"",""azeite"",""olive"",""oil"",""margarina"",""margarine"",""chop"",""ou"",""leg"",""lamb""]",chop ou leg lamb stewed olive oil margarine chop ou leg lamb stewed olive oil margarine costeleta perna borrego estufada margarina,
food,2aec6c4c-9b86-55b8-ac23-e31c43319cb8,,"Costeleta ou perna de borrego, estufada com margarina",Chop Ou Leg Lamb Stewed Margarine,Chop or Leg Lamb Stewed Margarine,,"[""costeleta"",""perna"",""borrego"",""estufada"",""stewed"",""margarina"",""margarine"",""chop"",""ou"",""leg"",""lamb""]",chop ou leg lamb stewed margarine chop ou leg lamb stewed margarine costeleta perna borrego estufada margarina,
food,4d9bb42e-f5f7-5401-8886-a2278388e334,,"Costeleta ou perna de borrego, estufada sem molho",Chop Ou Leg Lamb Stewed Sauce,"Chop or Leg Lamb, Stewed without Sauce",,"[""costeleta"",""perna"",""borrego"",""estufada"",""stewed"",""molho"",""sauce"",""chop"",""ou"",""leg"",""lamb""]",chop ou leg lamb stewed sauce chop ou leg lamb stewed sauce costeleta perna borrego estufada,
food,cbec6ef4-ea3c-55de-8e16-978b9a0d1346,,"Costeleta ou perna de borrego, grelhada",Chop Ou Leg Lamb Grilled,"Chop or Leg Lamb, Grilled",,"[""costeleta"",""perna"",""borrego"",""grelhada"",""grilled"",""chop"",""ou"",""leg"",""lamb""]",chop ou leg lamb grilled chop ou leg lamb grilled costeleta perna borrego,
food,e9179bed-8570-5b50-a44b-28fbc6dccf53,,"Costeleta ou perna de carneiro magra frita com margarina, sem molho",Chop Ou Leg Mutton Magra Fried Margarine Sauce,Chop or Leg Mutton Lean Fried Margarine without Sauce,,"[""costeleta"",""perna"",""carneiro"",""mutton"",""lamb"",""magra"",""lean"",""light"",""frita"",""fried"",""margarina"",""margarine"",""molho"",""sauce"",""chop"",""ou"",""leg""]",chop ou leg mutton magra fried margarine sauce chop ou leg mutton magra fried margarine sauce costeleta perna carneiro lamb lean light frita margarina,
food,481d0acb-4c6e-5521-bd27-fab37bf79d10,,Cotovelos,Cotovelos,,,"[""pastas"",""massas"",""cotovelos"",""cotovelinhos"",""elbow"",""macaroni"",""seca"",""dry"",""cotovelo""]",cotovelos cotovelos pastas massas cotovelinhos elbow macaroni cotovelo,
food,547f1631-3223-58cc-a22c-2053f605a0a0,,Courgette,Courgette,,,"[""courgette"",""zucchini""]",courgette courgette zucchini,
food,a41181a6-2f05-53d3-aafa-afb802227f9f,,Couve,Kale (Cabbage),,,"[""couve"",""cabbage"",""kale""]",kale cabbage kale cabbage,
food,5e608168-8cec-53de-83c2-ce83c9ce51be,,Couve Roxa,Cabbage Red,,,"[""couve"",""cabbage"",""roxa"",""red"",""kale"",""purple""]",cabbage red cabbage red kale,
food,b391a17d-b481-5fe3-9248-67e598117649,,Couve-branca cozida,Couve-branca Cooked,"White Cabbage, Cooked",,"[""couve"",""cabbage"",""kale"",""branca"",""cozida"",""cooked"",""boiled""]",couve branca cooked couve branca cooked cabbage kale,
food,80299719-3e97-5a2d-9fb1-248c2b627d1a,,Couve-branca crua,Couve-branca Raw,"White Cabbage, Raw",,"[""couve"",""cabbage"",""kale"",""branca"",""crua"",""raw""]",couve branca raw couve branca raw cabbage kale,
food,feadce27-6fac-5ed6-8edc-26b0a2382ffd,,Couve-de-Bruxelas cozida,Couve-de-bruxelas Cooked,"Brussels Sprouts, Cooked",,"[""couve"",""cabbage"",""kale"",""bruxelas"",""bruxela"",""cozida"",""cooked"",""boiled"",""de""]",couve de bruxelas cooked couve de bruxelas cooked cabbage kale bruxela,
food,62f815e5-a11f-57a9-b3d7-a9be72736aaa,,Couve-de-Bruxelas crua,Couve-de-bruxelas Raw,"Brussels Sprouts, Raw",,"[""couve"",""cabbage"",""kale"",""bruxelas"",""bruxela"",""crua"",""raw"",""de""]",couve de bruxelas raw couve de bruxelas raw cabbage kale bruxela,
food,b06adfdb-9f94-590e-8781-186996a73366,,Couve-Flor (floretes),Couve-flor (floretes),Cauliflower (Florets),,"[""couve"",""flor"",""cauliflower"",""florets"",""cabbage"",""kale"",""flower"",""floretes"",""florete""]",couve flor floretes couve flor floretes cauliflower florets cabbage kale flower florete,
food,9c7284f5-0c53-5b3d-bf69-7481e49a3d87,,Couve-flor cozida,Couve-flor Cooked,"Cauliflower, Cooked",,"[""couve"",""cabbage"",""kale"",""flor"",""flower"",""cozida"",""cooked"",""boiled""]",couve flor cooked couve flor cooked cabbage kale flower,
food,bedde764-000f-5d16-8614-d487ce6415de,,Couve-flor crua,Couve-flor Raw,"Cauliflower, Raw",,"[""couve"",""cabbage"",""kale"",""flor"",""flower"",""crua"",""raw""]",couve flor raw couve flor raw cabbage kale flower,
food,74af643b-024e-509c-ae77-f307a7a1e9c8,,Couve-galega cozida,Couve-galega Cooked,"Kale, Cooked",,"[""couve"",""cabbage"",""kale"",""galega"",""cozida"",""cooked"",""boiled""]",couve galega cooked couve galega cooked cabbage kale,
food,84950148-3d57-5bff-9573-8ecccbfbc0bc,,Couve-galega crua,Couve-galega Raw,"Kale, Raw",,"[""couve"",""cabbage"",""kale"",""galega"",""crua"",""raw""]",couve galega raw couve galega raw cabbage kale,
food,7f3232cf-90b7-5fd5-b024-5031e3f74f41,,Couve-lombarda cozida,Couve-lombarda Cooked,"Savoy Cabbage, Cooked",,"[""couve"",""cabbage"",""kale"",""lombarda"",""cozida"",""cooked"",""boiled""]",couve lombarda cooked couve lombarda cooked cabbage kale,
food,f0950d88-63b5-5c62-916f-666c7c5b4c6d,,Couve-lombarda crua,Couve-lombarda Raw,"Savoy Cabbage, Raw",,"[""couve"",""cabbage"",""kale"",""lombarda"",""crua"",""raw""]",couve lombarda raw couve lombarda raw cabbage kale,
food,93e4300d-11e4-568e-acc4-7fbf2c9c7ad1,,Couve-portuguesa cozida,Couve-portuguesa Cooked,"Portuguese Cabbage, Cooked",,"[""couve"",""cabbage"",""kale"",""portuguesa"",""cozida"",""cooked"",""boiled""]",couve portuguesa cooked couve portuguesa cooked cabbage kale,
food,7a338d46-e89b-570f-a331-1c209ed88492,,Couve-portuguesa crua,Couve-portuguesa Raw,"Portuguese Cabbage, Raw",,"[""couve"",""cabbage"",""kale"",""portuguesa"",""crua"",""raw""]",couve portuguesa raw couve portuguesa raw cabbage kale,
food,580288e8-fc4b-5459-9087-9deca4d6e29d,,Couve-roxa crua,Couve-roxa Raw,"Red Cabbage, Raw",,"[""couve"",""cabbage"",""kale"",""roxa"",""purple"",""red"",""crua"",""raw""]",couve roxa raw couve roxa raw cabbage kale,
food,65957085-9966-50ca-8ed9-6147d20b22eb,,Cozido à portuguesa,Portuguese Cozido,"Portuguese, Boiled",,"[""cozido"",""cooked"",""boiled"",""portuguesa"",""portuguese""]",portuguese cozido portuguese cozido portuguesa,
food,1e2fc155-b1e1-5abf-ae95-979d0c4ecb37,,Cozido à portuguesa com grão,Portuguese Cozido with Chickpeas,"Portuguese, Boiled with Chickpeas",,"[""cozido"",""cooked"",""boiled"",""portuguesa"",""grão"",""grao"",""chickpea"",""portuguese"",""with"",""chickpeas""]",portuguese cozido with chickpeas portuguese cozido with chickpeas portuguesa grao chickpea,
food,31256ba5-d39b-52df-8989-9de4aa506a43,,Cravinho,Cravinho,Cloves,,"[""cravinho""]",cravinho cravinho,
food,2e106cec-3dc1-555c-8b31-f7cb5d3869eb,,Creme culinário,Cooking Cream,,,"[""creme"",""cream"",""culinário"",""culinario"",""cooking""]",cooking cream cooking cream creme,
food,ec7b6090-de8b-5869-8144-2089268e5139,,"Creme culinário líquido, 65% gordura, com sal",Cooking Cream 65% Fat Salted,"Cooking Cream 65% Fat, Salted",,"[""creme"",""cream"",""culinário"",""culinario"",""líquido"",""liquido"",""65%"",""gordura"",""sal"",""salt"",""cooking"",""65"",""fat"",""salted""]",cooking cream 65 fat salted cooking cream 65 fat salted creme gordura,
food,efcf77ac-aa8e-5219-a48c-47ea45e328bf,,Creme de camarão,Shrimp Cream Soup,,,"[""creme"",""cream"",""camarão"",""camarao"",""shrimp"",""prawn"",""soup""]",shrimp cream soup shrimp cream soup creme camarao prawn,
food,621a39b1-158e-5667-86fb-9a5cc4d79035,,Creme de camarão com natas,Shrimp Cream Soup with Cream,,,"[""creme"",""cream"",""camarão"",""camarao"",""shrimp"",""prawn"",""natas"",""nata"",""soup"",""with""]",shrimp cream soup with cream shrimp cream soup with creme camarao prawn,
food,ff082fa7-a26a-5ac1-9e80-cc886b9b60ff,,Creme de ervilhas,Pea Cream Soup,,,"[""creme"",""cream"",""ervilhas"",""ervilha"",""peas"",""pea"",""soup""]",pea cream soup pea cream soup creme ervilhas ervilha peas,
food,35ea86b2-8d02-5340-981e-5f78d433170c,,Creme para barrar de cacau e avelãs (8 marcas),Chocolate Hazelnut Spread,,,"[""creme"",""cream"",""barrar"",""cacau"",""avelãs"",""avelas"",""avelã"",""marcas"",""marca"",""chocolate"",""hazelnut"",""spread"",""avela""]",chocolate hazelnut spread chocolate hazelnut spread creme cream cacau avelas avela marcas marca,
food,420241e6-e350-55a2-b71d-b8ecb12bcd40,,"Creme vegetal culinário, 75% gordura, sem sal",Vegetable Cooking Cream 75% Fat Unsalted,"Vegetable Cooking Cream 75% Fat, Unsalted",,"[""creme"",""cream"",""vegetal"",""culinário"",""culinario"",""75%"",""gordura"",""sal"",""salt"",""vegetable"",""cooking"",""75"",""fat"",""unsalted""]",vegetable cooking cream 75 fat unsalted vegetable cooking cream 75 fat unsalted creme gordura,
food,4bdaecf7-a0eb-506e-b95d-2e847fc1cce8,,"Creme vegetal para barrar  72% gordura, 33% ácidos gordos polinsaturados",Vegetable Spread 72% Fat Polyunsaturated,,,"[""creme"",""cream"",""vegetal"",""barrar"",""72%"",""gordura"",""33%"",""ácidos"",""acidos"",""ácido"",""gordos"",""gordo"",""polinsaturados"",""polinsaturado"",""vegetable"",""spread"",""72"",""fat"",""polyunsaturated"",""33"",""acido""]",vegetable spread 72 fat polyunsaturated vegetable spread 72 fat polyunsaturated creme cream gordura 33 acido,
food,6bcdcc6f-4075-5ffa-a153-c419e2624e6d,,"Creme vegetal para barrar 35% gordura, com fitosteróis",Vegetable Spread 35% Fat with Phytosterols,,,"[""creme"",""cream"",""vegetal"",""barrar"",""35%"",""gordura"",""fitosteróis"",""fitosterois"",""fitosterói"",""vegetable"",""spread"",""35"",""fat"",""with"",""phytosterols"",""fitosteroi""]",vegetable spread 35 fat with phytosterols vegetable spread 35 fat with phytosterols creme cream gordura fitosteroi,
food,52a8147e-8edc-59a8-a7c3-f366d3d0ae54,,Creme vegetal para barrar 37% gordura,Vegetable Spread 37% Fat,,,"[""creme"",""cream"",""vegetal"",""barrar"",""37%"",""gordura"",""vegetable"",""spread"",""37"",""fat""]",vegetable spread 37 fat vegetable spread 37 fat creme cream gordura,
food,5275b279-dbcf-569c-ab26-f3c239df34fd,,"Creme vegetal para barrar 58% gordura, com cálcio",Vegetable Spread 58% Fat with Calcium,,,"[""creme"",""cream"",""vegetal"",""barrar"",""58%"",""gordura"",""cálcio"",""calcio"",""vegetable"",""spread"",""58"",""fat"",""with"",""calcium""]",vegetable spread 58 fat with calcium vegetable spread 58 fat with calcium creme cream gordura,
food,4a2d8742-d26c-5a1e-809f-4e8b0640bb11,,"Creme vegetal para barrar 70% gordura, 53% ácidos gordos monoinsaturados",Vegetable Spread 70% Fat Monounsaturated,,,"[""creme"",""cream"",""vegetal"",""barrar"",""70%"",""gordura"",""53%"",""ácidos"",""acidos"",""ácido"",""gordos"",""gordo"",""monoinsaturados"",""monoinsaturado"",""vegetable"",""spread"",""70"",""fat"",""monounsaturated"",""53"",""acido""]",vegetable spread 70 fat monounsaturated vegetable spread 70 fat monounsaturated creme cream gordura 53 acido,
food,5a849a0b-9fb7-5d99-83f9-9af9986fa20d,,"Creme vegetal para barrar 70% gordura, com sal",Vegetable Spread 70% Fat Salted,"Vegetable Spread 70% Fat, Salted",,"[""creme"",""cream"",""vegetal"",""barrar"",""70%"",""gordura"",""sal"",""salt"",""vegetable"",""spread"",""70"",""fat"",""salted""]",vegetable spread 70 fat salted vegetable spread 70 fat salted creme cream gordura,
food,ea1759d7-f482-5874-ab7d-f9e062aa96c3,,Croissant,Croissant,,,"[""croissant""]",croissant croissant,
food,0e821804-73fe-59a2-9da4-845f49e89fc5,,Croquete,Croquete,,,"[""croquete""]",croquete croquete,
food,36375f56-ece8-5713-b8db-3528db1142ba,,Croquete de carne de vaca meio-gorda,Croquete Beef Meio-gorda,,,"[""croquete"",""carne"",""meat"",""vaca"",""beef"",""meio"",""gorda"",""fatty""]",croquete beef meio gorda croquete beef meio gorda vaca fatty,
food,969f6085-e526-5ea4-9628-5f3e582feba7,,Cubo de carne de galinha para caldo,Chicken Stock Cube,,,"[""cubo"",""carne"",""meat"",""galinha"",""caldo"",""chicken"",""stock"",""cube""]",chicken stock cube chicken stock cube cubo galinha,
food,345c14df-cafe-588f-b640-cb798aa31e7b,,Cubo de carne de vaca para caldo,Beef Stock Cube,,,"[""cubo"",""carne"",""meat"",""vaca"",""beef"",""caldo"",""stock"",""cube""]",beef stock cube beef stock cube cubo vaca,
food,ece1696d-ceab-585e-916e-5cd3956dfdad,,Curgete crua,Curgete Raw,"Curgete, Raw",,"[""curgete"",""courgette"",""abobrinha"",""zucchini"",""raw"",""crua"",""legume"",""vegetable""]",curgete raw curgete raw courgette abobrinha zucchini,
food,04455ab1-a2c3-53c9-839d-7d7546ad0425,,Curgete frita com óleo alimentar,Curgete Fried Cooking Oil,,,"[""curgete"",""courgette"",""zucchini"",""frita"",""fried"",""óleo"",""oleo"",""oil"",""alimentar"",""cooking""]",curgete fried cooking oil curgete fried cooking oil courgette zucchini frita oleo alimentar,
food,b650db82-1e85-5623-ae66-8c44cba675dc,,Damasco,Damascos,,,"[""damasco"",""damascos"",""alperce"",""alperces"",""apricot"",""apricots"",""fruta"",""fruit""]",damascos damascos alperce alperces apricot apricots,
food,279927ed-c4c5-5a7f-ba45-5e895f25ca8d,,Damasco seco,Dried Apricot,,,"[""damasco"",""apricot"",""seco"",""dried""]",dried apricot dried apricot,
food,72fa13ad-9864-52b9-9209-e8fcddbac9c3,,"Damasco, conserva em calda de açúcar",Canned in Sugar Syrup (Apricot),,,"[""damasco"",""apricot"",""conserva"",""canned"",""calda"",""açúcar"",""acucar"",""sugar"",""in"",""syrup""]",canned in sugar syrup apricot canned in sugar syrup apricot,
food,cbef3538-e76e-5939-8dcb-8fe19d0aa888,,Danonino,Danonino,,Danone,"[""danonino"",""danoninho"",""danone"",""iogurte"",""yogurt"",""queijo"",""fresco"",""fresh"",""cheese""]",danonino danone danonino danone danoninho yogurt cheese,
food,4838506f-340b-5585-8449-ddd1c0adb18e,,Dextrose,Dextrose,,,"[""adoçante"",""sweetener"",""dextrose"",""adocante""]",dextrose dextrose adocante sweetener,
food,f00e6577-b3a6-507b-8e59-ba298a1e5267,,Dióspiro,Diospiro,Persimmon,,"[""dióspiro"",""diospiro""]",diospiro diospiro,
food,7776a21e-47a7-5dbd-9434-db21f278c937,,Dióspiro desidratado,Dehydrated Diospiro,Dehydrated Persimmon,,"[""dióspiro"",""diospiro"",""desidratado"",""dehydrated"",""dried""]",dehydrated diospiro dehydrated diospiro,
food,f5148d0c-dd25-528d-bc97-21f8f3c16eac,,Doce de Abóbora,Pumpkin Jam,,,"[""doces"",""abóboras"",""pumpkin"",""jam"",""doce"",""sweet"",""abóbora"",""abobora"",""squash"",""aboboras""]",pumpkin jam pumpkin jam doces aboboras sweet squash,
food,e2d2f43b-e8c5-5b70-a7bf-2da07851b97a,,Doce de cereja,Cherry Jam,,,"[""doce"",""sweet"",""cereja"",""cherry"",""jam""]",cherry jam cherry jam sweet,
food,e44d1107-a9c0-58a7-b8de-884ad5bf5267,,Doce de damasco,Apricot Jam,,,"[""doce"",""sweet"",""damasco"",""apricot"",""jam""]",apricot jam apricot jam sweet,
food,b9bd74fb-463c-54bc-bcf3-30c3213806cb,,Doce de framboesa,Raspberry Jam,,,"[""doce"",""sweet"",""framboesa"",""raspberry"",""jam""]",raspberry jam raspberry jam sweet,
food,6ad0d8ae-9c83-5ad6-8065-44eda69c611a,,Doce de ginja,Sour Cherry Jam,,,"[""doce"",""sweet"",""ginja"",""sour"",""cherry"",""jam""]",sour cherry jam sour cherry jam sweet ginja,
food,e34e51a6-0f32-5723-8e5c-661b8ee5d308,,Doce de maçã,Apple Jam,,,"[""doce"",""sweet"",""maçã"",""maca"",""apple"",""jam""]",apple jam apple jam sweet,
food,dd5467d4-fc8e-5b4d-aa0b-c6aae2da0251,,Doce de morango,Strawberry Jam,,,"[""doce"",""sweet"",""morango"",""strawberry"",""jam""]",strawberry jam strawberry jam sweet,
food,a95ad980-69f2-530b-9ea9-f4d11c87f54f,,Doce de pêssego,Peach Jam,,,"[""doce"",""sweet"",""pêssego"",""pessego"",""peach"",""jam""]",peach jam peach jam sweet,
food,5e44672d-587b-5f58-8a4f-9a4b0bd0ffff,,Donut,Donut,,,"[""donut"",""donuts"",""clássicos"",""classic"",""doughnuts"",""classicos""]",donut donut donuts classicos classic doughnuts,
food,4cf6c81a-1ede-5047-afd5-8345ea409d57,,Donut recheado com doce de fruta,Donut Filled with Fruit Jam,,,"[""donut"",""recheado"",""doce"",""sweet"",""fruta"",""fruit"",""filled"",""with"",""jam""]",donut filled with fruit jam donut filled with fruit jam sweet,
food,29a66bf4-4e7f-5471-aadb-cac89312bd0c,,Dourada cozida,Dourada Cooked,"Gilt-head Bream, Cooked",,"[""dourada"",""sea"",""bream"",""fish"",""cozida"",""cooked"",""boiled""]",dourada cooked dourada cooked sea bream,
food,5fe9d1e3-a451-509e-bd20-8d3bd5c9328d,,Dourada crua,Dourada Raw,"Gilt-head Bream, Raw",,"[""dourada"",""sea"",""bream"",""fish"",""crua"",""raw""]",dourada raw dourada raw sea bream,
food,c65120bd-5950-501a-9bd0-10f89b2fff57,,Dourada grelhada,Dourada Grilled,"Gilt-head Bream, Grilled",,"[""dourada"",""sea"",""bream"",""fish"",""grelhada"",""grilled""]",dourada grilled dourada grilled sea bream,
food,4ffc6626-5cf7-5b78-aab5-4c2c1cc3ff73,,Eclair,Eclair,,,"[""eclaires"",""eclairs"",""ovo"",""egg"",""eclair""]",eclair eclair eclaires eclairs egg,
food,78946df8-a3a7-5efa-8d62-037f701a6c4e,,Eclair (miniatura),Mini Eclair,,,"[""eclaires"",""eclairs"",""ovo"",""egg"",""mini"",""miniaturas"",""eclair"",""miniatura""]",mini eclair mini eclair eclaires eclairs egg miniaturas miniatura,
food,cc725cb3-f177-5802-80b2-43b0a8135eea,,Empada,Empada,,,"[""empada""]",empada empada,
food,c0b879d2-1d35-5b07-af3c-9bf4fd915eb0,,Empadão de atum,Tuna Shepherd's Pie,,,"[""empadão"",""empadao"",""atum"",""tuna"",""shepherd"",""pie""]",tuna shepherd s pie tuna shepherd pie empadao,
food,b4a5c7ec-4c5d-598d-bdc8-fd49888558a2,,Empadão de bacalhau,Cod Shepherd's Pie,,,"[""empadão"",""empadao"",""bacalhau"",""cod"",""shepherd"",""pie""]",cod shepherd s pie cod shepherd pie empadao,
food,b3c33d93-1477-52dc-9c10-eea1a2a2c5ec,,Empadão de carne com manteiga,Meat with Butter Shepherd's Pie,,,"[""empadão"",""empadao"",""carne"",""meat"",""manteiga"",""butter"",""with"",""shepherd"",""pie""]",meat with butter shepherd s pie meat with butter shepherd pie empadao,
food,b6b78ec1-130b-5af0-9fcd-fd952c37bcb4,,Empadão de carne com margarina,Meat with Margarine Shepherd's Pie,,,"[""empadão"",""empadao"",""carne"",""meat"",""margarina"",""margarine"",""with"",""shepherd"",""pie""]",meat with margarine shepherd s pie meat with margarine shepherd pie empadao margarina,
food,b5e5e9db-508f-50df-b838-148c2785c66b,,Empadão de carne guisada,Stewed Meat Shepherd's Pie,,,"[""empadão"",""empadao"",""carne"",""meat"",""guisada"",""stewed"",""shepherd"",""pie""]",stewed meat shepherd s pie stewed meat shepherd pie empadao guisada,
food,040b7407-a1d0-560a-ad47-8d00dc0a843d,,Empadão de pescada e camarão,Hake and Shrimp Shepherd's Pie,,,"[""empadão"",""empadao"",""pescada"",""hake"",""fish"",""camarão"",""camarao"",""shrimp"",""prawn"",""and"",""shepherd"",""pie""]",hake and shrimp shepherd s pie hake and shrimp shepherd pie empadao pescada camarao prawn,
food,e6be37de-1b40-523a-9e56-3aff7c79cbde,,Endívia crua,Endivia Raw,"Endivia, Raw",,"[""endívia"",""endivia"",""crua"",""raw""]",endivia raw endivia raw,
food,e0b1964d-80ad-5374-a013-cf4a7970fb82,,Enguia crua,Enguia Raw,"Eel, Raw",,"[""enguia"",""crua"",""raw""]",enguia raw enguia raw,
food,41e87e47-8016-504d-b912-be2526eab2ee,,Enguia frita,Enguia Fried,"Eel, Fried",,"[""enguia"",""frita"",""fried""]",enguia fried enguia fried frita,
food,8ac55a3c-3844-501a-8c3c-2ad46ebe9988,,Entrecosto de porco cozido,Entrecosto Pork Cooked,"Spare Ribs Pork, Cooked",,"[""entrecosto"",""porco"",""pork"",""cozido"",""cooked"",""boiled""]",entrecosto pork cooked entrecosto pork cooked,
food,e57b378b-52e1-56c3-9d33-0c39a2a3a7bb,,Entrecosto de porco cru,Entrecosto Pork Raw,"Spare Ribs Pork, Raw",,"[""entrecosto"",""porco"",""pork"",""cru"",""raw""]",entrecosto pork raw entrecosto pork raw,
food,c7168832-2841-5417-abf9-daed43084dc8,,Entrecosto de porco estufado com azeite e banha,Entrecosto Pork Stewed Olive Oil Lard,Spare Ribs Pork Stewed Olive Oil Lard,,"[""entrecosto"",""porco"",""pork"",""estufado"",""stewed"",""azeite"",""olive"",""oil"",""banha"",""lard""]",entrecosto pork stewed olive oil lard entrecosto pork stewed olive oil lard estufado banha,
food,d6c1a56f-f1f8-5a8d-a888-071f51a4cd7e,,Entrecosto de porco estufado com azeite e margarina,Entrecosto Pork Stewed Olive Oil Margarine,Spare Ribs Pork Stewed Olive Oil Margarine,,"[""entrecosto"",""porco"",""pork"",""estufado"",""stewed"",""azeite"",""olive"",""oil"",""margarina"",""margarine""]",entrecosto pork stewed olive oil margarine entrecosto pork stewed olive oil margarine estufado margarina,
food,a2b1d953-c274-558a-b912-02c2f39b01e4,,Entrecosto de porco estufado com margarina,Entrecosto Pork Stewed Margarine,Spare Ribs Pork Stewed Margarine,,"[""entrecosto"",""porco"",""pork"",""estufado"",""stewed"",""margarina"",""margarine""]",entrecosto pork stewed margarine entrecosto pork stewed margarine estufado margarina,
food,4045ddfd-587b-52fa-adb1-96c97feeda4c,,Entrecosto de porco estufado com óleo alimentar e banha,Entrecosto Pork Stewed Cooking Oil Lard,Spare Ribs Pork Stewed Cooking Oil Lard,,"[""entrecosto"",""porco"",""pork"",""estufado"",""stewed"",""óleo"",""oleo"",""oil"",""alimentar"",""banha"",""cooking"",""lard""]",entrecosto pork stewed cooking oil lard entrecosto pork stewed cooking oil lard estufado oleo alimentar banha,
food,3b30ac67-4cf3-5d34-ae4b-b50ab13fa1f4,,"Entrecosto de porco estufado, sem molho",Entrecosto Pork Stewed Sauce,"Spare Ribs Pork, Stewed without Sauce",,"[""entrecosto"",""porco"",""pork"",""estufado"",""stewed"",""molho"",""sauce""]",entrecosto pork stewed sauce entrecosto pork stewed sauce estufado,
food,37ebdb5e-d87d-57a9-b6a6-21729acfaf47,,Entrecosto de porco grelhado,Entrecosto Pork Grilled,"Spare Ribs Pork, Grilled",,"[""entrecosto"",""porco"",""pork"",""grelhado"",""grilled""]",entrecosto pork grilled entrecosto pork grilled,
food,9e2404e2-2abe-5353-90a0-af988526c2e5,,Ervilhas,Peas,,,"[""abóbora"",""butternut"",""squash"",""ervilhas"",""ervilha"",""peas""]",peas peas butternut squash ervilhas ervilha,
food,b0a75c34-a7df-52f6-97ec-5de307a679fe,,Ervilhas estufadas,Stewed Peas,,,"[""ervilhas"",""ervilha"",""peas"",""estufadas"",""estufada"",""stewed""]",stewed peas stewed peas ervilhas ervilha estufadas estufada,
food,1fd6e5d7-841c-5308-bc95-377aa5dbbeb8,,Ervilhas secas cozidas,Dried Cooked Peas,,,"[""ervilhas"",""ervilha"",""peas"",""secas"",""seca"",""cozidas"",""cozida"",""cooked"",""boiled"",""dried""]",dried cooked peas dried cooked peas ervilhas ervilha secas,
food,352780e2-c671-5647-bc7b-4a2c2b8c2203,,Ervilhas secas cruas,Dried Raw Peas,,,"[""ervilhas"",""ervilha"",""peas"",""secas"",""seca"",""cruas"",""crua"",""raw"",""dried""]",dried raw peas dried raw peas ervilhas ervilha secas,
food,7ca2450e-4c18-5108-b460-49aae25c0528,,"Ervilhas, grão, congeladas cozidas",Frozen Cooked Peas,,,"[""ervilhas"",""ervilha"",""peas"",""grão"",""grao"",""chickpea"",""congeladas"",""congelada"",""cozidas"",""cozida"",""cooked"",""boiled"",""frozen""]",frozen cooked peas frozen cooked peas ervilhas ervilha grao chickpea,
food,ca760507-900f-5c02-aae8-c84e99d4e0ad,,"Ervilhas, grão, congeladas cruas",Frozen Raw Peas,,,"[""ervilhas"",""ervilha"",""peas"",""grão"",""grao"",""chickpea"",""congeladas"",""congelada"",""cruas"",""crua"",""raw"",""frozen""]",frozen raw peas frozen raw peas ervilhas ervilha grao chickpea,
food,dd3d20e7-e878-550f-9f3a-488164545474,,"Ervilhas, grão, frescas cozidas",Fresh Cooked Peas,,,"[""ervilhas"",""ervilha"",""peas"",""grão"",""grao"",""chickpea"",""frescas"",""fresca"",""cozidas"",""cozida"",""cooked"",""boiled"",""fresh""]",fresh cooked peas fresh cooked peas ervilhas ervilha grao chickpea frescas,
food,8df0324a-07c0-579e-993b-d91e928b34d7,,"Ervilhas, grão, frescas cruas",Fresh Raw Peas,,,"[""ervilhas"",""ervilha"",""peas"",""grão"",""grao"",""chickpea"",""frescas"",""fresca"",""cruas"",""crua"",""raw"",""fresh""]",fresh raw peas fresh raw peas ervilhas ervilha grao chickpea frescas,
food,41ad03a8-91d6-5527-92ca-2636f080ede0,,"Ervilhas, vagens cozidas",Cooked Pea Pods,,,"[""ervilhas"",""ervilha"",""peas"",""vagens"",""vagen"",""cozidas"",""cozida"",""cooked"",""boiled"",""pea"",""pods""]",cooked pea pods cooked pea pods ervilhas ervilha peas,
food,eea29c2b-2008-5f7b-86f2-fd7f3927a3b0,,"Ervilhas, vagens cruas",Raw Pea Pods,,,"[""ervilhas"",""ervilha"",""peas"",""vagens"",""vagen"",""cruas"",""crua"",""raw"",""pea"",""pods""]",raw pea pods raw pea pods ervilhas ervilha peas,
food,7b6e723d-c956-52a8-b0c0-c569848b21d1,,Espadarte cru,Swordfish Raw,"Swordfish, Raw",,"[""espadarte"",""cru"",""raw"",""swordfish""]",swordfish raw swordfish raw espadarte,
food,c1ca3e2b-5b67-587f-8bb0-ec949c17666d,,Espadarte grelhado,Swordfish Grilled,"Swordfish, Grilled",,"[""espadarte"",""grelhado"",""grilled"",""swordfish""]",swordfish grilled swordfish grilled espadarte,
food,85e46c18-b569-5e83-9f4c-5fb4ca3b24b9,,Espargos,Espargos,Asparagus,,"[""espargos"",""aspargus"",""espargo"",""asparagus"",""vegetable"",""legume""]",espargos espargos aspargus espargo asparagus,
food,0f444883-2ff8-5231-8cd7-bebaaeb662bd,,Espargos cozidos,Cooked Espargo,Cooked Asparagus,,"[""espargo"",""espargos"",""asparagus"",""cozido"",""cozidos"",""cooked"",""vegetable"",""legume"",""boiled""]",cooked espargo cooked espargo espargos asparagus,
food,03c08d2e-6774-5a36-9106-649c85e99852,,Espargos crus,Raw Espargos,Raw Asparagus,,"[""espargos"",""espargo"",""asparagus"",""crus"",""raw""]",raw espargos raw espargos espargo asparagus,
food,b24e5349-8883-5d25-9614-3a82a688906c,,Espargos grelhados,Espargos Grelhados,"Asparagus, Grilled",,"[""espargos"",""grelhado"",""grilled"",""aspargus"",""espargo"",""asparagus"",""grelhados""]",espargos grelhados espargos grelhados aspargus espargo asparagus,
food,e0c8c40f-7f23-5157-ae42-211a88fd0ae9,,Esparguete,Spaghetti,,,"[""pastas"",""massas"",""esparguete"",""spaghetti"",""seca"",""dry""]",spaghetti spaghetti pastas massas esparguete,
food,aa4c4205-aab3-5176-b6ac-45b1d76f033d,,Esparguete cozido,Spaghetti Cooked,"Spaghetti, Cooked",,"[""esparguete"",""cozido"",""cooked"",""boiled"",""pastas"",""massas"",""spaghetti"",""cozida""]",spaghetti cooked spaghetti cooked esparguete pastas massas,
food,7c772806-e45d-577e-ba89-eca66dabc82c,,Esparguete cru,Spaghetti Raw,"Spaghetti, Raw",,"[""esparguete"",""cru"",""raw"",""spaghetti""]",spaghetti raw spaghetti raw esparguete,
food,4a55aa40-e468-54d5-b9f4-0ba2d3c12ee2,,Esparguete estufado com cenoura e azeite,Spaghetti Stewed Carrot Olive Oil,,,"[""esparguete"",""estufado"",""stewed"",""cenoura"",""carrot"",""azeite"",""olive"",""oil"",""spaghetti""]",spaghetti stewed carrot olive oil spaghetti stewed carrot olive oil esparguete estufado,
food,97c6364a-d205-5b9f-aee4-a96b311824f8,,Esparguete estufado com cenoura e margarina,Spaghetti Stewed Carrot Margarine,,,"[""esparguete"",""estufado"",""stewed"",""cenoura"",""carrot"",""margarina"",""margarine"",""spaghetti""]",spaghetti stewed carrot margarine spaghetti stewed carrot margarine esparguete estufado margarina,
food,b8163d1b-e265-5018-842b-ca47d0ab56ff,,Espetada de porco grelhada,Espetada Pork Grilled,"Skewer Pork, Grilled",,"[""espetada"",""porco"",""pork"",""grelhada"",""grilled""]",espetada pork grilled espetada pork grilled,
food,30f33642-77a0-5a3f-a40d-4aa8d50f28f3,,Espetada de vaca grelhada,Espetada Beef Grilled,"Skewer Beef, Grilled",,"[""espetada"",""vaca"",""beef"",""grelhada"",""grilled""]",espetada beef grilled espetada beef grilled vaca,
food,630ee79f-9476-5564-bc21-5d31d0f8e039,,Espinafres,Spinach,,,"[""espinafres"",""spinach"",""espinafre""]",spinach spinach espinafres espinafre,
food,e00a5227-59ba-50c8-9832-950d381c5075,,Espinafres crus,Raw Spinach,,,"[""espinafres"",""espinafre"",""spinach"",""crus"",""raw""]",raw spinach raw spinach espinafres espinafre,
food,180a65ea-ef0c-55c9-8f7f-96ae1c1ef58f,,Estragão fresco,Estragao Fresh,"Tarragon, Fresh",,"[""estragão"",""estragao"",""fresco"",""fresh""]",estragao fresh estragao fresh,
food,45a74708-afe2-5dcb-a5dc-e77468577b98,,Estragão seco,Estragao Dried,"Tarragon, Dried",,"[""estragão"",""estragao"",""seco"",""dried""]",estragao dried estragao dried,
food,a05830b6-6d46-5ffd-a3d3-8d9a34950b11,,Estrelitas,Estrelitas,,,"[""estrelitas"",""cereais"",""cereals"",""honey"",""estrelita""]",estrelitas estrelitas honey estrelita,
food,61fc1bc6-509b-55c1-8454-f1133989b639,,Faneca crua,Faneca Raw,"Pouting, Raw",,"[""faneca"",""crua"",""raw""]",faneca raw faneca raw,
food,9a7aec87-2f29-571b-be31-bc1f27784e8b,,Farelo de trigo,Wheat Bran,,,"[""farelo"",""trigo"",""wheat"",""bran""]",wheat bran wheat bran farelo,
food,0f3f33d1-9f24-58b0-8237-6a21ac7df7fb,,Farinha de alfarroba,Flour Alfarroba,Flour Carob,,"[""farinha"",""flour"",""alfarroba""]",flour alfarroba flour alfarroba,
food,eee85426-12f3-55be-a132-3a6e35b2e7d5,,Farinha de aveia,Oat Flour,,,"[""farinha"",""flour"",""aveia"",""oat""]",oat flour oat flour,
food,31565aa8-dd39-580d-ab6a-2cd6ed225f15,,Farinha de centeio,Rye Flour,,,"[""farinha"",""flour"",""centeio"",""rye""]",rye flour rye flour,
food,a85b6c06-f1e1-5a4c-8f52-5a13cd1ddcea,,Farinha de centeio tipo 70,Type 70 Rye Flour,,,"[""farinha"",""flour"",""centeio"",""type"",""70"",""rye""]",type 70 rye flour type 70 rye flour,
food,27ff1810-058b-51de-abf2-0c7a767e4707,,Farinha de centeio tipo 85,Flour Tipo 85,Flour Type 85,,"[""farinha"",""flour"",""centeio"",""tipo"",""85""]",flour tipo 85 flour tipo 85,
food,abfa1ca2-54ac-5558-9f82-fe14afb268cc,,Farinha de cevada,Barley Flour,,,"[""farinha"",""flour"",""cevada"",""barley""]",barley flour barley flour,
food,2fbc9f02-4ada-5e9a-a645-67f57b0a9c08,,Farinha de espelta,Flour Espelta,,,"[""farinha"",""flour"",""espelta""]",flour espelta flour espelta,
food,349ec96d-5b95-5a13-9c46-d43cf2dec2de,,Farinha de milho tipo 70,Type 70 Corn Flour,,,"[""farinha"",""flour"",""milho"",""corn"",""maize"",""type"",""70""]",type 70 corn flour type 70 corn flour maize,
food,7e478779-ead4-5d31-a9a5-d1fac7e6f0eb,,Farinha de pau (mandioca),Flour Pau (mandioca),,,"[""farinha"",""flour"",""pau"",""mandioca""]",flour pau mandioca flour pau mandioca,
food,c2e352c0-0f56-56df-a2e8-a2c2d1878004,,Farinha de Trigo,Wheat Flour,,,"[""farinha"",""trigo"",""wheat"",""flour""]",wheat flour wheat flour,
food,40eee223-faaf-5ecd-ac80-42259c21c550,,Farinha de trigo (valor médio tipo 150 e tipo 55),Wheat Flour (valor Medio Tipo 150 Tipo 55),Wheat Flour (Average Value Type 150 Type 55),,"[""farinha"",""flour"",""trigo"",""wheat"",""valor"",""medio"",""tipo"",""150"",""55""]",wheat flour valor medio tipo 150 tipo 55 wheat flour valor medio tipo 150 55,
food,8885e6b3-e985-521f-959d-eb80f4299058,,Farinha de trigo com fermento,Wheat Flour Fermento,,,"[""farinha"",""trigo"",""fermento"",""branca"",""neve"",""self"",""rising"",""flour"",""wheat""]",wheat flour fermento wheat flour fermento neve self rising,
food,12305e24-f165-581e-bcad-ecae92927f8b,,Farinha de Trigo integral,Wholegrain Wheat Flour,,,"[""farinha"",""trigo"",""wheat"",""flour"",""integral"",""wholemeal"",""wholegrain""]",wholegrain wheat flour wholegrain wheat flour wholemeal,
food,2a8bce25-0be3-5ad5-bcca-17828a9ce46d,,Farinha de Trigo tipo 00,Wheat Flour Tipo 00,Wheat Flour Type 00,,"[""farinha"",""trigo"",""wheat"",""flour"",""tipo"",""00""]",wheat flour tipo 00 wheat flour tipo 00,
food,f154fc28-2e37-5eab-9f8a-8ee8c977265e,,Farinha de trigo tipo 150,Wheat Flour Tipo 150,Wheat Flour Type 150,,"[""farinha"",""flour"",""trigo"",""wheat"",""tipo"",""150""]",wheat flour tipo 150 wheat flour tipo 150,
food,e3e2585d-a1b1-5175-8768-f9c1045b42e4,,Farinha de trigo tipo 55,Wheat Flour Tipo 55,Wheat Flour Type 55,,"[""farinha"",""flour"",""trigo"",""wheat"",""tipo"",""55""]",wheat flour tipo 55 wheat flour tipo 55,
food,f3c33c81-ea6d-5139-9895-fa6208418457,,Farinha de Trigo tipo 65,Type 65 Wheat Flour,,,"[""farinha"",""trigo"",""wheat"",""flour"",""type"",""65""]",type 65 wheat flour type 65 wheat flour,
food,6ee2d079-ee81-54c6-920b-f3a38872e481,,Farinha láctea 5 frutos com farinha de trigo,Five-Fruit Infant Cereal with Wheat Flour (Cerelac),,Cerelac,"[""farinha"",""flour"",""láctea"",""lactea"",""frutos"",""fruto"",""trigo"",""wheat"",""cerelac"",""five"",""fruit"",""infant"",""cereal"",""with""]",five fruit infant cereal with wheat flour cerelac cerelac five fruit infant cereal with wheat flour cerelac fruto,
food,a9dc7d72-e77f-52f3-8f35-7cfdefd21fd1,,Farinha láctea com farinha de trigo,Infant Cereal with Wheat Flour (Cerelac),,Cerelac,"[""farinha"",""flour"",""láctea"",""lactea"",""trigo"",""wheat"",""cerelac"",""infant"",""cereal"",""with""]",infant cereal with wheat flour cerelac cerelac infant cereal with wheat flour cerelac,
food,b36ba578-0ccf-5f69-b9b2-fe64aef1b425,,Farinha láctea maçãs com farinha de trigo,Apple Infant Cereal with Wheat Flour (Cerelac),,Cerelac,"[""farinha"",""flour"",""láctea"",""lactea"",""maçãs"",""macas"",""maçã"",""trigo"",""wheat"",""cerelac"",""apple"",""infant"",""cereal"",""with""]",apple infant cereal with wheat flour cerelac cerelac apple infant cereal with wheat flour cerelac,
food,818eaf01-fe51-5214-9d27-7717ed347f71,,Farinheira cozida sem adição de sal,Farinheira Cooked without Added Salt,"Farinheira Sausage, Cooked without Added Salt",,"[""farinheira"",""cozida"",""cooked"",""boiled"",""sal"",""salt"",""without"",""added""]",farinheira cooked without added salt farinheira cooked without added salt,
food,d18ed4ff-d363-5854-9911-64aed0894d8d,,Farinheira crua,Farinheira Raw,"Farinheira Sausage, Raw",,"[""farinheira"",""crua"",""raw""]",farinheira raw farinheira raw,
food,fddf13c6-9280-566e-a6bf-8b56db841009,,Fartura,Fartura,,,"[""fartura"",""churro""]",fartura fartura churro,
food,4757f92e-0811-562b-a372-bb1c30e7d4f0,,Favada à portuguesa,Portuguese Broad Bean Stew,,,"[""favada"",""portuguesa"",""portuguese"",""broad"",""bean"",""stew""]",portuguese broad bean stew portuguese broad bean stew favada portuguesa,
food,3482c0b4-761f-5475-aeaf-4be9bbba756b,,Favas frescas cozidas,Cooked Fresh Favas,Cooked Fresh Fava Beans,,"[""favas"",""fava"",""broad"",""beans"",""frescas"",""fresca"",""cozidas"",""cozida"",""cooked"",""boiled"",""fresh""]",cooked fresh favas cooked fresh favas fava broad beans frescas,
food,716a981d-6059-5465-bda4-806a1b18e318,,Favas frescas cruas,Raw Fresh Favas,Raw Fresh Fava Beans,,"[""favas"",""fava"",""broad"",""beans"",""frescas"",""fresca"",""cruas"",""crua"",""raw"",""fresh""]",raw fresh favas raw fresh favas fava broad beans frescas,
food,c1ee8a1e-8601-5b74-b292-0d20927b7bda,,Favas secas cozidas (demolhadas),Favas Secas (demolhadas),"Fava Beans, Dried (Soaked)",,"[""favas"",""fava"",""broad"",""beans"",""secas"",""seca"",""cozidas"",""cozida"",""cooked"",""boiled"",""demolhadas"",""demolhada""]",favas secas demolhadas favas secas demolhadas fava broad beans demolhada,
food,492a0f6b-4c76-5237-ba2d-c7c1aa33b96a,,Favas secas cruas,Raw Dried Favas,Raw Dried Fava Beans,,"[""favas"",""fava"",""broad"",""beans"",""secas"",""seca"",""cruas"",""crua"",""raw"",""dried""]",raw dried favas raw dried favas fava broad beans secas,
food,7508fc1b-661c-523a-9681-e0fcd3b9809c,,Feijoa (polpa),Feijoa (polpa),,,"[""feijoa"",""polpa""]",feijoa polpa feijoa polpa,
food,b2c4d0d0-2e33-5953-8d8b-648c82de136a,,Feijoada com carne de porco,Feijoada Pork,,,"[""feijoada"",""carne"",""meat"",""porco"",""pork""]",feijoada pork feijoada pork,
food,f3051aa8-3da9-53af-a2e4-eb566ce67ae1,,Feijoada com carne de porco e de vaca,Feijoada Pork Beef,,,"[""feijoada"",""carne"",""meat"",""porco"",""pork"",""vaca"",""beef""]",feijoada pork beef feijoada pork beef vaca,
food,d58046da-c417-5ee6-bd80-bc500572ddad,,Feijoada com enchidos e ovos,Feijoada Enchidos Eggs,,,"[""feijoada"",""enchidos"",""enchido"",""ovos"",""eggs""]",feijoada enchidos eggs feijoada enchidos eggs enchido,
food,3cbd62e1-0136-5a80-aa08-75105ff07b26,,Feijão branco cozido (demolhado),Cooked Soaked White Beans,,,"[""feijão"",""feijao"",""bean"",""beans"",""branco"",""white"",""cozido"",""cooked"",""boiled"",""demolhado"",""soaked""]",cooked soaked white beans cooked soaked white beans bean demolhado,
food,8568f687-fb9d-5f63-a38d-e9f74d4d4876,,"Feijão branco, cru, seco",Bean White Raw Dried,"Bean White Raw, Dried",,"[""feijão"",""feijao"",""bean"",""beans"",""branco"",""white"",""cru"",""raw"",""seco"",""dried""]",bean white raw dried bean white raw dried beans,
food,f1014ee0-1cbc-52a2-930a-180bcbfb344e,,"Feijão catarino, cru, seco",Bean Catarino Raw Dried,"Bean Catarino Raw, Dried",,"[""feijão"",""feijao"",""bean"",""beans"",""catarino"",""cru"",""raw"",""seco"",""dried""]",bean catarino raw dried bean catarino raw dried beans,
food,d3c10dcb-7ecd-5842-8a82-aa9fb0f41541,,"Feijão encarnado, cru, seco",Bean Encarnado Raw Dried,"Bean Encarnado Raw, Dried",,"[""feijão"",""feijao"",""bean"",""beans"",""encarnado"",""cru"",""raw"",""seco"",""dried""]",bean encarnado raw dried bean encarnado raw dried beans,
food,d74b8444-fc50-5dd6-a2d9-fb1cbcb23de7,,"Feijão frade, cru, seco",Raw Dried Black-Eyed Peas,,,"[""feijão"",""feijao"",""bean"",""beans"",""frade"",""cru"",""raw"",""seco"",""dried"",""black"",""eyed"",""peas""]",raw dried black eyed peas raw dried black eyed peas bean beans frade,
food,a2f3fb32-162c-5f7a-b81f-b3ab50de2cf5,,"Feijão frade, demolhado, cozido",Cooked Soaked Black-Eyed Peas,,,"[""feijão"",""feijao"",""bean"",""beans"",""frade"",""demolhado"",""cozido"",""cooked"",""boiled"",""soaked"",""black"",""eyed"",""peas""]",cooked soaked black eyed peas cooked soaked black eyed peas bean beans frade demolhado,
food,b4bcc44d-bead-578d-ac8b-0f53aa11a2b9,,Feijão manteiga cozido (demolhado),Cooked Soaked Butter Beans,,,"[""feijão"",""feijao"",""bean"",""beans"",""manteiga"",""butter"",""cozido"",""cooked"",""boiled"",""demolhado"",""soaked""]",cooked soaked butter beans cooked soaked butter beans bean demolhado,
food,69c2496f-1f53-5c08-add9-3970361b6b8e,,"Feijão manteiga, cru, seco",Bean Butter Raw Dried,"Bean Butter Raw, Dried",,"[""feijão"",""feijao"",""bean"",""beans"",""manteiga"",""butter"",""cru"",""raw"",""seco"",""dried""]",bean butter raw dried bean butter raw dried beans,
food,015aa409-92f0-538e-b7eb-3f3b454b4026,,"Feijão preto, cru, seco",Bean Black Raw Dried,"Bean Black Raw, Dried",,"[""feijão"",""feijao"",""bean"",""beans"",""preto"",""cru"",""raw"",""seco"",""dried"",""black""]",bean black raw dried bean black raw dried beans,
food,d3a7e3f8-8c92-5bcc-bd01-beec7d8a074e,,Feijão-verde fresco cozido,Feijao-verde Fresh Cooked,"Green Bean Fresh, Cooked",,"[""feijão"",""feijao"",""bean"",""beans"",""verde"",""fresco"",""cozido"",""cooked"",""boiled"",""fresh""]",feijao verde fresh cooked feijao verde fresh cooked bean beans,
food,b2704e9c-6538-577e-bb85-fbf4a8b8d9c1,,Feijão-verde fresco cru,Feijao-verde Fresh Raw,"Green Bean Fresh, Raw",,"[""feijão"",""feijao"",""bean"",""beans"",""verde"",""fresco"",""cru"",""raw"",""fresh""]",feijao verde fresh raw feijao verde fresh raw bean beans,
food,04e28722-aca6-5e92-b35a-e0325424dfd4,,Fermento de Padeiro fresco,Fresh Baker's Yeast,,,"[""fermento"",""padeiro"",""fresco"",""fresh"",""yeast"",""baker""]",fresh baker s yeast fresh baker yeast fermento padeiro,
food,33e5beb6-b97a-571a-bb44-2a7cbb1f9b8b,,Fermento de Padeiro seco activo,Active Dry Baker's Yeast,,,"[""fermento"",""padeiro"",""seco"",""activo"",""dry"",""yeast"",""dried"",""active"",""baker""]",active dry baker s yeast active dry baker yeast fermento padeiro activo,
food,c667d8d9-b171-5acd-909c-de36199c8021,,Fermento de Padeiro seco instantâneo,Instant Dry Baker's Yeast,,,"[""fermento"",""padeiro"",""seco"",""instantâneos"",""dry"",""yeast"",""dried"",""instantâneo"",""instantaneo"",""instant"",""baker"",""instantaneos""]",instant dry baker s yeast instant dry baker yeast fermento padeiro instantaneos instantaneo,
food,3fceb927-9a29-56a3-9867-c8630b0988da,,Fermento em pó,Fermento Po,Fermento Powder,,"[""fermento"",""po""]",fermento po fermento po,
food,c90ccece-6213-5760-ad6e-e8c5e33d87bf,,Fermento fresco de padeiro,Fermento Fresh Padeiro,,,"[""fermento"",""fresco"",""padeiro"",""fresh""]",fermento fresh padeiro fermento fresh padeiro,
food,6847bcce-9686-56f4-b4ae-aa48f48fc56a,,Fermento para Bolos,Fermento,,,"[""fermento"",""bolo"",""baking"",""powder"",""self"",""raising"",""levedura"",""auto"",""levedante"",""bolos"",""cakes""]",fermento fermento bolo baking powder self raising levedura auto levedante bolos cakes,
food,c6076ec9-a81b-5819-a444-09f3f5b8858e,,Fermento seco de padeiro,Dry Baker's Yeast,,,"[""fermento"",""seco"",""dried"",""padeiro"",""dry"",""baker"",""yeast""]",dry baker s yeast dry baker yeast fermento padeiro,
food,a19176c2-080b-5c95-ab6c-439e2386113e,,Fiambre de aves,Fiambre Aves,Ham Poultry,,"[""fiambre"",""ham"",""aves""]",fiambre aves fiambre aves ham,
food,02edfa3f-bd5b-5922-8d87-0b3523df3722,,Fiambre de porco,Fiambre Pork,Ham Pork,,"[""fiambre"",""ham"",""porco"",""pork""]",fiambre pork fiambre pork ham,
food,b2a35c39-09f5-5e17-b8b7-d8826c4bce07,,"Fiambre, peito de frango",Fiambre Breast Chicken,Ham Breast Chicken,,"[""fiambre"",""ham"",""peito"",""frango"",""chicken"",""breast""]",fiambre breast chicken fiambre breast chicken ham peito frango,
food,97852668-ae9a-560d-b627-449aa256ff6e,,"Fiambre, peito de peru",Fiambre Breast Peru,Ham Breast Turkey,,"[""fiambre"",""ham"",""peito"",""peru"",""turkey"",""breast""]",fiambre breast peru fiambre breast peru ham peito turkey,
food,283f8b57-e525-509c-90fe-a2d48b47e55f,,"Fiambre, perna",Fiambre Leg,Ham Leg,,"[""fiambre"",""ham"",""perna"",""leg""]",fiambre leg fiambre leg ham perna,
food,90e17ac8-1efa-5834-a37d-4aa50c61f22b,,"Fiambre, pá",Fiambre Pa,Ham Shoulder,,"[""fiambre"",""ham"",""pa""]",fiambre pa fiambre pa ham,
food,213f3e5a-6457-5400-899e-83e936123b07,,Figo,Fig,,,"[""figos"",""figs"",""figo"",""fig""]",fig fig figos figs,
food,878c31ff-f31a-581e-a136-0baede1718b4,,Figo (5 variedades),Fig (5 Varieties),,,"[""figo"",""figos"",""fig"",""figs"",""fruta"",""fruit"",""varieties""]",fig 5 varieties fig varieties figos figs,
food,d49be43c-13bc-58d1-b901-df5aaea60c3d,,Figo cristalizado,Fig Cristalizado,,,"[""figo"",""fig"",""cristalizado""]",fig cristalizado fig cristalizado,
food,22579f9e-2934-58e7-87dd-eb7a05043dee,,Figo seco,Fig Dried,"Fig, Dried",,"[""figo"",""fig"",""seco"",""dried"",""figos"",""figs"",""secos"",""dry""]",fig dried fig dried figos figs,
food,d4f74293-fdc1-5963-861d-aff8122f56c7,,Filete de Pescada,Hake Fillet,,,"[""peixes"",""fritos"",""fried"",""fishes"",""filetes"",""pescada"",""fritas"",""hake"",""filets"",""pan"",""filete"",""fish"",""fillet""]",hake fillet hake fillet peixes fritos fishes filetes pescada filets pan filete,
food,30c309a9-f233-5f89-99e0-b0c4130a5436,,Filetes de bacalhau fritos,Filetes Cod Fritos,"Filetes Cod, Fried",,"[""filetes"",""filete"",""bacalhau"",""cod"",""fritos"",""frito""]",filetes cod fritos filetes cod fritos filete,
food,b8555e5d-1580-5a1c-b834-1829d4d8c1da,,Fisális,Fisalis,,,"[""fisális"",""fisalis"",""fisáli"",""fisali""]",fisalis fisalis fisali,
food,6c0b0da6-7166-58bd-be0e-ff4280863340,,Flocos de arroz,Rice Flakes,,,"[""flocos"",""floco"",""flakes"",""arroz"",""rice""]",rice flakes rice flakes,
food,2aad44ad-f333-5b1a-a91c-fe2204a2d256,,Flocos de aveia,Oat Flakes,,,"[""flocos"",""floco"",""flakes"",""aveia"",""oat""]",oat flakes oat flakes,
food,ca9a5338-c49f-50c7-bc3d-a578e0b02924,,Flocos de centeio,Rye Flakes,,,"[""flocos"",""floco"",""flakes"",""centeio"",""rye""]",rye flakes rye flakes,
food,ee211746-f1b6-56e7-965c-e8259432432e,,Flocos de cereais e frutos secos tipo Muesli,Muesli Cereal Flakes,,,"[""flocos"",""floco"",""flakes"",""cereais"",""cereai"",""cereals"",""frutos"",""fruto"",""secos"",""seco"",""muesli"",""cereal""]",muesli cereal flakes muesli cereal flakes fruto,
food,87fc1f57-5a98-5c12-91b0-4c2180a59657,,Flocos de cevada,Barley Flakes,,,"[""flocos"",""floco"",""flakes"",""cevada"",""barley""]",barley flakes barley flakes,
food,5a017ca5-cdd2-5c8a-ae38-884965094e1c,,Flocos de milho,Corn Flakes (Corn Flakes),,Corn Flakes,"[""flocos"",""floco"",""flakes"",""milho"",""corn"",""maize"",""flake""]",corn flakes corn flakes corn flakes corn flakes maize flake,
food,a7bfcb8d-84c0-5ab7-baaf-856861e282ba,,Flocos de trigo,Wheat Flakes,,,"[""flocos"",""floco"",""flakes"",""trigo"",""wheat""]",wheat flakes wheat flakes,
food,14550d32-64c3-5068-95cb-24550b676c3c,,Flocos de trigo com figos,Wheat and Fig Flakes (Nestum),,Nestum,"[""flocos"",""floco"",""flakes"",""trigo"",""wheat"",""figos"",""figo"",""nestum"",""and"",""fig""]",wheat and fig flakes nestum nestum wheat and fig flakes nestum figos,
food,7f21b5a6-b099-5e6f-bc7e-301d76914139,,Flocos de trigo com mel,Wheat and Honey Flakes (Nestum),,Nestum,"[""flocos"",""floco"",""flakes"",""trigo"",""wheat"",""mel"",""honey"",""nestum"",""and""]",wheat and honey flakes nestum nestum wheat and honey flakes nestum,
food,913e6283-1510-5483-88b3-bb80e0046a42,,"Flocos de trigo e arroz enriquecidos com vitaminas, cálcio e ferro",Fortified Wheat and Rice Flakes,,,"[""flocos"",""floco"",""flakes"",""trigo"",""wheat"",""arroz"",""rice"",""enriquecidos"",""enriquecido"",""vitaminas"",""vitamina"",""cálcio"",""calcio"",""ferro"",""fortified"",""and""]",fortified wheat and rice flakes fortified wheat and rice flakes enriquecidos,
food,274b1ce4-be31-52be-a3a5-8aafba5459df,,Flocos de trigo integral,Wholegrain Wheat Flakes (All-Bran),,All-Bran,"[""flocos"",""floco"",""flakes"",""trigo"",""wheat"",""integral"",""wholegrain"",""wholemeal"",""all"",""bran""]",wholegrain wheat flakes all bran all bran wholegrain wheat flakes all bran wholemeal,
food,96b23797-2823-502b-99d2-85f363b381e6,,Flor de sal,Flor Salt,,,"[""flor"",""flower"",""sal"",""salt""]",flor salt flor salt flower,
food,4779edba-c570-5ffa-87e2-d96113feaef3,,Folha de Louro,Folha Louro,Bay Leaf,,"[""folhas"",""louro"",""loureiro"",""bay"",""leaf"",""leaves"",""folha""]",folha louro folha louro folhas loureiro bay leaf leaves,
food,9b9c9584-dfef-5975-9061-afdbe09f4330,,Folhas de rabanete cruas,Folhas Rabanete,Radish Leaves,,"[""folhas"",""folha"",""rabanete"",""radish"",""cruas"",""crua"",""raw""]",folhas rabanete folhas rabanete folha radish,
food,01ea1482-c9da-5fe6-9a83-0c7ef5c5cefe,,Framboesa,Raspberry,,,"[""framboesa"",""raspberry""]",raspberry raspberry,
food,2366569a-85e9-5960-9498-2c692c9d1d79,,Framboesa desidratada,Dehydrated Raspberry,,,"[""framboesa"",""raspberry"",""desidratada"",""dehydrated"",""dried""]",dehydrated raspberry dehydrated raspberry,
food,57acb3fd-c3c2-591f-9df3-988295171c2e,,"Francesinha, com molho",Francesinha Sauce,Francesinha with Sauce,,"[""francesinha"",""molho"",""sauce""]",francesinha sauce francesinha sauce,
food,0cfd5d38-287a-5e97-b85a-eaf1e8c3fb48,,"Frango (1/4) peito e asa com pele, cozidos",Cooked Chicken Quarter Breast and Wing with Skin,,,"[""frango"",""chicken"",""peito"",""asa"",""pele"",""cozidos"",""cozido"",""cooked"",""boiled"",""quarter"",""breast"",""and"",""wing"",""with"",""skin""]",cooked chicken quarter breast and wing with skin cooked chicken quarter breast and wing with skin frango peito pele,
food,3c05793a-1dd7-586c-acfb-286ddfbb6e90,,"Frango (1/4) peito e asa com pele, estufados com azeite e margarina",Stewed with Olive Oil and Margarine Chicken Quarter Breast and Wing with Skin,,,"[""frango"",""chicken"",""peito"",""asa"",""pele"",""estufados"",""estufado"",""azeite"",""olive"",""oil"",""margarina"",""margarine"",""stewed"",""with"",""and"",""quarter"",""breast"",""wing"",""skin""]",stewed with olive oil and margarine chicken quarter breast and wing with skin stewed with olive oil and margarine chicken quarter breast wing skin frango peito pele estufados estufado margarina,
food,49e665be-c85a-5790-8ff3-e45e07acd4cc,,"Frango (1/4) peito e asa com pele, estufados com margarina",Stewed with Margarine Chicken Quarter Breast and Wing with Skin,,,"[""frango"",""chicken"",""peito"",""asa"",""pele"",""estufados"",""estufado"",""margarina"",""margarine"",""stewed"",""with"",""quarter"",""breast"",""and"",""wing"",""skin""]",stewed with margarine chicken quarter breast and wing with skin stewed with margarine chicken quarter breast and wing skin frango peito pele estufados estufado margarina,
food,aa3142b4-733a-5be2-864b-b6dce37874f0,,"Frango (1/4) peito e asa com pele, estufados sem molho",Stewed without Sauce Chicken Quarter Breast and Wing with Skin,,,"[""frango"",""chicken"",""peito"",""asa"",""pele"",""estufados"",""estufado"",""molho"",""sauce"",""stewed"",""without"",""quarter"",""breast"",""and"",""wing"",""with"",""skin""]",stewed without sauce chicken quarter breast and wing with skin stewed without sauce chicken quarter breast and wing with skin frango peito pele estufados estufado,
food,d90cd4f5-1d21-53be-a144-7bb20df95bad,,"Frango (1/4) peito e asa com pele, grelhados",Grilled Chicken Quarter Breast and Wing with Skin,,,"[""frango"",""chicken"",""peito"",""asa"",""pele"",""grelhados"",""grelhado"",""grilled"",""quarter"",""breast"",""and"",""wing"",""with"",""skin""]",grilled chicken quarter breast and wing with skin grilled chicken quarter breast and wing with skin frango peito pele grelhados,
food,00d15a41-3386-5cc8-811a-90d56a8c8e3a,,"Frango (1/4) perna com costa e pele, assada sem molho",Roasted without Sauce Chicken Quarter Leg and Back with Skin,,,"[""frango"",""chicken"",""perna"",""costa"",""pele"",""assada"",""roasted"",""molho"",""sauce"",""without"",""quarter"",""leg"",""and"",""back"",""with"",""skin""]",roasted without sauce chicken quarter leg and back with skin roasted without sauce chicken quarter leg and back with skin frango perna costa pele,
food,d0720d6b-1b90-55b4-8c3f-4670917c4084,,"Frango (1/4) perna com costa e pele, cozida",Cooked Chicken Quarter Leg and Back with Skin,,,"[""frango"",""chicken"",""perna"",""costa"",""pele"",""cozida"",""cooked"",""boiled"",""quarter"",""leg"",""and"",""back"",""with"",""skin""]",cooked chicken quarter leg and back with skin cooked chicken quarter leg and back with skin frango perna costa pele,
food,3bcf39cd-1632-5fba-b2bd-2032424a3e4e,,"Frango (1/4) perna com costa e pele, estufada com azeite e margarina",Stewed with Olive Oil and Margarine Chicken Quarter Leg and Back with Skin,,,"[""frango"",""chicken"",""perna"",""costa"",""pele"",""estufada"",""stewed"",""azeite"",""olive"",""oil"",""margarina"",""margarine"",""with"",""and"",""quarter"",""leg"",""back"",""skin""]",stewed with olive oil and margarine chicken quarter leg and back with skin stewed with olive oil and margarine chicken quarter leg back skin frango perna costa pele estufada margarina,
food,942ca01a-662e-5120-b4e3-5d323c2392b1,,"Frango (1/4) perna com costa e pele, estufada com margarina",Stewed with Margarine Chicken Quarter Leg and Back with Skin,,,"[""frango"",""chicken"",""perna"",""costa"",""pele"",""estufada"",""stewed"",""margarina"",""margarine"",""with"",""quarter"",""leg"",""and"",""back"",""skin""]",stewed with margarine chicken quarter leg and back with skin stewed with margarine chicken quarter leg and back skin frango perna costa pele estufada margarina,
food,ca4e55bc-a10e-5acf-a1cc-5858b8a0830d,,"Frango (1/4) perna com costa e pele, estufada sem molho",Stewed without Sauce Chicken Quarter Leg and Back with Skin,,,"[""frango"",""chicken"",""perna"",""costa"",""pele"",""estufada"",""stewed"",""molho"",""sauce"",""without"",""quarter"",""leg"",""and"",""back"",""with"",""skin""]",stewed without sauce chicken quarter leg and back with skin stewed without sauce chicken quarter leg and back with skin frango perna costa pele estufada,
food,750a14fe-325e-55d7-a2a5-cd3f5573e8e8,,"Frango (1/4), peito e asa com pele, crus",Raw Chicken Quarter Breast and Wing with Skin,,,"[""frango"",""chicken"",""peito"",""asa"",""pele"",""crus"",""raw"",""quarter"",""breast"",""and"",""wing"",""with"",""skin""]",raw chicken quarter breast and wing with skin raw chicken quarter breast and wing with skin frango peito pele,
food,3012adb7-5ebe-5cfd-bfac-1974a1f89700,,"Frango (1/4), perna com costa e pele, crua",Raw Chicken Quarter Leg and Back with Skin,,,"[""frango"",""chicken"",""perna"",""costa"",""pele"",""crua"",""raw"",""quarter"",""leg"",""and"",""back"",""with"",""skin""]",raw chicken quarter leg and back with skin raw chicken quarter leg and back with skin frango perna costa pele,
food,f63dc315-5fde-5075-9be5-0b23432217d6,,"Frango (1/4), perna com costa e pele, grelhada",Grilled Chicken Quarter Leg and Back with Skin,,,"[""frango"",""chicken"",""perna"",""costa"",""pele"",""grelhada"",""grilled"",""quarter"",""leg"",""and"",""back"",""with"",""skin""]",grilled chicken quarter leg and back with skin grilled chicken quarter leg and back with skin frango perna costa pele,
food,c564c722-edcd-5e7e-9f57-8d33307afca3,,"Frango inteiro com pele, assado sem molho",Chicken Whole with Skin Roasted Sauce,"Chicken, Whole with Skin, Roasted without Sauce",,"[""frango"",""chicken"",""inteiro"",""pele"",""assado"",""roasted"",""molho"",""sauce"",""whole"",""with"",""skin""]",chicken whole with skin roasted sauce chicken whole with skin roasted sauce frango inteiro pele,
food,2fb2cb9a-b518-57e6-80df-4a4ce00670c7,,"Frango inteiro com pele, cozido",Chicken Whole with Skin Cooked,"Chicken, Whole with Skin, Cooked",,"[""frango"",""chicken"",""inteiro"",""pele"",""cozido"",""cooked"",""boiled"",""whole"",""with"",""skin""]",chicken whole with skin cooked chicken whole with skin cooked frango inteiro pele,
food,a5a75d83-43d0-5a96-8818-b0779f367882,,"Frango inteiro com pele, cru",Chicken Whole with Skin Raw,"Chicken, Whole with Skin, Raw",,"[""frango"",""chicken"",""inteiro"",""pele"",""cru"",""raw"",""whole"",""with"",""skin""]",chicken whole with skin raw chicken whole with skin raw frango inteiro pele,
food,a6751e9f-3d87-52a1-8268-850abb7ad588,,"Frango inteiro com pele, estufado com azeite e margarina",Chicken Whole with Skin Stewed Olive Oil Margarine,"Chicken, Whole with Skin Stewed Olive Oil Margarine",,"[""frango"",""chicken"",""inteiro"",""pele"",""estufado"",""stewed"",""azeite"",""olive"",""oil"",""margarina"",""margarine"",""whole"",""with"",""skin""]",chicken whole with skin stewed olive oil margarine chicken whole with skin stewed olive oil margarine frango inteiro pele estufado margarina,
food,3884cdb4-3187-5eff-80c5-ea468eabe651,,"Frango inteiro com pele, estufado com margarina",Chicken Whole with Skin Stewed Margarine,"Chicken, Whole with Skin Stewed Margarine",,"[""frango"",""chicken"",""inteiro"",""pele"",""estufado"",""stewed"",""margarina"",""margarine"",""whole"",""with"",""skin""]",chicken whole with skin stewed margarine chicken whole with skin stewed margarine frango inteiro pele estufado margarina,
food,d3c72aa8-523a-500c-a6b2-24838317d38f,,"Frango inteiro com pele, estufado sem molho",Chicken Whole with Skin Stewed Sauce,"Chicken, Whole with Skin, Stewed without Sauce",,"[""frango"",""chicken"",""inteiro"",""pele"",""estufado"",""stewed"",""molho"",""sauce"",""whole"",""with"",""skin""]",chicken whole with skin stewed sauce chicken whole with skin stewed sauce frango inteiro pele estufado,
food,41d427fc-6b13-590f-856b-e67fdc179766,,"Frango inteiro com pele, grelhado",Chicken Whole with Skin Grilled,"Chicken, Whole with Skin, Grilled",,"[""frango"",""chicken"",""inteiro"",""pele"",""grelhado"",""grilled"",""whole"",""with"",""skin""]",chicken whole with skin grilled chicken whole with skin grilled frango inteiro pele,
food,fe8d4bf3-56c7-5dbd-ac33-6bd1742a0836,,"Frango inteiro sem pele, cozido",Chicken Whole Skinless Cooked,"Chicken Whole Skinless, Cooked",,"[""frango"",""chicken"",""inteiro"",""pele"",""cozido"",""cooked"",""boiled"",""whole"",""skinless""]",chicken whole skinless cooked chicken whole skinless cooked frango inteiro pele,
food,c992fe86-5d04-591f-8a41-d2317e16fd5d,,"Frango inteiro sem pele, cru",Chicken Whole Skinless Raw,"Chicken Whole Skinless, Raw",,"[""frango"",""chicken"",""inteiro"",""pele"",""cru"",""raw"",""whole"",""skinless""]",chicken whole skinless raw chicken whole skinless raw frango inteiro pele,
food,ebdf1ac6-1e1c-5338-bfc4-9a22196d9bdd,,"Frango inteiro sem pele, estufado com azeite e margarina",Chicken Whole Skinless Stewed Olive Oil Margarine,,,"[""frango"",""chicken"",""inteiro"",""pele"",""estufado"",""stewed"",""azeite"",""olive"",""oil"",""margarina"",""margarine"",""whole"",""skinless""]",chicken whole skinless stewed olive oil margarine chicken whole skinless stewed olive oil margarine frango inteiro pele estufado margarina,
food,27f7b615-2d6e-5b54-b07f-dc29f38ae860,,"Frango inteiro sem pele, estufado com margarina",Chicken Whole Skinless Stewed Margarine,,,"[""frango"",""chicken"",""inteiro"",""pele"",""estufado"",""stewed"",""margarina"",""margarine"",""whole"",""skinless""]",chicken whole skinless stewed margarine chicken whole skinless stewed margarine frango inteiro pele estufado margarina,
food,9e589b8a-0cfd-5c76-aa57-984c231fe681,,"Frango inteiro sem pele, estufado sem molho",Chicken Whole Skinless Stewed Sauce,"Chicken Whole Skinless, Stewed without Sauce",,"[""frango"",""chicken"",""inteiro"",""pele"",""estufado"",""stewed"",""molho"",""sauce"",""whole"",""skinless""]",chicken whole skinless stewed sauce chicken whole skinless stewed sauce frango inteiro pele estufado,
food,710a5765-ed7f-5994-aea1-7028810ee285,,"Frango inteiro sem pele, grelhado",Chicken Whole Skinless Grilled,"Chicken Whole Skinless, Grilled",,"[""frango"",""chicken"",""inteiro"",""pele"",""grelhado"",""grilled"",""whole"",""skinless""]",chicken whole skinless grilled chicken whole skinless grilled frango inteiro pele,
food,1ac8b364-34eb-5b2e-88d1-949314e4da5c,,"Frango, pele crua",Chicken Pele Raw,"Chicken Pele, Raw",,"[""frango"",""chicken"",""pele"",""crua"",""raw""]",chicken pele raw chicken pele raw frango,
food,84b9874a-4936-5258-81f4-07e9f697791c,,Funcho fresco,Funcho Fresh,"Fennel, Fresh",,"[""funcho"",""fresco"",""fresh""]",funcho fresh funcho fresh,
food,d95e13a3-1361-5e21-b139-bc02ff0f542d,,Fusilli,Fusilli,,,"[""pastas"",""massas"",""fusilli"",""seca"",""dry""]",fusilli fusilli pastas massas,
food,54866d1d-a302-58f6-9425-fc0ab1de6bb9,,Fígado de galinha,Chicken Liver,,,"[""fígado"",""figado"",""galinha"",""chicken"",""liver""]",chicken liver chicken liver figado galinha,
food,d96c7e3c-b8e8-5f3b-9950-7dfa07c751bb,,"Fígado de porco, cru",Raw Pork Liver,,,"[""fígado"",""figado"",""porco"",""pork"",""cru"",""raw"",""liver""]",raw pork liver raw pork liver figado,
food,995ebf74-aac6-5803-9429-1dca9928431e,,"Fígado de porco, frito com margarina e banha",Fried Pork Liver with Margarine and Lard,,,"[""fígado"",""figado"",""porco"",""pork"",""frito"",""fried"",""margarina"",""margarine"",""banha"",""liver"",""with"",""and"",""lard""]",fried pork liver with margarine and lard fried pork liver with margarine and lard figado margarina banha,
food,58035110-5fc8-59c9-bbfa-e043ee60a906,,"Fígado de porco, frito, sem molho",Fried Pork Liver without Sauce,,,"[""fígado"",""figado"",""porco"",""pork"",""frito"",""fried"",""molho"",""sauce"",""liver"",""without""]",fried pork liver without sauce fried pork liver without sauce figado,
food,20359f25-fc19-5144-9107-3a76ac21d1cf,,"Fígado de porco, grelhado",Grilled Pork Liver,,,"[""fígado"",""figado"",""porco"",""pork"",""grelhado"",""grilled"",""liver""]",grilled pork liver grilled pork liver figado,
food,d94d265b-b5b4-5f16-ac0f-369655131a70,,"Fígado de vaca, cru",Raw Beef Liver,,,"[""fígado"",""figado"",""vaca"",""beef"",""cru"",""raw"",""liver""]",raw beef liver raw beef liver figado vaca,
food,6d9d60d2-feae-56a9-a92b-c640c718b725,,"Fígado de vaca, frito, sem molho",Fried Beef Liver without Sauce,,,"[""fígado"",""figado"",""vaca"",""beef"",""frito"",""fried"",""molho"",""sauce"",""liver"",""without""]",fried beef liver without sauce fried beef liver without sauce figado vaca,
food,fe1ada54-3e9e-51c4-be65-3bb94da87dce,,"Fígado de vitela, cru",Raw Veal Liver,,,"[""fígado"",""figado"",""vitela"",""veal"",""cru"",""raw"",""liver""]",raw veal liver raw veal liver figado vitela,
food,8da393cf-c0f2-5a06-af36-6a892fbdd626,,"Fígado de vitela, frito com banha e manteiga",Fried Veal Liver with Lard and Butter,,,"[""fígado"",""figado"",""vitela"",""veal"",""frito"",""fried"",""banha"",""manteiga"",""butter"",""liver"",""with"",""lard"",""and""]",fried veal liver with lard and butter fried veal liver with lard and butter figado vitela banha,
food,11022387-2634-53aa-b6a4-aed4199c95da,,"Fígado de vitela, frito, sem molho",Fried Veal Liver without Sauce,,,"[""fígado"",""figado"",""vitela"",""veal"",""frito"",""fried"",""molho"",""sauce"",""liver"",""without""]",fried veal liver without sauce fried veal liver without sauce figado vitela,
food,da1a9956-454a-5937-a36c-dd1a022098fc,,"Fígado de vitela, grelhado",Grilled Veal Liver,,,"[""fígado"",""figado"",""vitela"",""veal"",""grelhado"",""grilled"",""liver""]",grilled veal liver grilled veal liver figado vitela,
food,6944b110-8a79-5b7c-9ca1-c40b5e2a6e16,,"Galinha de angola com pele, crua",Raw Guinea Fowl with Skin,,,"[""galinha"",""angola"",""pele"",""crua"",""raw"",""guinea"",""fowl"",""with"",""skin""]",raw guinea fowl with skin raw guinea fowl with skin galinha angola pele,
food,2a1c9a15-ee79-5c25-a575-5a73f3d6e799,,Gamba crua,Gamba Raw,"Gamba, Raw",,"[""gamba"",""crua"",""raw""]",gamba raw gamba raw,
food,ca4db588-3c8d-5110-8200-27ab073aa7a3,,Garoupa cozida,Garoupa Cooked,"Grouper, Cooked",,"[""garoupa"",""cozida"",""cooked"",""boiled""]",garoupa cooked garoupa cooked,
food,53b79a7c-c079-59a4-abc5-5d7a517cc5d3,,Garoupa crua,Garoupa Raw,"Grouper, Raw",,"[""garoupa"",""crua"",""raw""]",garoupa raw garoupa raw,
food,0d1941a0-329f-5334-909a-092c7d18df60,,Garoupa grelhada,Garoupa Grilled,"Grouper, Grilled",,"[""garoupa"",""grelhada"",""grilled""]",garoupa grilled garoupa grilled,
food,0e9bd0b0-1f3a-53bc-9ac3-81bb336152b4,,Gelado caseiro com bolachas e natas,Gelado,,,"[""gelado"",""ice"",""cream"",""caseiro"",""bolachas"",""bolacha"",""cookies"",""biscuits"",""natas"",""nata""]",gelado gelado ice cream caseiro cookies biscuits,
food,abf71663-61e8-51c5-8b4b-e797a158d8f3,,Gelado caseiro com palitos la Reine,Gelado Caseiro Palitos La Reine,Gelado Homemade Palitos La Reine,,"[""gelado"",""ice"",""cream"",""caseiro"",""palitos"",""palito"",""reine"",""la""]",gelado caseiro palitos la reine gelado caseiro palitos la reine ice cream palito,
food,42e2aba0-367b-547b-a17a-b2a1df96195f,,Gelado de leite,Gelado Milk,,,"[""gelado"",""ice"",""cream"",""leite"",""milk""]",gelado milk gelado milk ice cream,
food,16aaee8c-bdf0-506b-9930-a2d309322649,,Gelado de água (sorvete),Gelado Water (sorvete),,,"[""gelado"",""ice"",""cream"",""água"",""agua"",""water"",""sorvete""]",gelado water sorvete gelado water sorvete ice cream,
food,c51967dc-7ef3-577a-801e-fc1bdd47aa5e,,Gelatina desidratada (pó ou folha),Gelatina (po Ou Folha),Gelatin (Powder or Sheet),,"[""gelatina"",""gelatin"",""jelly"",""desidratada"",""dehydrated"",""dried"",""folha"",""po"",""ou""]",gelatina po ou folha gelatina po ou folha gelatin jelly dehydrated,
food,26f4f53f-d23b-5cb6-a717-d07fe2f04012,,Gelatina preparada com ananás em conserva,Gelatina Preparada Pineapple Canned,"Gelatin Prepared Pineapple, Canned",,"[""gelatina"",""gelatin"",""jelly"",""preparada"",""ananás"",""ananas"",""ananá"",""pineapple"",""conserva"",""canned""]",gelatina preparada pineapple canned gelatina preparada pineapple canned gelatin jelly,
food,718979d4-0fc9-53be-800d-38b0976a6b1c,,Gelatina preparada com laranja e sumo de laranja,Gelatina Preparada Orange Juice Orange,Gelatin Prepared Orange Juice Orange,,"[""gelatina"",""gelatin"",""jelly"",""preparada"",""laranja"",""orange"",""sumo"",""juice""]",gelatina preparada orange juice orange gelatina preparada orange juice gelatin jelly,
food,1933b876-2bc8-5d9c-8ba6-cbc9d41bd7a5,,Geleia de casca de laranja,Geleia Orange,Jelly Orange,,"[""geleia"",""casca"",""laranja"",""orange""]",geleia orange geleia orange,
food,c2ed3c97-b9fb-5fe5-80e0-8692d7e53d1f,,Gema de Ovo,Egg Yolk,,,"[""ovos"",""gema"",""yolk"",""eggs"",""ovo"",""egg""]",egg yolk egg yolk gema eggs,
food,629c115f-5277-5890-8a46-fef0a08ef0d2,,"Gema de ovo de galinha, crua",Raw Chicken Egg Yolk,,,"[""gema"",""ovo"",""egg"",""galinha"",""crua"",""raw"",""chicken"",""yolk""]",raw chicken egg yolk raw chicken egg yolk gema galinha,
food,5b7eae38-4121-571f-b5bd-e3cf8a9685a5,,"Gema de ovo de galinha, pasteurizada",Pasteurized Chicken Egg Yolk,,,"[""gema"",""ovo"",""egg"",""galinha"",""pasteurizada"",""pasteurized"",""chicken"",""yolk""]",pasteurized chicken egg yolk pasteurized chicken egg yolk gema galinha,
food,df662489-c2dc-5677-af48-ca7340635520,,Gengibre fresco,Gengibre Fresh,"Ginger, Fresh",,"[""gengibre"",""fresco"",""fresh""]",gengibre fresh gengibre fresh,
food,c230ef41-408e-5e4b-8356-0c56458b0883,,Gin - Rum- Whisky,Gin - Rum- Whisky,,,"[""gin"",""rum"",""whisky""]",gin rum whisky gin rum whisky,
food,2d86215a-261b-5c03-82c9-671d704d9058,,Ginja,Ginja,,,"[""ginja""]",ginja ginja,
food,0f506b06-2a59-56d9-a4aa-c97974151372,,"Goiaba crua, polpa",Goiaba Raw Polpa,Guava Raw Polpa,,"[""goiaba"",""crua"",""raw"",""polpa""]",goiaba raw polpa goiaba raw polpa,
food,3551b227-4f66-5e86-8833-2d4b34313b39,,"Goraz assado com cebola, tomate, azeite e óleo alimentar",Seabream Roasted Onion Tomato Olive Oil Cooking Oil,,,"[""goraz"",""assado"",""roasted"",""cebola"",""onion"",""tomate"",""tomato"",""azeite"",""olive"",""oil"",""óleo"",""oleo"",""alimentar"",""seabream"",""cooking""]",seabream roasted onion tomato olive oil cooking oil seabream roasted onion tomato olive oil cooking goraz oleo alimentar,
food,330b012d-742b-5b7e-beb7-b5fbcd04d324,,Goraz cozido,Seabream Cooked,"Seabream, Cooked",,"[""goraz"",""cozido"",""cooked"",""boiled"",""seabream""]",seabream cooked seabream cooked goraz,
food,d00cf3d6-46fc-537f-b3f8-23612179589c,,Goraz cru,Seabream Raw,"Seabream, Raw",,"[""goraz"",""cru"",""raw"",""seabream""]",seabream raw seabream raw goraz,
food,24ed1e54-6e77-5fb9-b376-0d84bf3fbef6,,Goraz grelhado,Seabream Grilled,"Seabream, Grilled",,"[""goraz"",""grelhado"",""grilled"",""seabream""]",seabream grilled seabream grilled goraz,
food,a7a33a49-e2ee-5456-ba0d-da6ef1f9c460,,Goraz no forno,Goraz,Red Bream,,"[""goraz"",""forno""]",goraz goraz forno,
food,5f813a1f-fd3c-5bc7-8688-70161963dc18,,Grelos,Turnip Greens,,,"[""grelos"",""turnip"",""greens"",""grelo""]",turnip greens turnip greens,
food,32390196-a026-55ea-8c7e-8ff18f9fdf4b,,Grelos de couve cozidos,Cooked Kale Greens,,,"[""grelos"",""grelo"",""greens"",""couve"",""cabbage"",""kale"",""cozidos"",""cozido"",""cooked"",""boiled""]",cooked kale greens cooked kale greens cabbage,
food,a5a9ac51-2345-52d9-b2b2-ea2c753e38fb,,Grelos de couve crus,Raw Kale Greens,,,"[""grelos"",""grelo"",""greens"",""couve"",""cabbage"",""kale"",""crus"",""raw""]",raw kale greens raw kale greens cabbage,
food,cae68805-96a3-5c27-a79b-f3e1f594241f,,Grelos de nabo cozidos,Cooked Turnip Greens,,,"[""grelos"",""grelo"",""greens"",""nabo"",""cozidos"",""cozido"",""cooked"",""boiled"",""turnip""]",cooked turnip greens cooked turnip greens,
food,2fc164bc-17dc-5071-8488-05fa953b4f23,,Grelos de nabo crus,Raw Turnip Greens,,,"[""grelos"",""grelo"",""greens"",""nabo"",""crus"",""raw"",""turnip""]",raw turnip greens raw turnip greens,
food,3f12cd74-760d-5b09-ac10-8741d68d7b28,,Gressino,Gressino,,,"[""gressino""]",gressino gressino,
food,af44ad02-d466-5e6b-9b7b-91411d8a1216,,Groselha,Groselha,Redcurrant,,"[""groselha""]",groselha groselha,
food,dedabcbb-167b-5582-8254-29b0f22d375a,,Grão-de-Bico,Chickpeas,,,"[""grão"",""grãos"",""bico"",""chickpeas"",""cru"",""raw"",""grao"",""chickpea"",""graos""]",chickpeas chickpeas grao graos chickpea,
food,358c47bd-db86-5a15-9037-dee66951303e,,Grão-de-Bico cozido,Cooked Chickpeas,,,"[""grão"",""grãos"",""bico"",""chickpeas"",""cozido"",""baked"",""grao"",""chickpea"",""cooked"",""boiled"",""graos""]",cooked chickpeas cooked chickpeas grao graos chickpea,
food,a9ae54af-5f83-52cf-b6b0-52b050ab2cf5,,Grão-de-bico cozido (demolhado),Cooked Soaked Chickpeas,,,"[""grão"",""grao"",""chickpea"",""bico"",""cozido"",""cooked"",""boiled"",""demolhado"",""soaked"",""chickpeas""]",cooked soaked chickpeas cooked soaked chickpeas grao chickpea demolhado,
food,9b6a26c3-620a-5d1a-957f-52badbec231c,,Grão-de-bico cru,Raw Chickpeas,,,"[""grão"",""grao"",""chickpea"",""bico"",""cru"",""raw"",""chickpeas""]",raw chickpeas raw chickpeas grao chickpea,
food,099c9e19-b652-545a-b514-916a9f5cabac,,Gérmen de trigo,Germen Wheat,,,"[""gérmen"",""germen"",""trigo"",""wheat""]",germen wheat germen wheat,
food,f8e90fee-3468-53ae-9dfb-1f6969411f4d,,Hambúrguer de feijão manteiga frito com azeite,Hamburguer Bean Butter Fried Olive Oil,Hamburger Bean Butter Fried Olive Oil,,"[""hambúrguer"",""hamburguer"",""feijão"",""feijao"",""bean"",""beans"",""manteiga"",""butter"",""frito"",""fried"",""azeite"",""olive"",""oil""]",hamburguer bean butter fried olive oil hamburguer bean butter fried olive oil beans,
food,a6aa0f49-e564-5a84-9569-5c1f76a9467f,,Hambúrguer de feijão manteiga frito com óleo de milho,Hamburguer Bean Butter Fried Oleo,Hamburger Bean Butter Fried Oil,,"[""hambúrguer"",""hamburguer"",""feijão"",""feijao"",""bean"",""beans"",""manteiga"",""butter"",""frito"",""fried"",""óleo"",""oleo"",""oil"",""milho"",""corn"",""maize""]",hamburguer bean butter fried oleo hamburguer bean butter fried oleo beans oil corn maize,
food,86236c88-9b0f-503c-a83f-ccc7988110af,,"Hambúrguer de peru, frito",Hamburguer Peru Fried,"Hamburger Turkey, Fried",,"[""hambúrguer"",""hamburguer"",""peru"",""turkey"",""frito"",""fried""]",hamburguer peru fried hamburguer peru fried turkey,
food,ca0e7693-0f56-500c-9a8c-372f5f27c317,,"Hambúrguer de porco, frito, sem molho",Hamburguer Pork Fried Sauce,"Hamburger Pork, Fried without Sauce",,"[""hambúrguer"",""hamburguer"",""porco"",""pork"",""frito"",""fried"",""molho"",""sauce""]",hamburguer pork fried sauce hamburguer pork fried sauce,
food,4a4d1d17-652e-5bb5-9121-b68b27ea6b4a,,"Hambúrguer de porco, grelhado",Hamburguer Pork Grilled,"Hamburger Pork, Grilled",,"[""hambúrguer"",""hamburguer"",""porco"",""pork"",""grelhado"",""grilled""]",hamburguer pork grilled hamburguer pork grilled,
food,748f2d12-e65f-5c15-9bf8-8bb33defc414,,"Hambúrguer de vaca, cru",Hamburguer Beef Raw,"Hamburger Beef, Raw",,"[""hambúrguer"",""hamburguer"",""vaca"",""beef"",""cru"",""raw""]",hamburguer beef raw hamburguer beef raw vaca,
food,58bb64c0-e67c-54fc-9c95-a8307eaab094,,"Hambúrguer de vaca, frito ",Hamburguer Beef Fried,"Hamburger Beef, Fried",,"[""hambúrguer"",""hamburguer"",""vaca"",""beef"",""frito"",""fried""]",hamburguer beef fried hamburguer beef fried vaca,
food,c117dfd8-267d-5a5c-a440-011eaaa60044,,"Hambúrguer de vaca, grelhado",Hamburguer Beef Grilled,"Hamburger Beef, Grilled",,"[""hambúrguer"",""hamburguer"",""vaca"",""beef"",""grelhado"",""grilled""]",hamburguer beef grilled hamburguer beef grilled vaca,
food,158adfec-9e48-5c62-8faa-33c5626142f5,,Hortelã fresca,Hortela Fresh,"Mint, Fresh",,"[""hortelã"",""hortela"",""fresca"",""fresh""]",hortela fresh hortela fresh,
food,b5d4c333-2d68-5129-b8e0-899ef3ede63a,,Hummus,Hummus,,Continente,"[""húmus"",""humus"",""hummus"",""grão"",""bico"",""chickpeas"",""hummu"",""continente"",""grao""]",hummus continente hummus continente humus grao chickpeas hummu,
food,1e529a05-2063-522e-b199-c818f0cec48b,,Ice Tea,Ice Tea,,,"[""ice"",""tea"",""iced"",""lipton""]",ice tea ice tea iced lipton,
food,b4151cef-92fe-5d9d-b5d0-5e978412c3b0,,"Imperador assado com cebola, tomate, azeite e óleo alimentar",Alfonsino Roasted Onion Tomato Olive Oil Cooking Oil,,,"[""imperador"",""assado"",""roasted"",""cebola"",""onion"",""tomate"",""tomato"",""azeite"",""olive"",""oil"",""óleo"",""oleo"",""alimentar"",""alfonsino"",""cooking""]",alfonsino roasted onion tomato olive oil cooking oil alfonsino roasted onion tomato olive oil cooking imperador oleo alimentar,
food,ab4cb252-8bc8-58fa-b5a5-c3efd25f650f,,Imperador cozido,Alfonsino Cooked,"Alfonsino, Cooked",,"[""imperador"",""cozido"",""cooked"",""boiled"",""alfonsino""]",alfonsino cooked alfonsino cooked imperador,
food,7f132a90-90d2-5507-b359-35f94e1eb9c1,,Imperador cru,Alfonsino Raw,"Alfonsino, Raw",,"[""imperador"",""cru"",""raw"",""alfonsino""]",alfonsino raw alfonsino raw imperador,
food,3569840c-37b6-5546-a743-a0b3bd0ba0fd,,Imperador grelhado,Alfonsino Grilled,"Alfonsino, Grilled",,"[""imperador"",""grelhado"",""grilled"",""alfonsino""]",alfonsino grilled alfonsino grilled imperador,
food,edd4b585-aeea-5044-8b53-5dab9dc92ba8,,Inhame cru ,Inhame Raw,"Yam, Raw",,"[""inhame"",""cru"",""raw""]",inhame raw inhame raw,
food,ea4df2ce-0483-5927-8aef-2720cfe90687,,"Iogurte gordo, aromatizado, açucarado ",Full-Fat Yogurt Flavoured Sweetened,"Full-Fat Yogurt Flavoured, Sweetened",,"[""iogurte"",""yogurt"",""gordo"",""fatty"",""aromatizado"",""açucarado"",""acucarado"",""sweetened"",""full"",""fat"",""flavoured""]",full fat yogurt flavoured sweetened full fat yogurt flavoured sweetened fatty,
food,5af3e7e5-89f0-522b-9395-3df8ae81411b,,"Iogurte gordo, com polpa e/ou pedaços de fruta e cereais açucarado",Full-Fat Yogurt with Fruit Pulp or Pieces with Cereals Sweetened,"Full-Fat Yogurt with Fruit Pulp or Pieces with Cereals, Sweetened",,"[""iogurte"",""yogurt"",""gordo"",""fatty"",""pedaços"",""pedacos"",""pedaço"",""fruta"",""fruit"",""cereais"",""cereai"",""cereals"",""açucarado"",""acucarado"",""sweetened"",""full"",""fat"",""with"",""pulp"",""or"",""pieces""]",full fat yogurt with fruit pulp or pieces with cereals sweetened full fat yogurt with fruit pulp or pieces cereals sweetened fatty,
food,1c9dd320-363a-50c6-8200-554b0622cac7,,"Iogurte gordo, com polpa e/ou pedaços de fruta, açucarado ",Full-Fat Yogurt with Fruit Pulp or Pieces Sweetened,"Full-Fat Yogurt with Fruit Pulp or Pieces, Sweetened",,"[""iogurte"",""yogurt"",""gordo"",""fatty"",""pedaços"",""pedacos"",""pedaço"",""fruta"",""fruit"",""açucarado"",""acucarado"",""sweetened"",""full"",""fat"",""with"",""pulp"",""or"",""pieces""]",full fat yogurt with fruit pulp or pieces sweetened full fat yogurt with fruit pulp or pieces sweetened fatty,
food,6878daef-aa3d-5a79-9546-3ce8826753df,,Iogurte grego com fruta açucarado,Greek Yogurt with Fruit Sweetened,"Greek Yogurt with Fruit, Sweetened",,"[""iogurte"",""yogurt"",""grego"",""fruta"",""fruit"",""açucarado"",""acucarado"",""sweetened"",""greek"",""with""]",greek yogurt with fruit sweetened greek yogurt with fruit sweetened,
food,4e355ef4-7c48-5f76-a3c2-cf3d0c4e5cff,,Iogurte grego magro natural ,Low-Fat Greek Yogurt Natural,"Low-Fat Greek Yogurt, Natural",,"[""iogurte"",""yogurt"",""grego"",""magro"",""lean"",""light"",""low"",""fat"",""greek"",""natural""]",low fat greek yogurt natural low fat greek yogurt natural lean light,
food,225cf9b2-4539-503a-b961-cb6948be39fa,,Iogurte grego natural,Greek Yogurt Natural,"Greek Yogurt, Natural",,"[""iogurte"",""yogurt"",""grego"",""greek"",""natural""]",greek yogurt natural greek yogurt natural,
food,2d344121-44c9-5349-9d0b-aae07e96d7af,,"Iogurte líquido magro, aromatizado, açucarado ",Low-Fat Drinkable Yogurt Flavoured Sweetened,"Low-Fat Drinkable Yogurt Flavoured, Sweetened",,"[""iogurte"",""yogurt"",""líquido"",""liquido"",""magro"",""lean"",""light"",""aromatizado"",""açucarado"",""acucarado"",""sweetened"",""low"",""fat"",""drinkable"",""flavoured""]",low fat drinkable yogurt flavoured sweetened low fat drinkable yogurt flavoured sweetened lean light,
food,80375950-e2b8-5b0c-97d4-23ddba1747a9,,"Iogurte líquido meio gordo, aromatizado, açucarado ",Semi-Fat Drinkable Yogurt Flavoured Sweetened,"Semi-Fat Drinkable Yogurt Flavoured, Sweetened",,"[""iogurte"",""yogurt"",""líquido"",""liquido"",""meio"",""gordo"",""fatty"",""aromatizado"",""açucarado"",""acucarado"",""sweetened"",""semi"",""fat"",""drinkable"",""flavoured""]",semi fat drinkable yogurt flavoured sweetened semi fat drinkable yogurt flavoured sweetened fatty,
food,0016eb0a-5aab-5f0b-a4d7-b8b2238b6b61,,"Iogurte líquido meio gordo, natural, açucarado",Semi-Fat Drinkable Yogurt Natural Sweetened,"Semi-Fat Drinkable Yogurt Natural, Sweetened",,"[""iogurte"",""yogurt"",""líquido"",""liquido"",""meio"",""gordo"",""fatty"",""açucarado"",""acucarado"",""sweetened"",""semi"",""fat"",""drinkable"",""natural""]",semi fat drinkable yogurt natural sweetened semi fat drinkable yogurt natural sweetened fatty,
food,b83f6ac0-c0ce-5c00-9989-26c86a5fc164,,"Iogurte magro, aromatizado, açucarado ",Low-Fat Yogurt Flavoured Sweetened,"Low-Fat Yogurt Flavoured, Sweetened",,"[""iogurte"",""yogurt"",""magro"",""lean"",""light"",""aromatizado"",""açucarado"",""acucarado"",""sweetened"",""low"",""fat"",""flavoured""]",low fat yogurt flavoured sweetened low fat yogurt flavoured sweetened lean light,
food,e9e3d896-c9de-5b93-9638-e75139e901f8,,"Iogurte magro, com cereais e edulcorantes",Low-Fat Yogurt with Cereals with Sweeteners,,,"[""iogurte"",""yogurt"",""magro"",""lean"",""light"",""cereais"",""cereai"",""cereals"",""edulcorantes"",""edulcorante"",""low"",""fat"",""with"",""sweeteners""]",low fat yogurt with cereals with sweeteners low fat yogurt with cereals sweeteners lean light,
food,375ae5e2-1473-5e18-8662-579330b6b6b4,,"Iogurte magro, natural ",Low-Fat Yogurt Natural,"Low-Fat Yogurt, Natural",,"[""iogurte"",""yogurt"",""magro"",""lean"",""light"",""low"",""fat"",""natural""]",low fat yogurt natural low fat yogurt natural lean light,
food,57f6aaa6-ca24-5aec-87ea-43272e0666d4,,"Iogurte magro, natural, com edulcorantes ",Low-Fat Yogurt Natural with Sweeteners,"Low-Fat Yogurt, Natural with Sweeteners",,"[""iogurte"",""yogurt"",""magro"",""lean"",""light"",""edulcorantes"",""edulcorante"",""low"",""fat"",""natural"",""with"",""sweeteners""]",low fat yogurt natural with sweeteners low fat yogurt natural with sweeteners lean light,
food,f734c60c-f668-5366-947c-acdb4cd98205,,"Iogurte meio gordo, aromatizado, açucarado",Semi-Fat Yogurt Flavoured Sweetened,"Semi-Fat Yogurt Flavoured, Sweetened",,"[""iogurte"",""yogurt"",""meio"",""gordo"",""fatty"",""aromatizado"",""açucarado"",""acucarado"",""sweetened"",""semi"",""fat"",""flavoured""]",semi fat yogurt flavoured sweetened semi fat yogurt flavoured sweetened fatty,
food,accc1d0c-3d18-593d-a0ad-5b12b779a3c4,,"Iogurte meio gordo, com polpa e/ou pedaços de fruta, açucarado",Semi-Fat Yogurt with Fruit Pulp or Pieces Sweetened,"Semi-Fat Yogurt with Fruit Pulp or Pieces, Sweetened",,"[""iogurte"",""yogurt"",""meio"",""gordo"",""fatty"",""pedaços"",""pedacos"",""pedaço"",""fruta"",""fruit"",""açucarado"",""acucarado"",""sweetened"",""semi"",""fat"",""with"",""pulp"",""or"",""pieces""]",semi fat yogurt with fruit pulp or pieces sweetened semi fat yogurt with fruit pulp or pieces sweetened fatty,
food,b15cd8fb-ba5d-599b-907c-2d785409b24f,,"Iogurte meio gordo, natural",Semi-Fat Yogurt Natural,"Semi-Fat Yogurt, Natural",,"[""iogurte"",""yogurt"",""meio"",""gordo"",""fatty"",""semi"",""fat"",""natural""]",semi fat yogurt natural semi fat yogurt natural fatty,
food,181dd2ed-1cd7-5b6f-84be-ab7b20cb888b,,"Iogurte meio gordo, natural, açucarado ",Semi-Fat Yogurt Natural Sweetened,"Semi-Fat Yogurt Natural, Sweetened",,"[""iogurte"",""yogurt"",""meio"",""gordo"",""fatty"",""açucarado"",""acucarado"",""sweetened"",""semi"",""fat"",""natural""]",semi fat yogurt natural sweetened semi fat yogurt natural sweetened fatty,
food,59cd2d9f-c21c-52fe-95eb-563adc1fa5a9,,"Iogurte sem lactose enriquecido em proteína, magro, aromatizado, com pedaços e/ou polpa de fruta, açucarado",Low-Fat Lactose-Free Yogurt Flavoured with Fruit Pulp or Pieces High-Protein Sweetened,"Low-Fat Lactose-Free Yogurt Flavoured with Fruit Pulp or Pieces High-Protein, Sweetened",,"[""iogurte"",""yogurt"",""lactose"",""enriquecido"",""proteína"",""proteina"",""magro"",""lean"",""light"",""aromatizado"",""pedaços"",""pedacos"",""pedaço"",""fruta"",""fruit"",""açucarado"",""acucarado"",""sweetened"",""low"",""fat"",""free"",""flavoured"",""with"",""pulp"",""or"",""pieces"",""high"",""protein""]",low fat lactose free yogurt flavoured with fruit pulp or pieces high protein sweetened low fat lactose free yogurt flavoured with fruit pulp or pieces high protein sweetened lean light,
food,d1070034-f34a-5ab6-8465-d557f02ea122,,"Iogurte sem lactose líquido, magro, aromatizado, com polpa de fruta, açucarado",Low-Fat Drinkable Lactose-Free Yogurt Flavoured with Fruit Pulp or Pieces Sweetened,"Low-Fat Drinkable Lactose-Free Yogurt Flavoured with Fruit Pulp or Pieces, Sweetened",,"[""iogurte"",""yogurt"",""lactose"",""líquido"",""liquido"",""magro"",""lean"",""light"",""aromatizado"",""fruta"",""fruit"",""açucarado"",""acucarado"",""sweetened"",""low"",""fat"",""drinkable"",""free"",""flavoured"",""with"",""pulp"",""or"",""pieces""]",low fat drinkable lactose free yogurt flavoured with fruit pulp or pieces sweetened low fat drinkable lactose free yogurt flavoured with fruit pulp or pieces sweetened lean light,
food,aeae6c40-6ee3-54dd-af0c-dad510ea1096,,"Iogurte sem lactose líquido, magro, aromatizado, com polpa de fruta, com edulcorantes",Low-Fat Drinkable Lactose-Free Yogurt Flavoured with Fruit Pulp or Pieces with Sweeteners,,,"[""iogurte"",""yogurt"",""lactose"",""líquido"",""liquido"",""magro"",""lean"",""light"",""aromatizado"",""fruta"",""fruit"",""edulcorantes"",""edulcorante"",""low"",""fat"",""drinkable"",""free"",""flavoured"",""with"",""pulp"",""or"",""pieces"",""sweeteners""]",low fat drinkable lactose free yogurt flavoured with fruit pulp or pieces with sweeteners low fat drinkable lactose free yogurt flavoured with fruit pulp or pieces sweeteners lean light,
food,4ffe1f0b-8605-530c-9858-fd36867c0090,,"Iogurte sem lactose líquido, meio gordo, aromatizado, açucarado",Semi-Fat Drinkable Lactose-Free Yogurt Flavoured Sweetened,"Semi-Fat Drinkable Lactose-Free Yogurt Flavoured, Sweetened",,"[""iogurte"",""yogurt"",""lactose"",""líquido"",""liquido"",""meio"",""gordo"",""fatty"",""aromatizado"",""açucarado"",""acucarado"",""sweetened"",""semi"",""fat"",""drinkable"",""free"",""flavoured""]",semi fat drinkable lactose free yogurt flavoured sweetened semi fat drinkable lactose free yogurt flavoured sweetened fatty,
food,3790bd58-383f-5544-8c70-9d6861c27be0,,"Iogurte sem lactose líquido, meio gordo, aromatizado, com polpa de fruta, açucarado",Semi-Fat Drinkable Lactose-Free Yogurt Flavoured with Fruit Pulp or Pieces Sweetened,"Semi-Fat Drinkable Lactose-Free Yogurt Flavoured with Fruit Pulp or Pieces, Sweetened",,"[""iogurte"",""yogurt"",""lactose"",""líquido"",""liquido"",""meio"",""gordo"",""fatty"",""aromatizado"",""fruta"",""fruit"",""açucarado"",""acucarado"",""sweetened"",""semi"",""fat"",""drinkable"",""free"",""flavoured"",""with"",""pulp"",""or"",""pieces""]",semi fat drinkable lactose free yogurt flavoured with fruit pulp or pieces sweetened semi fat drinkable lactose free yogurt flavoured with fruit pulp or pieces sweetened fatty,
food,301b5cb6-3a77-573a-89d7-1a5a338d14bc,,"Iogurte sem lactose líquido, meio gordo, natural, açucarado",Semi-Fat Drinkable Lactose-Free Yogurt Natural Sweetened,"Semi-Fat Drinkable Lactose-Free Yogurt Natural, Sweetened",,"[""iogurte"",""yogurt"",""lactose"",""líquido"",""liquido"",""meio"",""gordo"",""fatty"",""açucarado"",""acucarado"",""sweetened"",""semi"",""fat"",""drinkable"",""free"",""natural""]",semi fat drinkable lactose free yogurt natural sweetened semi fat drinkable lactose free yogurt natural sweetened fatty,
food,fd4b1607-3dba-5eb0-8eda-49182adfec5e,,"Iogurte sem lactose magro, aromatizado, com pedaços e/ou polpa de fruta, com edulcorantes",Low-Fat Lactose-Free Yogurt Flavoured with Fruit Pulp or Pieces with Sweeteners,,,"[""iogurte"",""yogurt"",""lactose"",""magro"",""lean"",""light"",""aromatizado"",""pedaços"",""pedacos"",""pedaço"",""fruta"",""fruit"",""edulcorantes"",""edulcorante"",""low"",""fat"",""free"",""flavoured"",""with"",""pulp"",""or"",""pieces"",""sweeteners""]",low fat lactose free yogurt flavoured with fruit pulp or pieces with sweeteners low fat lactose free yogurt flavoured with fruit pulp or pieces sweeteners lean light,
food,a045ee5a-5e68-5eb2-84e4-6d0535fd04e7,,"Iogurte sem lactose magro, natural",Low-Fat Lactose-Free Yogurt Natural,"Low-Fat Lactose-Free Yogurt, Natural",,"[""iogurte"",""yogurt"",""lactose"",""magro"",""lean"",""light"",""low"",""fat"",""free"",""natural""]",low fat lactose free yogurt natural low fat lactose free yogurt natural lean light,
food,328f35b4-c045-58ed-b903-cb65984e8c68,,"Iogurte sem lactose meio gordo, aromatizado, açucarado",Semi-Fat Lactose-Free Yogurt Flavoured Sweetened,"Semi-Fat Lactose-Free Yogurt Flavoured, Sweetened",,"[""iogurte"",""yogurt"",""lactose"",""meio"",""gordo"",""fatty"",""aromatizado"",""açucarado"",""acucarado"",""sweetened"",""semi"",""fat"",""free"",""flavoured""]",semi fat lactose free yogurt flavoured sweetened semi fat lactose free yogurt flavoured sweetened fatty,
food,b7195fe3-543f-5c99-bb65-58b162d9b418,,"Iogurte sem lactose meio gordo, aromatizado, com frutos secos e cereais, açucarado",Semi-Fat Lactose-Free Yogurt Flavoured with Nuts with Cereals Sweetened,"Semi-Fat Lactose-Free Yogurt Flavoured with Nuts with Cereals, Sweetened",,"[""iogurte"",""yogurt"",""lactose"",""meio"",""gordo"",""fatty"",""aromatizado"",""frutos"",""fruto"",""secos"",""seco"",""cereais"",""cereai"",""cereals"",""açucarado"",""acucarado"",""sweetened"",""semi"",""fat"",""free"",""flavoured"",""with"",""nuts""]",semi fat lactose free yogurt flavoured with nuts with cereals sweetened semi fat lactose free yogurt flavoured with nuts cereals sweetened fatty fruto,
food,72f240e8-2c55-549c-a633-c76d815e1ba9,,"Iogurte sem lactose meio gordo, aromatizado, com pedaços e/ou polpa de fruta, açucarado",Semi-Fat Lactose-Free Yogurt Flavoured with Fruit Pulp or Pieces Sweetened,"Semi-Fat Lactose-Free Yogurt Flavoured with Fruit Pulp or Pieces, Sweetened",,"[""iogurte"",""yogurt"",""lactose"",""meio"",""gordo"",""fatty"",""aromatizado"",""pedaços"",""pedacos"",""pedaço"",""fruta"",""fruit"",""açucarado"",""acucarado"",""sweetened"",""semi"",""fat"",""free"",""flavoured"",""with"",""pulp"",""or"",""pieces""]",semi fat lactose free yogurt flavoured with fruit pulp or pieces sweetened semi fat lactose free yogurt flavoured with fruit pulp or pieces sweetened fatty,
food,c1d7abde-4807-5ed7-bd40-d52c3df3885e,,"Iogurte sem lactose meio gordo, natural",Semi-Fat Lactose-Free Yogurt Natural,"Semi-Fat Lactose-Free Yogurt, Natural",,"[""iogurte"",""yogurt"",""lactose"",""meio"",""gordo"",""fatty"",""semi"",""fat"",""free"",""natural""]",semi fat lactose free yogurt natural semi fat lactose free yogurt natural fatty,
food,b256c1a8-4c84-5b66-b524-4b6aae68b4e1,,"Iogurte sem lactose meio gordo, natural, açucarado",Semi-Fat Lactose-Free Yogurt Natural Sweetened,"Semi-Fat Lactose-Free Yogurt Natural, Sweetened",,"[""iogurte"",""yogurt"",""lactose"",""meio"",""gordo"",""fatty"",""açucarado"",""acucarado"",""sweetened"",""semi"",""fat"",""free"",""natural""]",semi fat lactose free yogurt natural sweetened semi fat lactose free yogurt natural sweetened fatty,
food,dd6e2f09-9bb8-5d70-9290-242867459fcb,,Jarrete de porco,Jarrete Pork,,,"[""jarrete"",""porco"",""pork""]",jarrete pork jarrete pork,
food,ef7714b1-78d4-5a7d-a9e6-79ac49176edf,,Javali cru,Javali Raw,"Javali, Raw",,"[""javali"",""cru"",""raw""]",javali raw javali raw,
food,7fbfee1f-4c52-5185-8e1e-ca57de802382,,Jesuíta,Jesuita,,,"[""jesuíta"",""jesuita""]",jesuita jesuita,
food,a0db8480-d008-5e48-a169-bcb23a72548b,,Kale,Kale (Variant 2),,,"[""kale"",""variant""]",kale variant 2 kale variant,
food,9e5d6d7c-85ee-5b7d-bed3-08030219f8b8,,Kiwi,Kiwi,,,"[""Quivi"",""kiwi"",""kiwis"",""quiwis"",""fruta"",""fruit"",""quiuí"",""quiui""]",kiwi kiwi quivi kiwis quiwis quiui,
food,4548f976-2629-561e-8c04-e2bccd6f4d23,,Kiwi desidratado,Dehydrated Quivi,,,"[""Quivi"",""kiwi"",""fruit"",""desidratado"",""dehydrated"",""dried""]",dehydrated quivi dehydrated quivi kiwi,
food,4e4f3832-364b-57d6-90e1-2dc2609b559f,,Lagosta cozida,Lagosta Cooked,"Lobster, Cooked",,"[""lagosta"",""lobster"",""cozida"",""cooked"",""boiled""]",lagosta cooked lagosta cooked lobster,
food,76731f32-ec64-58cb-ab44-503e7c03adc2,,Lagosta crua,Lagosta Raw,"Lobster, Raw",,"[""lagosta"",""lobster"",""crua"",""raw""]",lagosta raw lagosta raw lobster,
food,c73e893d-d2ab-530a-b515-6c348933e946,,Lagostim cozido,Lagostim Cooked,"Langoustine, Cooked",,"[""lagostim"",""crayfish"",""langoustine"",""cozido"",""cooked"",""boiled""]",lagostim cooked lagostim cooked crayfish langoustine,
food,d8732f06-3369-5893-b633-bcb2ebf1fbad,,Lagostim cru,Lagostim Raw,"Langoustine, Raw",,"[""lagostim"",""crayfish"",""langoustine"",""cru"",""raw""]",lagostim raw lagostim raw crayfish langoustine,
food,cef4620c-1491-596e-a799-1740b356988f,,Lampreia crua,Lampreia Raw,"Lamprey, Raw",,"[""lampreia"",""crua"",""raw""]",lampreia raw lampreia raw,
food,fb5378b2-267a-5191-ae19-39812d03c69c,,Lapas cruas,Raw Lapas,Raw Limpets,,"[""lapas"",""lapa"",""cruas"",""crua"",""raw""]",raw lapas raw lapas lapa,
food,f2e0a127-7c1f-5773-816b-c948380f7699,,Laranja,Orange,,,"[""fruta"",""fruit"",""laranjas"",""oranges"",""laranja"",""orange""]",orange orange oranges,
food,5249b201-4dad-50fd-a4b9-c734edc67c81,,Laranja (3 variedades),Orange (3 Varieties),,,"[""laranja"",""laranjas"",""orange"",""oranges"",""citrino"",""citrinos"",""citrus"",""fruta"",""fruit"",""varieties""]",orange 3 varieties orange varieties oranges citrino citrinos citrus,
food,140b9ff5-0e63-5d5b-9641-2734daad3eb7,,Lasanha com Ovo (folha),Lasanha Egg (folha),Lasagna Egg (Leaves),Milaneza,"[""lasanha"",""ovo"",""lasagna"",""egg"",""folha"",""sheet"",""milaneza""]",lasanha egg folha milaneza lasanha egg folha milaneza lasagna sheet,
food,ec6ba4c5-6c74-5566-9745-171c44403bed,,Lasanha à bolonhesa,Lasanha Bolonhesa,Lasagna Bolognese,,"[""lasanha"",""bolonhesa""]",lasanha bolonhesa lasanha bolonhesa,
food,5b159e68-72dc-549e-adc9-e14e91353f38,,Lebre crua,Lebre Raw,"Lebre, Raw",,"[""lebre"",""crua"",""raw""]",lebre raw lebre raw,
food,f88f9d46-db00-5668-b741-9623fd39c41d,,Leite condensado,Milk Condensado,,,"[""leite"",""milk"",""condensado""]",milk condensado milk condensado,
food,767262ed-9474-5eae-8fd0-62bb0ca54bf5,,Leite creme,Custard,,,"[""leite"",""milk"",""creme"",""cream"",""custard""]",custard custard milk creme cream,
food,faf66b36-901a-58d9-be39-2dc3b1ac6532,,Leite de cabra cru,Milk Cabra Raw,"Milk Goat, Raw",,"[""leite"",""milk"",""cabra"",""cru"",""raw""]",milk cabra raw milk cabra raw,
food,cfeec408-4e38-59c2-a23a-6b1944edc54c,,"Leite de coco, enlatado",Milk Coco Enlatado,"Milk Coco, Canned",,"[""leite"",""milk"",""coco"",""coconut"",""enlatado""]",milk coco enlatado milk coco enlatado coconut,
food,045a5143-5de3-5b2a-8412-2422b0439062,,Leite de Côco,Milk Coco,,Continente,"[""leites"",""côco"",""coconuts"",""milks"",""leite"",""milk"",""coco"",""coconut"",""continente""]",milk coco continente milk coco continente leites coconuts milks coconut,
food,5157a118-c60c-5004-b228-c2929a8c1713,,Leite de ovelha cru,Milk Ovelha Raw,"Milk Sheep, Raw",,"[""leite"",""milk"",""ovelha"",""cru"",""raw""]",milk ovelha raw milk ovelha raw,
food,051894fa-422e-5f06-a09c-38380493c9ac,,Leite evaporado,Milk Evaporado,Milk Evaporated,,"[""leite"",""milk"",""evaporado""]",milk evaporado milk evaporado,
food,dedd6a62-0e60-5378-a423-3ce5d2547871,,"Leite fermentado (Bifidus) gordo, natural",Full-Fat Fermented Milk (Bifidus) Natural,"Full-Fat Fermented Milk (Bifidus), Natural",,"[""leite"",""milk"",""fermentado"",""bifidus"",""bifidu"",""gordo"",""fatty"",""full"",""fat"",""fermented"",""natural""]",full fat fermented milk bifidus natural full fat fermented milk bifidus natural fermentado bifidu fatty,
food,ac87f495-2299-5701-8076-bf8f93d80a8e,,"Leite fermentado (Bifidus) sem lactose enriquecido com fibra, magro, aromatizado, com pedaços e/ou polpa de fruta, com sementes e/ou cereais, com frutos secos e/ou de casca rija, com edulcorantes ",Low-Fat Lactose-Free Fermented Milk (Bifidus) Flavoured with Fruit Pulp or Pieces with Sweeteners,,,"[""leite"",""milk"",""fermentado"",""bifidus"",""bifidu"",""lactose"",""enriquecido"",""fibra"",""magro"",""lean"",""light"",""aromatizado"",""pedaços"",""pedacos"",""pedaço"",""fruta"",""fruit"",""sementes"",""semente"",""seeds"",""cereais"",""cereai"",""cereals"",""frutos"",""fruto"",""secos"",""seco"",""casca"",""rija"",""edulcorantes"",""edulcorante"",""low"",""fat"",""free"",""fermented"",""flavoured"",""with"",""pulp"",""or"",""pieces"",""sweeteners""]",low fat lactose free fermented milk bifidus flavoured with fruit pulp or pieces with sweeteners low fat lactose free fermented milk bifidus flavoured with fruit pulp or pieces sweeteners fermentado bifidu fibra lean light seeds fruto rija,
food,46357fde-3b0a-50c9-9983-00d520054c89,,"Leite fermentado (Bifidus) sem lactose líquido, meio gordo, aromatizado, com pedaços e/ou polpa de fruta, açucarado",Semi-Fat Drinkable Lactose-Free Fermented Milk (Bifidus) Flavoured with Fruit Pulp or Pieces Sweetened,"Semi-Fat Drinkable Lactose-Free Fermented Milk (Bifidus) Flavoured with Fruit Pulp or Pieces, Sweetened",,"[""leite"",""milk"",""fermentado"",""bifidus"",""bifidu"",""lactose"",""líquido"",""liquido"",""meio"",""gordo"",""fatty"",""aromatizado"",""pedaços"",""pedacos"",""pedaço"",""fruta"",""fruit"",""açucarado"",""acucarado"",""sweetened"",""semi"",""fat"",""drinkable"",""free"",""fermented"",""flavoured"",""with"",""pulp"",""or"",""pieces""]",semi fat drinkable lactose free fermented milk bifidus flavoured with fruit pulp or pieces sweetened semi fat drinkable lactose free fermented milk bifidus flavoured with fruit pulp or pieces sweetened fermentado bifidu fatty,
food,961c279d-66da-568a-b801-dfe9efb165bb,,"Leite fermentado (Bifidus) sem lactose magro, natural, com edulcorantes",Low-Fat Lactose-Free Fermented Milk (Bifidus) Natural with Sweeteners,"Low-Fat Lactose-Free Fermented Milk (Bifidus), Natural with Sweeteners",,"[""leite"",""milk"",""fermentado"",""bifidus"",""bifidu"",""lactose"",""magro"",""lean"",""light"",""edulcorantes"",""edulcorante"",""low"",""fat"",""free"",""fermented"",""natural"",""with"",""sweeteners""]",low fat lactose free fermented milk bifidus natural with sweeteners low fat lactose free fermented milk bifidus natural with sweeteners fermentado bifidu lean light,
food,1a3deafa-f45d-5d34-a03e-e4da9fd0d1b3,,"Leite fermentado (Bifidus) sem lactose, gordo, natural",Full-Fat Lactose-Free Fermented Milk (Bifidus) Natural,"Full-Fat Lactose-Free Fermented Milk (Bifidus), Natural",,"[""leite"",""milk"",""fermentado"",""bifidus"",""bifidu"",""lactose"",""gordo"",""fatty"",""full"",""fat"",""free"",""fermented"",""natural""]",full fat lactose free fermented milk bifidus natural full fat lactose free fermented milk bifidus natural fermentado bifidu fatty,
food,7626a252-07d6-5159-a44c-90334d46c07e,,"Leite fermentado (Bifidus) sem lactose, magro, aromatizado, com pedaços e/ou polpa de fruta e/ou hortícolas, açucarado, com edulcorantes",Low-Fat Lactose-Free Fermented Milk (Bifidus) Flavoured with Fruit Pulp or Pieces and Vegetables Sweetened with Sweeteners,"Low-Fat Lactose-Free Fermented Milk (Bifidus) Flavoured with Fruit Pulp or Pieces and Vegetables, Sweetened with Sweeteners",,"[""leite"",""milk"",""fermentado"",""bifidus"",""bifidu"",""lactose"",""magro"",""lean"",""light"",""aromatizado"",""pedaços"",""pedacos"",""pedaço"",""fruta"",""fruit"",""hortícolas"",""horticolas"",""hortícola"",""açucarado"",""acucarado"",""sweetened"",""edulcorantes"",""edulcorante"",""low"",""fat"",""free"",""fermented"",""flavoured"",""with"",""pulp"",""or"",""pieces"",""and"",""vegetables"",""sweeteners"",""horticola""]",low fat lactose free fermented milk bifidus flavoured with fruit pulp or pieces and vegetables sweetened with sweeteners low fat lactose free fermented milk bifidus flavoured with fruit pulp or pieces and vegetables sweetened sweeteners fermentado bifidu lean light horticolas horticola,
food,2cbdc097-f539-50ac-a74a-423f537d5a0f,,"Leite gordo especial, pasteurizado ",Special Pasteurized Whole Milk,,,"[""leite"",""milk"",""gordo"",""fatty"",""especial"",""pasteurizado"",""special"",""pasteurized"",""whole""]",special pasteurized whole milk special pasteurized whole milk fatty especial pasteurizado,
food,f7493d8f-ac02-5a38-8fbc-620bf9a0cc52,,"Leite gordo sem lactose, enriquecido com vitaminas A, D, E e B9 (ácido fólico), UHT",Milk Lactose D B9 (acido Folico) Uht,"Full-Fat Lactose-Free Milk Fortified with Vitamins A, D, E and B9 (Folic Acid) UHT",,"[""leite"",""milk"",""gordo"",""fatty"",""lactose"",""enriquecido"",""vitaminas"",""vitamina"",""ácido"",""acido"",""fólico"",""folico"",""uht"",""b9""]",milk lactose d b9 acido folico uht milk lactose b9 acido folico uht fatty,
food,fb8a1b46-cf33-5e1e-a46a-6553bc06aa9e,,"Leite gordo, pasteurizado",Pasteurized Whole Milk,,,"[""leite"",""milk"",""gordo"",""fatty"",""pasteurizado"",""pasteurized"",""whole""]",pasteurized whole milk pasteurized whole milk fatty pasteurizado,
food,8bce9629-43a3-5de0-a6cf-cd25249cbc6d,,"Leite gordo, pó",Milk Po,Milk Powder,,"[""leite"",""milk"",""gordo"",""fatty"",""po""]",milk po milk po fatty,
food,3272cb97-be0b-5b8b-ad9e-a7b98bf7080a,,"Leite gordo, UHT",Milk Uht,Full-Fat Milk UHT,,"[""leite"",""milk"",""gordo"",""fatty"",""uht""]",milk uht milk uht fatty,
food,d8a285e7-a7bf-5998-9857-e1c7f0f1918d,,Leite humano,Milk Humano,Milk Human,,"[""leite"",""milk"",""humano""]",milk humano milk humano,
food,95e1f591-cb3b-5cce-970f-2c473aae36b9,,"Leite humano, colostro",Milk Humano Colostro,Milk Human Colostro,,"[""leite"",""milk"",""humano"",""colostro""]",milk humano colostro milk humano colostro,
food,702a38f6-c173-5622-8cfc-509dcf447398,,"Leite humano, transição",Milk Humano Transicao,Milk Human Transition,,"[""leite"",""milk"",""humano"",""transição"",""transicao""]",milk humano transicao milk humano transicao,
food,e5a7a2d2-a04d-5a99-adf0-ca6cf04bc241,,"Leite magro de pastagem, UHT ",Pasture-Raised Skimmed Milk UHT,,,"[""leite"",""milk"",""magro"",""lean"",""light"",""pastagem"",""uht"",""pasture"",""raised"",""skimmed""]",pasture raised skimmed milk uht pasture raised skimmed milk uht lean light pastagem,
food,8a5f90d9-e2c5-5891-a72e-578375bf3046,,"Leite magro sem lactose, UHT",Milk Lean Lactose Uht,Skimmed Lactose-Free Milk UHT,,"[""leite"",""milk"",""magro"",""lean"",""light"",""lactose"",""uht""]",milk lean lactose uht milk lean lactose uht light,
food,d1ba1ec6-0f84-5b12-9a8a-31ab7df03cf0,,"Leite magro, pó",Milk Lean Po,Skimmed Milk Powder,,"[""leite"",""milk"",""magro"",""lean"",""light"",""po""]",milk lean po milk lean po light,
food,ffbcce40-50f2-53a8-aeaf-cf1e647597d6,,"Leite magro, UHT",Milk Lean Uht,Skimmed Milk UHT,,"[""leite"",""milk"",""magro"",""lean"",""light"",""uht""]",milk lean uht milk lean uht light,
food,c5382887-4491-517b-b9cf-43153fb6f0a1,,Leite Meio Gordo,Semi-Skimmed Milk,,Mimosa,"[""leites"",""milks"",""bebidas"",""drinks"",""leite"",""milk"",""meio"",""gordo"",""fatty"",""mimosa"",""semi"",""skimmed""]",semi skimmed milk mimosa semi skimmed milk mimosa leites milks bebidas drinks fatty,
food,beef20d1-3cd5-5710-acda-38902c15c1ab,,"Leite meio gordo aromatizado, UHT ",Semi-Skimmed Milk Flavoured UHT,,,"[""leite"",""milk"",""meio"",""gordo"",""fatty"",""aromatizado"",""uht"",""semi"",""skimmed"",""flavoured""]",semi skimmed milk flavoured uht semi skimmed milk flavoured uht fatty,
food,42d0996e-4c4e-5bb1-bf3a-50082645f0ca,,"Leite meio gordo de pastagem, UHT",Semi-Skimmed Milk Pasture-Raised UHT,,,"[""leite"",""milk"",""meio"",""gordo"",""fatty"",""pastagem"",""uht"",""semi"",""skimmed"",""pasture"",""raised""]",semi skimmed milk pasture raised uht semi skimmed milk pasture raised uht fatty pastagem,
food,81b84b8e-daab-5cc6-8921-94408f7c02d7,,"Leite meio gordo sem lactose, UHT",Lactose-Free Semi-Skimmed Milk UHT,,,"[""leite"",""milk"",""meio"",""gordo"",""fatty"",""lactose"",""uht"",""free"",""semi"",""skimmed""]",lactose free semi skimmed milk uht lactose free semi skimmed milk uht fatty,
food,2309f262-f9f6-5112-9380-8394936c9535,,"Leite meio gordo, pó",Semi-Skimmed Milk Powder,,,"[""leite"",""milk"",""meio"",""gordo"",""fatty"",""semi"",""skimmed"",""powder""]",semi skimmed milk powder semi skimmed milk powder fatty,
food,2a8992f7-eb95-514a-b841-e24b79d53854,,"Leite meio gordo, UHT",Semi-Skimmed Milk UHT,,,"[""leite"",""milk"",""meio"",""gordo"",""fatty"",""uht"",""semi"",""skimmed""]",semi skimmed milk uht semi skimmed milk uht fatty,
food,3da5fccf-c5d1-5756-8772-91392a683bd7,,Lentilhas secas cozidas (demolhadas),Lentilhas Secas (demolhadas),"Lentils, Dried (Soaked)",,"[""lentilhas"",""lentilha"",""secas"",""seca"",""cozidas"",""cozida"",""cooked"",""boiled"",""demolhadas"",""demolhada""]",lentilhas secas demolhadas lentilhas secas demolhadas lentilha demolhada,
food,03a314ab-7b67-54b7-aee5-55e426c9bd83,,Lentilhas Verdes,Lentilhas Verdes,Lentils Green,,"[""lentilhas"",""verdes"",""green"",""lentils"",""com"",""casca"",""whole"",""lentilha"",""verde""]",lentilhas verdes lentilhas verdes lentils whole lentilha verde,
food,c7007a27-1e3e-5b7f-a9f2-129b1d2dc20c,,Lentilhas Vermelhas,Lentilhas Vermelhas,Lentils Red,,"[""lentilhas"",""vermelhas"",""red"",""lentils"",""sem"",""casca"",""hulled"",""lentilha"",""vermelha""]",lentilhas vermelhas lentilhas vermelhas lentils hulled lentilha,
food,f0cf8f0b-c05e-5177-84ef-83b85ceef04f,,"Lentilhas vermelhas, secas, cruas",Lentilhas Vermelhas Secas,"Lentils Red, Dried",,"[""lentilhas"",""lentilha"",""vermelhas"",""vermelha"",""secas"",""seca"",""cruas"",""crua"",""raw""]",lentilhas vermelhas secas lentilhas vermelhas secas lentilha,
food,9d6a630b-2ebb-5057-aa84-3b018e8bbd85,,"Lentilhas, secas, cruas",Lentilhas Secas,"Lentils, Dried",,"[""lentilhas"",""lentilha"",""secas"",""seca"",""cruas"",""crua"",""raw""]",lentilhas secas lentilhas secas lentilha,
food,b672ea8b-826d-5948-92f8-43c200876ca0,,Levedura de Cerveja,Levedura Cerveja,,,"[""levedura"",""cerveja"",""brewer's"",""yeast"",""beer"",""brewer""]",levedura cerveja levedura cerveja brewer yeast beer,
food,b4a34b0e-1b8c-5fe8-816f-dc6b54bfee94,,Lichia fresca,Lichia Fresh,"Lichia, Fresh",,"[""lichia"",""fresca"",""fresh""]",lichia fresh lichia fresh,
food,a7d7d3b0-eb23-5e00-a11e-5853fbba7378,,Licor beneditino,Licor Beneditino,,,"[""licor"",""beneditino""]",licor beneditino licor beneditino,
food,da161a75-7bf4-5209-bda5-b1fb53fbd733,,Licor de anis,Licor Anis,Licor Anise,,"[""licor"",""anis""]",licor anis licor anis,
food,00e04c12-3f6f-5c44-b400-fba98ca38bd9,,Licor de ginja,Licor Ginja,,,"[""licor"",""ginja""]",licor ginja licor ginja,
food,51f32b7f-db45-5058-a8dc-58250df19de4,,Licor simples,Licor,,,"[""licor"",""simples"",""simple""]",licor licor simple,
food,ef3ab40d-bc14-51dc-8db8-34094bb5947f,,Lima,Lima,Lime,,"[""lima"",""limas"",""lime"",""limes"",""citrino"",""citrinos"",""citrus"",""fruta"",""fruit""]",lima lima limas lime limes citrino citrinos citrus,
food,2152a6ba-25a9-52db-b132-42424da7e9d7,,Limão,Lemon,,,"[""limão"",""limões"",""lemons"",""limao"",""limoes"",""lemon"",""citrino"",""citrinos"",""citrus"",""fruta"",""fruit""]",lemon lemon lemons citrino citrinos citrus,
food,a5cd1a01-8886-559a-8584-86c646091a8a,,Linguado cru,Linguado Raw,"Sole, Raw",,"[""linguado"",""cru"",""raw""]",linguado raw linguado raw,
food,4cf88c2e-40b6-55f2-b412-0a7bb4a42635,,Linguado frito,Linguado Fried,"Sole, Fried",,"[""linguado"",""frito"",""fried""]",linguado fried linguado fried,
food,0892ced6-7066-537c-b6d0-5c51a467b221,,Linguado grelhado,Linguado Grilled,"Sole, Grilled",,"[""linguado"",""grelhado"",""grilled""]",linguado grilled linguado grilled,
food,d1cd3f00-2131-5db6-a799-c4471f9d190d,,Linguiça,Linguica,Portuguese Sausage,,"[""linguiça"",""linguica""]",linguica linguica,
food,118b32e9-9694-5f1d-ab1f-3934882b5afa,,Lombo de porco assado,Roasted Pork Loin,,,"[""lombo"",""loin"",""porco"",""pork"",""assado"",""roasted""]",roasted pork loin roasted pork loin lombo,
food,a5a72262-c039-506d-b3e2-fced7b94a0b2,,Lombo de porco assado com azeite e margarina,Roasted Pork Loin with Olive Oil and Margarine,,,"[""lombo"",""loin"",""porco"",""pork"",""assado"",""roasted"",""azeite"",""olive"",""oil"",""margarina"",""margarine"",""with"",""and""]",roasted pork loin with olive oil and margarine roasted pork loin with olive oil and margarine lombo margarina,
food,7040b444-c3a9-5d8d-872e-785a708a0c7d,,Lombo de porco assado com margarina,Roasted Pork Loin with Margarine,,,"[""lombo"",""loin"",""porco"",""pork"",""assado"",""roasted"",""margarina"",""margarine"",""with""]",roasted pork loin with margarine roasted pork loin with margarine lombo margarina,
food,c57860f0-ae1e-52b1-97ed-eb144745fe2b,,Lombo de porco assado com óleo alimentar e margarina,Roasted Pork Loin with Margarine and Cooking Oil,,,"[""lombo"",""loin"",""porco"",""pork"",""assado"",""roasted"",""óleo"",""oleo"",""oil"",""alimentar"",""margarina"",""margarine"",""with"",""and"",""cooking""]",roasted pork loin with margarine and cooking oil roasted pork loin with margarine and cooking oil lombo oleo alimentar margarina,
food,ca836d60-0414-5afd-90e7-04e0a01f2660,,"Lombo de porco assado, sem molho",Roasted Pork Loin without Sauce,,,"[""lombo"",""loin"",""porco"",""pork"",""assado"",""roasted"",""molho"",""sauce"",""without""]",roasted pork loin without sauce roasted pork loin without sauce lombo,
food,fb4f83a2-7a25-58f5-80d2-0939f5edffec,,Lombo de porco cru,Raw Pork Loin,,,"[""lombo"",""loin"",""porco"",""pork"",""cru"",""raw""]",raw pork loin raw pork loin lombo,
food,a51c3cda-03e9-5e15-8763-4636dcf24e05,,Lombo de porco frito,Fried Pork Loin,,,"[""lombo"",""loin"",""porco"",""pork"",""frito"",""fried""]",fried pork loin fried pork loin lombo,
food,e72b8b32-37a0-5a52-8825-280d414f3d3b,,Lombo de porco frito com manteiga,Fried Pork Loin with Butter,,,"[""lombo"",""loin"",""porco"",""pork"",""frito"",""fried"",""manteiga"",""butter"",""with""]",fried pork loin with butter fried pork loin with butter lombo,
food,98139257-28b5-5824-a428-c8a9a16bd71e,,Lombo de porco frito com margarina,Fried Pork Loin with Margarine,,,"[""lombo"",""loin"",""porco"",""pork"",""frito"",""fried"",""margarina"",""margarine"",""with""]",fried pork loin with margarine fried pork loin with margarine lombo margarina,
food,11ecf153-d25b-54a7-a7e8-f65a3f3644fc,,Lombo de porco frito panado,Fried Pork Loin with Breaded,"Fried Pork Loin with, Breaded",,"[""lombo"",""loin"",""porco"",""pork"",""frito"",""fried"",""panado"",""with"",""breaded""]",fried pork loin with breaded fried pork loin with breaded lombo panado,
food,e3b7cd99-598b-59af-b33e-53a327c786af,,Lombo de porco grelhado,Grilled Pork Loin,,,"[""lombo"",""loin"",""porco"",""pork"",""grelhado"",""grilled""]",grilled pork loin grilled pork loin lombo,
food,ea1bcef0-f3b5-541d-8a5e-658b4e1a6649,,Lombo de vaca magro assado com azeite e margarina,Roasted Lean Beef Loin with Olive Oil and Margarine,,,"[""lombo"",""loin"",""vaca"",""beef"",""magro"",""lean"",""light"",""assado"",""roasted"",""azeite"",""olive"",""oil"",""margarina"",""margarine"",""with"",""and""]",roasted lean beef loin with olive oil and margarine roasted lean beef loin with olive oil and margarine lombo vaca light margarina,
food,902f8596-5f91-5c20-ac14-930277dfab70,,"Lombo de vaca magro assado com azeite, manteiga e óleo alimentar",Roasted Lean Beef Loin with Olive Oil and Butter and Cooking Oil,,,"[""lombo"",""loin"",""vaca"",""beef"",""magro"",""lean"",""light"",""assado"",""roasted"",""azeite"",""olive"",""oil"",""manteiga"",""butter"",""óleo"",""oleo"",""alimentar"",""with"",""and"",""cooking""]",roasted lean beef loin with olive oil and butter and cooking oil roasted lean beef loin with olive oil and butter cooking lombo vaca light oleo alimentar,
food,5aea4324-7999-562a-8eb5-c41c270c155a,,Lombo de vaca magro assado com margarina,Roasted Lean Beef Loin with Margarine,,,"[""lombo"",""loin"",""vaca"",""beef"",""magro"",""lean"",""light"",""assado"",""roasted"",""margarina"",""margarine"",""with""]",roasted lean beef loin with margarine roasted lean beef loin with margarine lombo vaca light margarina,
food,623bd488-a955-5f67-96aa-14b1911b8f95,,Lombo de vaca magro assado com óleo alimentar e margarina,Roasted Lean Beef Loin with Margarine and Cooking Oil,,,"[""lombo"",""loin"",""vaca"",""beef"",""magro"",""lean"",""light"",""assado"",""roasted"",""óleo"",""oleo"",""oil"",""alimentar"",""margarina"",""margarine"",""with"",""and"",""cooking""]",roasted lean beef loin with margarine and cooking oil roasted lean beef loin with margarine and cooking oil lombo vaca light oleo alimentar margarina,
food,a3befdb3-fa2e-57f2-b178-a9d96fcb429c,,"Lombo de vaca magro assado, sem molho",Roasted Lean Beef Loin without Sauce,,,"[""lombo"",""loin"",""vaca"",""beef"",""magro"",""lean"",""light"",""assado"",""roasted"",""molho"",""sauce"",""without""]",roasted lean beef loin without sauce roasted lean beef loin without sauce lombo vaca light,
food,aaf50341-6acf-584f-ae8b-c710b0696dde,,Lombo de vaca magro cru,Raw Lean Beef Loin,,,"[""lombo"",""loin"",""vaca"",""beef"",""magro"",""lean"",""light"",""cru"",""raw""]",raw lean beef loin raw lean beef loin lombo vaca light,
food,c7a0ecb2-9db9-5292-889e-2fd03252b02a,,"Lombo de vaca magro no forno, com tomate, cebola, cenoura e alho","Oven-Roasted Lean Beef Loin with Tomato, Onion, Carrot and Garlic",,,"[""lombo"",""loin"",""vaca"",""beef"",""magro"",""lean"",""light"",""forno"",""tomate"",""tomato"",""cebola"",""onion"",""cenoura"",""carrot"",""alho"",""garlic"",""oven"",""roasted"",""with"",""and""]",oven roasted lean beef loin with tomato onion carrot and garlic oven roasted lean beef loin with tomato onion carrot and garlic lombo vaca light forno,
food,63a6e860-b86a-5565-99ad-8667599528d9,,Lombo de vitela assado com azeite e margarina,Roasted Veal Loin with Olive Oil and Margarine,,,"[""lombo"",""loin"",""vitela"",""veal"",""assado"",""roasted"",""azeite"",""olive"",""oil"",""margarina"",""margarine"",""with"",""and""]",roasted veal loin with olive oil and margarine roasted veal loin with olive oil and margarine lombo vitela margarina,
food,acfd901f-bc6a-5663-b283-a685e4721d9f,,"Lombo de vitela assado com azeite, margarina e óleo alimentar",Roasted Veal Loin with Olive Oil and Margarine and Cooking Oil,,,"[""lombo"",""loin"",""vitela"",""veal"",""assado"",""roasted"",""azeite"",""olive"",""oil"",""margarina"",""margarine"",""óleo"",""oleo"",""alimentar"",""with"",""and"",""cooking""]",roasted veal loin with olive oil and margarine and cooking oil roasted veal loin with olive oil and margarine cooking lombo vitela margarina oleo alimentar,
food,09e7057e-aaf7-55b4-b849-b2a53eda4f7d,,Lombo de vitela assado com margarina e óleo alimentar,Roasted Veal Loin with Margarine and Cooking Oil,,,"[""lombo"",""loin"",""vitela"",""veal"",""assado"",""roasted"",""margarina"",""margarine"",""óleo"",""oleo"",""oil"",""alimentar"",""with"",""and"",""cooking""]",roasted veal loin with margarine and cooking oil roasted veal loin with margarine and cooking oil lombo vitela margarina oleo alimentar,
food,a51bab05-e44e-5512-bee5-ceba75d673dd,,"Lombo de vitela assado, sem molho",Roasted Veal Loin without Sauce,,,"[""lombo"",""loin"",""vitela"",""veal"",""assado"",""roasted"",""molho"",""sauce"",""without""]",roasted veal loin without sauce roasted veal loin without sauce lombo vitela,
food,363b4fe2-77c3-5ed9-9291-d3f978b4771a,,Lombo de vitela cru,Raw Veal Loin,,,"[""lombo"",""loin"",""vitela"",""veal"",""cru"",""raw""]",raw veal loin raw veal loin lombo vitela,
food,8e1d0b32-695d-5ae9-85c7-435aab2d676f,,Lombo de vitela frito com margarina,Fried Veal Loin with Margarine,,,"[""lombo"",""loin"",""vitela"",""veal"",""frito"",""fried"",""margarina"",""margarine"",""with""]",fried veal loin with margarine fried veal loin with margarine lombo vitela margarina,
food,77ec857d-6427-5b9d-8286-b930f7655037,,"Lombo de vitela frito, sem molho",Fried Veal Loin without Sauce,,,"[""lombo"",""loin"",""vitela"",""veal"",""frito"",""fried"",""molho"",""sauce"",""without""]",fried veal loin without sauce fried veal loin without sauce lombo vitela,
food,426a7f9c-e6bb-5c24-914a-50ada45766c1,,Lombo de vitela grelhado,Grilled Veal Loin,,,"[""lombo"",""loin"",""vitela"",""veal"",""grelhado"",""grilled""]",grilled veal loin grilled veal loin lombo vitela,
food,54891f76-b677-5385-8aae-c18641834e9d,,Lombo ou pá de cavalo assado com azeite e manteiga,Roasted Horse Loin or Shoulder with Olive Oil and Butter,,,"[""lombo"",""loin"",""cavalo"",""assado"",""roasted"",""azeite"",""olive"",""oil"",""manteiga"",""butter"",""horse"",""or"",""shoulder"",""with"",""and""]",roasted horse loin or shoulder with olive oil and butter roasted horse loin or shoulder with olive oil and butter lombo cavalo,
food,fa90f14e-8c2b-52ec-966f-1e286776d648,,Lombo ou pá de cavalo assado com margarina,Roasted Horse Loin or Shoulder with Margarine,,,"[""lombo"",""loin"",""cavalo"",""assado"",""roasted"",""margarina"",""margarine"",""horse"",""or"",""shoulder"",""with""]",roasted horse loin or shoulder with margarine roasted horse loin or shoulder with margarine lombo cavalo margarina,
food,198b3a61-fa43-5703-8494-8754753a9bf3,,"Lombo ou pá de cavalo assado, sem molho",Roasted Horse Loin or Shoulder without Sauce,,,"[""lombo"",""loin"",""cavalo"",""assado"",""roasted"",""molho"",""sauce"",""horse"",""or"",""shoulder"",""without""]",roasted horse loin or shoulder without sauce roasted horse loin or shoulder without sauce lombo cavalo,
food,4d18bdfd-e237-528f-8f5c-74eddeb0fa20,,Lombo ou pá de cavalo cru,Raw Horse Loin or Shoulder,,,"[""lombo"",""loin"",""cavalo"",""cru"",""raw"",""horse"",""or"",""shoulder""]",raw horse loin or shoulder raw horse loin or shoulder lombo cavalo,
food,140e0097-97d4-5fef-967b-e4d9946788c8,,Lombo ou pá de cavalo frito com manteiga,Fried Horse Loin or Shoulder with Butter,,,"[""lombo"",""loin"",""cavalo"",""frito"",""fried"",""manteiga"",""butter"",""horse"",""or"",""shoulder"",""with""]",fried horse loin or shoulder with butter fried horse loin or shoulder with butter lombo cavalo,
food,8c4fe5a3-74d2-5a67-8880-eb8eff04074f,,Lombo ou pá de cavalo frito com margarina,Fried Horse Loin or Shoulder with Margarine,,,"[""lombo"",""loin"",""cavalo"",""frito"",""fried"",""margarina"",""margarine"",""horse"",""or"",""shoulder"",""with""]",fried horse loin or shoulder with margarine fried horse loin or shoulder with margarine lombo cavalo margarina,
food,098c1636-7de1-5d78-bd4d-dcb9df8d91e8,,Lula crua,Squid Raw,"Squid, Raw",,"[""lula"",""squid"",""crua"",""raw""]",squid raw squid raw lula,
food,5f927c62-3934-58a0-834e-9cb0fe8d0a3f,,"Lula estufada com cebola, tomate e azeite",Squid Stewed Onion Tomato Olive Oil,,,"[""lula"",""squid"",""estufada"",""stewed"",""cebola"",""onion"",""tomate"",""tomato"",""azeite"",""olive"",""oil""]",squid stewed onion tomato olive oil squid stewed onion tomato olive oil lula estufada,
food,43f6eb98-fc44-5e3f-99ac-9721728809f2,,Lula grelhada,Squid Grilled,"Squid, Grilled",,"[""lula"",""squid"",""grelhada"",""grilled""]",squid grilled squid grilled lula,
food,62da94fd-04c9-5269-805e-ee193254716a,,Língua de porco crua,Lingua Pork Raw,"Tongue Pork, Raw",,"[""língua"",""lingua"",""porco"",""pork"",""crua"",""raw""]",lingua pork raw lingua pork raw,
food,99af3653-acd3-5e82-851b-ed0ae205cd21,,"Língua de vaca, crua",Lingua Beef Raw,"Tongue Beef, Raw",,"[""língua"",""lingua"",""vaca"",""beef"",""crua"",""raw""]",lingua beef raw lingua beef raw vaca,
food,3db2066b-9735-5c50-9e79-39325ec96ad1,,"Língua de vaca, estufada, sem molho",Lingua Beef Stewed Sauce,"Tongue Beef, Stewed without Sauce",,"[""língua"",""lingua"",""vaca"",""beef"",""estufada"",""stewed"",""molho"",""sauce""]",lingua beef stewed sauce lingua beef stewed sauce vaca estufada,
food,2d247762-ab6b-576c-87df-aa7f71337875,,Lúcio (crú),Lucio (raw),Pike (raw),,"[""peixe"",""fish"",""lúcio"",""lucio"",""pikes"",""crú"",""cru"",""raw""]",lucio raw lucio raw pikes,
food,c90d8aa5-0f14-5132-8c13-ac7c86dc2156,,Lúcio frito,Lucio Fried,"Pike, Fried",,"[""peixes"",""fritos"",""fried"",""fishes"",""lúcio"",""pikes"",""pan"",""lucio"",""frito""]",lucio fried lucio fried peixes fritos fishes pikes pan,
food,04018535-5a5f-5f03-862f-6d7737cd8117,,Macarrão,Macarrao,Macaroni,,"[""pastas"",""massas"",""macarrão"",""macarron"",""seca"",""dry"",""macarrao""]",macarrao macarrao pastas massas macarron,
food,682a4d33-63aa-5ad1-b6e5-63baa20d8ab1,,Madalena,Madalena,,,"[""madalena""]",madalena madalena,
food,0e2c8b02-5add-5ea9-bfe9-19772b108e3f,,"Maionese caseira, com ovo e azeite",Maionese Caseira Egg Olive Oil,Mayonnaise Homemade Egg Olive Oil,,"[""maionese"",""caseira"",""ovo"",""egg"",""azeite"",""olive"",""oil""]",maionese caseira egg olive oil maionese caseira egg olive oil,
food,6c14baf8-f7f9-5a0d-a943-3c5e028e39e4,,"Maionese caseira, com ovo e óleo de soja",Maionese Caseira Egg Oleo Soy,Mayonnaise Homemade Egg Soy Oil,,"[""maionese"",""caseira"",""ovo"",""egg"",""óleo"",""oleo"",""oil"",""soja"",""soy""]",maionese caseira egg oleo soy maionese caseira egg oleo soy oil,
food,a2455bc2-6774-5ed3-af42-2f3a3663ca9c,,Malagueta vermelha fresca,Malagueta Red Fresh,"Malagueta Red, Fresh",,"[""malagueta"",""vermelha"",""fresca"",""red"",""fresh""]",malagueta red fresh malagueta red fresh,
food,a6f1f8dc-ca1d-5cca-867e-0194f5d2d125,,Mandioca crua,Mandioca Raw,"Mandioca, Raw",,"[""mandioca"",""crua"",""raw""]",mandioca raw mandioca raw,
food,97ffb627-951a-5c86-838c-36e40963a5b7,,Manga,Manga,Mango,,"[""fruta"",""fruit"",""mangas"",""mangos"",""manga"",""mango""]",manga manga mangas mangos mango,
food,86f354c6-7362-57b5-8343-eb85f4530a0e,,Manga desidratada,Dehydrated Manga,Dehydrated Mango,,"[""manga"",""mango"",""desidratada"",""dehydrated"",""dried""]",dehydrated manga dehydrated manga mango,
food,cd1dfbc5-c69f-5091-81c0-bf7a98921c28,,Manjericão fresco,Manjericao Fresh,"Basil, Fresh",,"[""manjericão"",""manjericao"",""fresco"",""fresh"",""basil""]",manjericao fresh manjericao fresh basil,
food,388e93e1-d6b1-529a-8063-0b413963e768,,Manjericão seco,Manjericao Dried,"Basil, Dried",,"[""manjericão"",""manjericao"",""seco"",""dried""]",manjericao dried manjericao dried,
food,a9248748-c882-5c53-b769-5f7d5f58b0f4,,Manjerona seca,Manjerona Dried,"Marjoram, Dried",,"[""manjerona"",""seca"",""dried""]",manjerona dried manjerona dried,
food,443a455a-d16f-520f-aa9e-39bb48315c1e,,Manteiga com sal,Butter Salt,"Butter, Salted",,"[""manteiga"",""butter"",""sal"",""salt""]",butter salt butter salt,
food,0a6ef092-e25f-5816-8e7f-9109479dcf31,,Manteiga sem sal,No Added Salt Butter,No Added Unsalted Butter,,"[""manteiga"",""butter"",""sal"",""salt"",""no"",""added""]",no added salt butter no added salt butter,
food,6f394c08-e9b5-5067-82d7-8a4bb4b25064,,Maracujá,Maracuja,Passion Fruit,,"[""maracujá"",""maracuja""]",maracuja maracuja,
food,621413d8-e437-5971-9ae2-8e97e9dfb8e0,,Margarina,Margarine (Planta),,Planta,"[""manteigas"",""butters"",""margarinas"",""margarines"",""spreads"",""margarina"",""margarine"",""planta""]",margarine planta planta margarine planta manteigas butters margarinas margarines margarina,
food,71337d6b-6439-5202-a606-6e11d426eefb,,Margarina,Margarine (Margarina),Margarine (Margarine),,"[""margarina"",""margarine""]",margarine margarina margarine margarina,
food,ed2aeacd-ea0b-559a-8c7c-5970dfb07f7e,,"Margarina 3/4, de girassol",Margarine Girassol,,,"[""margarina"",""margarine"",""girassol""]",margarine girassol margarine girassol margarina,
food,a059a6f4-5f2d-5a55-b865-0b55155aef22,,"Margarina culinária para folhados, com sal",Margarine Culinaria Folhados Salt,"Margarine Culinary Puff Pastry, Salted",,"[""margarina"",""margarine"",""culinária"",""culinaria"",""folhados"",""folhado"",""sal"",""salt""]",margarine culinaria folhados salt margarine culinaria folhados salt margarina folhado,
food,64b9c13c-a2e8-57b4-8755-050447063689,,"Margarina industrial para pastelaria, com sal",Margarina,Margarine,,"[""margarina"",""margarine"",""industrial"",""pastelaria"",""sal"",""salt""]",margarina margarina margarine industrial,
food,ab2869c8-cdaa-566e-8095-7ddc646e1471,,"Margarina vegetal culinária, 80% gordura, com sal",Margarine Vegetable Culinaria Gordura Salt,"Margarine Vegetable Culinary Gordura, Salted",,"[""margarina"",""margarine"",""vegetal"",""culinária"",""culinaria"",""80%"",""gordura"",""sal"",""salt"",""vegetable"",""80""]",margarine vegetable culinaria gordura salt margarine vegetable culinaria gordura salt margarina 80,
food,8150fd67-4b5f-53a8-87ac-5e033e1e9394,,"Margarina vegetal culinária, com alho e sal",Margarine Vegetable Culinaria Garlic Salt,Margarine Vegetable Culinary Garlic Salt,,"[""margarina"",""margarine"",""vegetal"",""culinária"",""culinaria"",""alho"",""garlic"",""sal"",""salt"",""vegetable""]",margarine vegetable culinaria garlic salt margarine vegetable culinaria garlic salt margarina,
food,741116bf-0156-5255-9234-ead446e64c26,,Marmelada,Marmelada,,,"[""marmelada""]",marmelada marmelada,
food,2f48a1df-15c8-54b8-b911-402649e69b7f,,Marmelo,Marmelo,,,"[""marmelo""]",marmelo marmelo,
food,492deda2-e639-543b-af60-8c502a39c999,,Maruca cozida,Maruca Cooked,"Ling, Cooked",,"[""maruca"",""cozida"",""cooked"",""boiled""]",maruca cooked maruca cooked,
food,58161d52-d710-5d47-8af8-d0036777b9f0,,Maruca crua,Maruca Raw,"Ling, Raw",,"[""maruca"",""crua"",""raw""]",maruca raw maruca raw,
food,772ef72c-26e0-5d3b-97ca-7a76e3aec5bf,,Mascarpone,Mascarpone,,,"[""mascarpone"",""queijo"",""cheese""]",mascarpone mascarpone cheese,
food,853d6b56-8934-5aca-ab55-c4844ef35c02,,Massa com ovo cozida,Pasta Egg Cooked,"Pasta Egg, Cooked",,"[""massa"",""pasta"",""dough"",""ovo"",""egg"",""cozida"",""cooked"",""boiled""]",pasta egg cooked pasta egg cooked dough,
food,3a6b45eb-292f-5c8d-a9e9-4bdad0cdae91,,Massa com ovo crua,Pasta Egg Raw,"Pasta Egg, Raw",,"[""massa"",""pasta"",""dough"",""ovo"",""egg"",""crua"",""raw""]",pasta egg raw pasta egg raw dough,
food,f02b00ca-b38d-5443-8acd-d512ef290af7,,Massa de pimentão,Red Pepper Paste,,,"[""massa"",""pasta"",""dough"",""pimentão"",""pimentao"",""red"",""pepper"",""paste""]",red pepper paste red pepper paste pasta dough,
food,d57704ec-e1a7-5540-8af5-e1c683052b43,,Massa de Rissóis,Pasta Rissois,,,"[""massa"",""rissóis"",""rissol"",""dough"",""pasta"",""rissois"",""rissói"",""rissoi""]",pasta rissois pasta rissois rissol dough rissoi,
food,602853d0-e05c-5002-99b3-cf0cc53a6406,,"Massa folhada, congelada",Pasta Folhada,,,"[""massa"",""pasta"",""dough"",""folhada"",""congelada"",""frozen""]",pasta folhada pasta folhada dough frozen,
food,2604c64d-6716-5518-8851-dfd0daaeeca9,,Massa miúda crua,Pasta Miuda Raw,"Pasta Miuda, Raw",,"[""massa"",""pasta"",""dough"",""miúda"",""miuda"",""crua"",""raw""]",pasta miuda raw pasta miuda raw dough,
food,0feba8a2-c032-56f5-9cc6-d50c10860993,,Massa para lasanha cozida,Pasta Lasanha Cooked,"Pasta Lasagna, Cooked",,"[""massa"",""pasta"",""dough"",""lasanha"",""cozida"",""cooked"",""boiled""]",pasta lasanha cooked pasta lasanha cooked dough,
food,a6eadad4-20c6-5149-9a1f-08b9c8448809,,Massa para lasanha crua,Pasta Lasanha Raw,"Pasta Lasagna, Raw",,"[""massa"",""pasta"",""dough"",""lasanha"",""crua"",""raw""]",pasta lasanha raw pasta lasanha raw dough,
food,ebed2437-ceb8-56b6-a734-01180527f818,,Massa para pizza,Pizza Dough,,,"[""massa"",""pasta"",""dough"",""pizza""]",pizza dough pizza dough pasta,
food,d1c3bf89-4102-5e46-b07d-1007a6b62493,,Massa quebrada para quiche,Pasta Quebrada Quiche,,,"[""massa"",""pasta"",""dough"",""quebrada"",""quiche""]",pasta quebrada quiche pasta quebrada quiche dough,
food,b55c1009-e7fe-5776-b57e-5976d9e1e72a,,Maçã,Apple,,,"[""fruta"",""fruit"",""maçãs"",""apples"",""maçã"",""maca"",""apple""]",apple apple apples,
food,3c47f565-a27d-55d6-89e1-0610cc021c3c,,Maçã (média com e sem casca),Medium Apple with or without Peel,,,"[""maçã"",""maçãs"",""maca"",""macas"",""apple"",""apples"",""fruta"",""fruit"",""casca"",""medium"",""with"",""or"",""without"",""peel""]",medium apple with or without peel medium apple with or without peel apples,
food,20648114-5cb1-505d-9427-92b21e538d2c,,Maçã assada com açúcar,Roasted Apple with Sugar,,,"[""maçã"",""maca"",""apple"",""assada"",""roasted"",""açúcar"",""acucar"",""sugar"",""with""]",roasted apple with sugar roasted apple with sugar,
food,1a9daa1d-86c3-5df6-a9ae-e53c667782f7,,Maçã assada sem açúcar,Roasted Apple without Sugar,,,"[""maçã"",""maca"",""apple"",""assada"",""roasted"",""açúcar"",""acucar"",""sugar"",""without""]",roasted apple without sugar roasted apple without sugar,
food,4d25cab1-4e3d-526d-9842-191250252357,,Maçã com casca,Apple with Peel,,,"[""maçã"",""maçãs"",""maca"",""macas"",""casca"",""apple"",""apples"",""fruta"",""fruit"",""with"",""peel""]",apple with peel apple with peel apples,
food,3921ec69-507a-5643-9a61-1cd048a9d82d,,Maçã cozida com açúcar,Cooked Apple with Sugar,,,"[""maçã"",""maca"",""apple"",""cozida"",""cooked"",""boiled"",""açúcar"",""acucar"",""sugar"",""with""]",cooked apple with sugar cooked apple with sugar,
food,7884c52f-06dc-56db-afde-fcef15f3d689,,Maçã cozida sem açúcar,Cooked Apple without Sugar,,,"[""maçã"",""maca"",""apple"",""cozida"",""cooked"",""boiled"",""açúcar"",""acucar"",""sugar"",""without""]",cooked apple without sugar cooked apple without sugar,
food,10daeadd-246e-5879-829d-3d2ec659125a,,Maçã desidratada,Dehydrated Apple,,,"[""maçã"",""maca"",""apple"",""desidratada"",""dehydrated"",""dried""]",dehydrated apple dehydrated apple,
food,aab7914d-4b77-5699-8e0d-1d4d1fced852,,Maçã seca,Dried Apple,,,"[""maçã"",""maca"",""apple"",""seca"",""dried""]",dried apple dried apple,
food,8ed980a2-b68e-5240-826b-0835c8035869,,Maçã sem casca,Peeled Apple,,,"[""maçã"",""maçãs"",""maca"",""macas"",""sem"",""casca"",""descascada"",""apple"",""apples"",""peeled"",""fruta"",""fruit""]",peeled apple peeled apple descascada apples,
food,c7b5fae2-7a2c-5c81-9cae-1fddacfc9f14,,Meia-desfeita de bacalhau,Meia-desfeita Cod,,,"[""meia"",""desfeita"",""bacalhau"",""cod""]",meia desfeita cod meia desfeita cod,
food,170e9272-0fd1-51c6-99ba-fffa22ca1638,,Mel,Honey,,,"[""mel"",""honey""]",honey honey,
food,77a12f84-e276-566b-b438-39f3f97e1b4e,,Mel de cana,Honey Cana,,,"[""mel"",""honey"",""cana""]",honey cana honey cana,
food,bb3764e6-9e77-57c9-9a0c-d3348dffeea2,,Melancia,Watermelon,,,"[""fruta"",""fruit"",""melancias"",""watermelons"",""melancia"",""watermelon""]",watermelon watermelon melancias watermelons melancia,
food,a8ff450c-88ed-5e0d-840b-41fd611a93eb,,Melaço,Melaco,,,"[""melaço"",""melaco""]",melaco melaco,
food,304a77b3-f9f2-5070-8d11-2f8bf9c86043,,Meloa,Meloa,,,"[""meloa""]",meloa meloa,
food,4572e656-e8d0-5da2-b215-2d1516b48e56,,Melão,Melon,,,"[""fruta"",""fruit"",""melão"",""melões"",""melons"",""melao"",""melon""]",melon melon melons,
food,df36a8fb-c372-54ed-9bb8-92c7dd5ceb2d,,Melão (3 variedades),Melon (3 Varieties),,,"[""melão"",""melao"",""melon"",""varieties""]",melon 3 varieties melon varieties,
food,9b3baf76-4ced-592b-b3f5-e4ca93707adb,,Merengue,Merengue,,,"[""merengue""]",merengue merengue,
food,d62ed062-4178-50e7-9ca7-65fded878a2d,,Mexilhão cozido sem sal,Mexilhao Cooked Salt,"Mussel Cooked, Unsalted",,"[""mexilhão"",""mexilhao"",""mussel"",""cozido"",""cooked"",""boiled"",""sal"",""salt""]",mexilhao cooked salt mexilhao cooked salt mussel,
food,6bfe10b9-294d-5fe9-a3e8-e0dc84e0b296,,Mexilhão cru,Mexilhao Raw,"Mussel, Raw",,"[""mexilhão"",""mexilhao"",""mussel"",""cru"",""raw""]",mexilhao raw mexilhao raw mussel,
food,2c7d2831-85ce-5379-afa6-e34e2a2ba73c,,Milho doce em conserva,Canned Corn,,,"[""milho"",""corn"",""maize"",""doce"",""sweet"",""conserva"",""canned""]",canned corn canned corn maize sweet,
food,943b2dc3-6ad3-5487-90e4-611acf0d6efb,,"Milho, amido (pó)",Amido (po),Starch (Powder),,"[""milho"",""corn"",""maize"",""amido"",""po""]",amido po amido po corn maize,
food,5a3acd97-f0ec-5939-82d4-026d83c3337c,,"Milho, grão seco cru",Raw Dried Corn Kernels,,,"[""milho"",""corn"",""maize"",""grão"",""grao"",""chickpea"",""seco"",""dried"",""cru"",""raw"",""kernels""]",raw dried corn kernels raw dried corn kernels maize grao chickpea,
food,b2bb8cbe-71de-595f-ac9b-65fb66181056,,"Millet, cru, seco",Millet Raw Dried,"Millet Raw, Dried",,"[""millet"",""cru"",""raw"",""seco"",""dried""]",millet raw dried millet raw dried,
food,51814f37-d6d8-5da1-84c5-fee652d266a9,,Minarina (meia margarina),Minarina (meia Margarine),,,"[""minarina"",""meia"",""margarina"",""margarine""]",minarina meia margarine minarina meia margarine margarina,
food,f5ed4c8c-8e57-5999-a8f6-2497420fe91c,,Mirtilo,Mirtilo,Blueberry,,"[""mirtilo""]",mirtilo mirtilo,
food,a8a776ad-a188-5515-b837-0cdceccb9d7a,,Mirtilo desidratado,Dehydrated Mirtilo,Dehydrated Blueberry,,"[""mirtilo"",""desidratado"",""dehydrated"",""dried""]",dehydrated mirtilo dehydrated mirtilo,
food,4156a02a-037a-5ba2-906f-7fd7386d4ad1,,Mirtilos,Mirtilos,Blueberries,,"[""mirtilos"",""fruta"",""fruit"",""blueberry"",""blueberries"",""mirtilo""]",mirtilos mirtilos blueberry blueberries mirtilo,
food,91b55ff9-bd23-593a-ab4b-0019cee53bce,,"Miso, pasta de soja fermentada com arroz integral e cevada",Miso Pasta Soy Fermentada Brown Rice,Miso Pasta Soy Fermented Brown Rice,,"[""miso"",""pasta"",""soja"",""soy"",""fermentada"",""arroz"",""rice"",""integral"",""wholegrain"",""wholemeal"",""cevada"",""brown""]",miso pasta soy fermentada brown rice miso pasta soy fermentada brown rice wholegrain wholemeal,
food,0809cb68-c746-5281-9219-21f9d873911a,,Molho Bechamel,Sauce Bechamel,,,"[""molho"",""bechamel"",""sauce""]",sauce bechamel sauce bechamel,
food,c1769c28-412d-5b5b-9e27-c40fea27ce49,,Molho branco com caldo de carne de vaca,Sauce White Broth Beef,,,"[""molho"",""sauce"",""branco"",""white"",""caldo"",""carne"",""meat"",""vaca"",""beef"",""broth""]",sauce white broth beef sauce white broth beef vaca,
food,cc17762e-b29d-57e6-9639-bf3cf16f1c43,,Molho branco com margarina,Sauce White Margarine,,,"[""molho"",""sauce"",""branco"",""white"",""margarina"",""margarine""]",sauce white margarine sauce white margarine margarina,
food,59e437cd-91dd-5285-8b35-78b97bcfe491,,Molho Béchamel com manteiga,Sauce Bechamel Butter,,,"[""molho"",""sauce"",""béchamel"",""bechamel"",""manteiga"",""butter""]",sauce bechamel butter sauce bechamel butter,
food,311b43c5-bcfb-5d5f-912e-df62590cf8db,,Molho Béchamel com margarina,Sauce Bechamel Margarine,,,"[""molho"",""sauce"",""béchamel"",""bechamel"",""margarina"",""margarine""]",sauce bechamel margarine sauce bechamel margarine margarina,
food,cd7874a7-9446-5c60-be5f-22201acda5a3,,Molho de bife frito com manteiga,Sauce Steak Fried Butter,,,"[""molho"",""sauce"",""bife"",""steak"",""frito"",""fried"",""manteiga"",""butter""]",sauce steak fried butter sauce steak fried butter bife,
food,02425719-34d9-53bf-82fc-2d3e1455b25a,,Molho de carne de vaca assada com azeite e margarina,Sauce Beef Roasted Olive Oil Margarine,,,"[""molho"",""sauce"",""carne"",""meat"",""vaca"",""beef"",""assada"",""roasted"",""azeite"",""olive"",""oil"",""margarina"",""margarine""]",sauce beef roasted olive oil margarine sauce beef roasted olive oil margarine vaca margarina,
food,03a066a9-ed0e-5569-998e-bed4db3777c0,,Molho de carne de vaca assada com margarina,Sauce Beef Roasted Margarine,,,"[""molho"",""sauce"",""carne"",""meat"",""vaca"",""beef"",""assada"",""roasted"",""margarina"",""margarine""]",sauce beef roasted margarine sauce beef roasted margarine vaca margarina,
food,a930db37-01e1-51c0-857b-ed92b72248ed,,Molho de carne de vaca estufada com azeite e margarina,Sauce Beef Stewed Olive Oil Margarine,,,"[""molho"",""sauce"",""carne"",""meat"",""vaca"",""beef"",""estufada"",""stewed"",""azeite"",""olive"",""oil"",""margarina"",""margarine""]",sauce beef stewed olive oil margarine sauce beef stewed olive oil margarine vaca estufada margarina,
food,387e8023-356d-5b7e-8a56-98ae186e1d5d,,"Molho de carne de vaca estufada com vegetais, azeite e margarina",Sauce Beef Stewed Vegetables Olive Oil Margarine,,,"[""molho"",""sauce"",""carne"",""meat"",""vaca"",""beef"",""estufada"",""stewed"",""vegetais"",""vegetai"",""azeite"",""olive"",""oil"",""margarina"",""margarine"",""vegetables""]",sauce beef stewed vegetables olive oil margarine sauce beef stewed vegetables olive oil margarine vaca estufada vegetai margarina,
food,63fd170a-acd1-590f-abed-4b42a7fe1bb3,,Molho de Francesinha,Sauce Francesinha,Francesinha Sauce,Dom Duarte,"[""molho"",""sauce"",""francesinha"",""dom"",""duarte""]",sauce francesinha dom duarte sauce francesinha dom duarte,
food,fd0bcc4c-a3ff-5239-94cc-1712559a7601,,Molho de Francesinha (light),Sauce Francesinha (light),Francesinha Sauce (light),Dom Duarte,"[""molho"",""light"",""magro"",""sauce"",""francesinha"",""dom"",""duarte""]",sauce francesinha light dom duarte sauce francesinha light dom duarte,
food,fa41b91c-0759-578d-99bc-a783ab7036a9,,Molho de lombo de porco frito com banha,Fried Pork Loin Sauce with Lard,,,"[""molho"",""sauce"",""lombo"",""loin"",""porco"",""pork"",""frito"",""fried"",""banha"",""with"",""lard""]",fried pork loin sauce with lard fried pork loin sauce with lard lombo banha,
food,e34e0b6e-760c-561d-aae1-a67b3d15369c,,Molho de lombo de porco frito com banha e margarina,Fried Pork Loin Sauce with Lard and Margarine,,,"[""molho"",""sauce"",""lombo"",""loin"",""porco"",""pork"",""frito"",""fried"",""banha"",""margarina"",""margarine"",""with"",""lard"",""and""]",fried pork loin sauce with lard and margarine fried pork loin sauce with lard and margarine lombo banha margarina,
food,f8d74fa1-758e-5d7c-a590-4c1fae4da9f8,,Molho de lombo de porco frito com margarina,Fried Pork Loin Sauce with Margarine,,,"[""molho"",""sauce"",""lombo"",""loin"",""porco"",""pork"",""frito"",""fried"",""margarina"",""margarine"",""with""]",fried pork loin sauce with margarine fried pork loin sauce with margarine lombo margarina,
food,70875f94-82eb-5fb9-b078-98a967a8a8b2,,Molho de lombo de vaca frito com creme vegetal sem sal,Fried Beef Loin Sauce with Unsalted Vegetable Cream,,,"[""molho"",""sauce"",""lombo"",""loin"",""vaca"",""beef"",""frito"",""fried"",""creme"",""cream"",""vegetal"",""sal"",""salt"",""with"",""unsalted"",""vegetable""]",fried beef loin sauce with unsalted vegetable cream fried beef loin sauce with unsalted vegetable cream lombo vaca creme,
food,c825d318-bab3-5ddc-a7a3-490e87129852,,Molho de lombo de vaca frito com margarina,Fried Beef Loin Sauce with Margarine,,,"[""molho"",""sauce"",""lombo"",""loin"",""vaca"",""beef"",""frito"",""fried"",""margarina"",""margarine"",""with""]",fried beef loin sauce with margarine fried beef loin sauce with margarine lombo vaca margarina,
food,a2a760f5-ef0a-5255-b2f0-bd2e91c12a9a,,Molho de mostarda ,Sauce Mostarda,Sauce Mustard,,"[""molho"",""sauce"",""mostarda"",""mustard""]",sauce mostarda sauce mostarda mustard,
food,0dbeb228-7bd4-511f-aa6e-448e5ba8eb4d,,Molho de Soja,Sauce Soy,,,"[""molho"",""soja"",""soy"",""sauce""]",sauce soy sauce soy,
food,1c3c377c-58e4-5e4b-afed-cebbd89fb591,,Molho de tomate,Sauce Tomato,,,"[""molho"",""sauce"",""tomate"",""tomato""]",sauce tomato sauce tomato,
food,38e722d6-0b6f-5728-b271-5dcdf66281df,,"Molho de tomate, ketchup",Sauce Tomato Ketchup,,,"[""molho"",""sauce"",""tomate"",""tomato"",""ketchup""]",sauce tomato ketchup sauce tomato ketchup,
food,1e8a27b4-d70c-539c-a114-7355e6e3b2a2,,Molho de vinagrete,Sauce Vinagrete,,,"[""molho"",""sauce"",""vinagrete""]",sauce vinagrete sauce vinagrete,
food,e88e3aa9-6077-534d-968a-37470976cb29,,Molho para francesinha,Sauce,,,"[""molho"",""sauce"",""francesinha""]",sauce sauce francesinha,
food,22d41696-bd99-5d69-95c7-f9124e0a4ebb,,Molho Tzatziki,Sauce Tzatziki,,,"[""molho"",""tzatziki"",""sauce""]",sauce tzatziki sauce tzatziki,
food,3c6cd8b4-4d29-5be9-86ff-ff5cbf73ce85,,Molho verde,Sauce Verde,Sauce Green,,"[""molho"",""sauce"",""verde""]",sauce verde sauce verde,
food,eec01af2-6485-5487-92f0-6c38869fe96b,,Morango,Strawberry,,,"[""morango"",""morangos"",""strawberry"",""strawberries"",""fruta"",""fruit""]",strawberry strawberry strawberries,
food,eceef2c2-1f3e-58ee-801a-71ea43364520,,Morango desidratado ,Dehydrated Strawberry,,,"[""morango"",""strawberry"",""desidratado"",""dehydrated"",""dried""]",dehydrated strawberry dehydrated strawberry,
food,6f4acb2d-d68a-5e9f-8b51-712bee68d0e7,,Morangos,Strawberries,,,"[""fruta"",""fruit"",""morangos"",""strawberry"",""strawberries"",""morango""]",strawberries strawberries strawberry,
food,5c88687d-95ee-5af1-8c52-1c7949c977a3,,Morcela crua,Morcela Raw,"Black Pudding, Raw",,"[""morcela"",""crua"",""raw""]",morcela raw morcela raw,
food,2a99a704-1ec4-506d-99fe-ccbde6d1c0f1,,Morcela grelhada sem adição de sal,Morcela Grilled without Added Salt,"Black Pudding, Grilled without Added Salt",,"[""morcela"",""grelhada"",""grilled"",""sal"",""salt"",""without"",""added""]",morcela grilled without added salt morcela grilled without added salt,
food,832f8efb-45fa-5fa2-90e9-3d377ca9eafb,,Mortadela,Mortadela,,,"[""mortadela""]",mortadela mortadela,
food,08fe4a08-dbc1-5c54-ab37-60da2ac4749d,,Mousse de chocolate,Mousse,,,"[""mousse"",""chocolate""]",mousse mousse,
food,031ca72c-7b6d-5662-b64a-72e82409c7d1,,"Múcua (fruto do embondeiro, baobab)",Mucua (fruto Embondeiro Baobab),,,"[""múcua"",""mucua"",""fruto"",""embondeiro"",""baobab""]",mucua fruto embondeiro baobab mucua fruto embondeiro baobab,
food,748a6ca4-0005-5e8e-8b3c-90ffbf79694a,,Nabiça crua,Nabica Raw,"Turnip Greens, Raw",,"[""nabiça"",""nabica"",""crua"",""raw""]",nabica raw nabica raw,
food,ecd930da-f2fa-5501-8685-6e3cc91556e2,,Nabo (raiz) cozido,Cooked Turnip Root,,,"[""nabo"",""raiz"",""cozido"",""cooked"",""boiled"",""turnip"",""root""]",cooked turnip root cooked turnip root raiz,
food,e186e109-1785-5c61-a2fe-ffca60935b39,,Nabo (raiz) cru,Raw Turnip Root,,,"[""nabo"",""raiz"",""cru"",""raw"",""turnip"",""root""]",raw turnip root raw turnip root raiz,
food,db887a7f-7281-5287-92ce-7831502c35b9,,Nata maturada pasteurizada 30% gordura,Cultured Cream 30% Fat,,,"[""nata"",""maturada"",""pasteurizada"",""30%"",""gordura"",""cultured"",""cream"",""30"",""fat""]",cultured cream 30 fat cultured cream 30 fat gordura,
food,2af2790b-899f-5555-aa01-0268edfe9ed7,,Nata para bater pasteurizada 34% gordura,Whipping Cream 34% Fat,,,"[""nata"",""bater"",""pasteurizada"",""34%"",""gordura"",""whipping"",""cream"",""34"",""fat""]",whipping cream 34 fat whipping cream 34 fat gordura,
food,cb529a20-4e27-5e05-8466-f41f60f161bd,,Nata pasteurizada 33% gordura,Pasteurized Cream 33% Fat,,,"[""nata"",""pasteurizada"",""33%"",""gordura"",""pasteurized"",""cream"",""33"",""fat""]",pasteurized cream 33 fat pasteurized cream 33 fat gordura,
food,fc42a354-d2a1-5dc8-801b-5276075fbc64,,Nata pasteurizada 36% gordura,Pasteurized Cream 36% Fat,,,"[""nata"",""pasteurizada"",""36%"",""gordura"",""pasteurized"",""cream"",""36"",""fat""]",pasteurized cream 36 fat pasteurized cream 36 fat gordura,
food,2f975bd3-6f37-58e3-8a97-fc7280c14031,,"Nata pasteurizada para café, 15% gordura",Coffee Cream 15% Fat,,,"[""nata"",""pasteurizada"",""café"",""cafe"",""coffee"",""15%"",""gordura"",""cream"",""15"",""fat""]",coffee cream 15 fat coffee cream 15 fat cafe gordura,
food,e6e3c87c-432b-585e-9535-a54ff4bbc5b6,,Nata UHT 35% gordura,UHT Cream 35% Fat,,,"[""nata"",""uht"",""35%"",""gordura"",""cream"",""35"",""fat""]",uht cream 35 fat uht cream 35 fat gordura,
food,9c7c0a53-f8de-5121-946f-69bdc593ba2d,,Nectarina,Nectarina,,,"[""nectarina"",""nectarinas"",""nectarine"",""nectarines"",""fruta"",""fruit""]",nectarina nectarina nectarinas nectarine nectarines,
food,e897dd60-5e12-5d5c-b774-881eccfbe09f,,Noodles,Noodles,,Milaneza,"[""pastas"",""massas"",""seca"",""dry"",""noodles"",""noodle"",""milaneza""]",noodles milaneza noodles milaneza pastas massas noodle,
food,a8b32ed8-ea62-5726-be5a-8da553f53b26,,Noz macadâmia,Noz Macadamia,Macadamia Nut,,"[""noz"",""nut"",""walnut"",""macadâmia"",""macadamia""]",noz macadamia noz macadamia nut walnut,
food,d4c7776f-70d8-5de5-8da8-e539c765a7bd,,Noz pecan,Noz Pecan,Pecan Nut,,"[""noz"",""nut"",""walnut"",""pecan""]",noz pecan noz pecan nut walnut,
food,59837428-0b88-5b4f-969d-079642819328,,"Noz, miolo",Noz,Walnut,,"[""noz"",""nut"",""walnut"",""miolo""]",noz noz nut walnut,
food,69242363-c705-506b-a1cc-63996d4fc108,,Noz-moscada,Noz-moscada,Walnut-moscada,,"[""noz"",""nut"",""walnut"",""moscada"",""nutmeg""]",noz moscada noz moscada nut walnut nutmeg,
food,1fc2a8e2-a555-59f8-abef-b7ac3e7c7095,,Nutella,Nutella,,Nutella,"[""nutella"",""chocolates"",""spreads""]",nutella nutella nutella chocolates,
food,395075e8-4c73-518c-b328-16d7eb0b279c,,Néctar de alperce,Nectar Alperce,Nectar Apricot,,"[""néctar"",""nectar"",""alperce"",""apricot""]",nectar alperce nectar alperce apricot,
food,1bc22b63-76df-5a4f-b633-cf5e8bb62fbd,,Néctar de ananás,Nectar Pineapple,,,"[""néctar"",""nectar"",""ananás"",""ananas"",""ananá"",""pineapple""]",nectar pineapple nectar pineapple,
food,67fcb081-fe3e-56ab-924f-5513bfe65ebf,,Néctar de laranja,Nectar Orange,,,"[""néctar"",""nectar"",""laranja"",""orange""]",nectar orange nectar orange,
food,a5f747af-1acb-5a1e-a13f-321174b9e458,,Néctar de maçã,Nectar Apple,,,"[""néctar"",""nectar"",""maçã"",""maca"",""apple""]",nectar apple nectar apple,
food,e45ed58f-9a79-5211-b268-1267d09446bf,,"Néctar de maçã, light",Nectar Apple Light,,,"[""néctar"",""nectar"",""maçã"",""maca"",""apple"",""light""]",nectar apple light nectar apple light,
food,8a449de2-519b-5a2b-be15-13796adcdf0c,,Néctar de pera,Nectar Pear,,,"[""néctar"",""nectar"",""pera"",""pear""]",nectar pear nectar pear,
food,5d4bb187-a417-528f-a674-c2cd85a23d6a,,Néctar de pêssego,Nectar Peach,,,"[""néctar"",""nectar"",""pêssego"",""pessego"",""peach""]",nectar peach nectar peach,
food,adc7230a-be39-5c4e-a3cb-56fc8b24fc34,,"Néctar de pêssego, light",Nectar Peach Light,,,"[""néctar"",""nectar"",""pêssego"",""pessego"",""peach"",""light""]",nectar peach light nectar peach light,
food,8186c19b-2733-5273-80af-95cb824ba9db,,Néctar de tutti-frutti,Nectar Tutti-frutti,,,"[""néctar"",""nectar"",""tutti"",""frutti""]",nectar tutti frutti nectar tutti frutti,
food,16fd1407-c156-5c54-b32d-13c01945ba50,,Nêspera,Nespera,Loquat,,"[""nêspera"",""nêsperas"",""nespera"",""nesperas"",""loquat"",""loquats"",""fruta"",""fruit""]",nespera nespera nesperas loquat loquats,
food,be7fface-408f-5a5b-8fbf-1df546dfa9c0,,Omelete,Omelete,,,"[""omelete""]",omelete omelete,
food,880d8bdf-afc7-5048-8f13-9682b7e59fe5,,Omelete com manteiga,Omelete Butter,,,"[""omelete"",""manteiga"",""butter""]",omelete butter omelete butter,
food,ffde3816-480d-5d3b-9745-a4d5db2e7c68,,Omelete com margarina,Omelete Margarine,,,"[""omelete"",""margarina"",""margarine""]",omelete margarine omelete margarine margarina,
food,3ea83935-e0de-526d-b412-94f1870bc8ad,,"Orelha de porco, crua",Orelha Pork Raw,"Ear Pork, Raw",,"[""orelha"",""porco"",""pork"",""crua"",""raw""]",orelha pork raw orelha pork raw,
food,5023c47c-1bf6-5aba-920f-104f8c1216a1,,Orégão seco,Oregao Dried,"Oregano, Dried",,"[""orégão"",""oregao"",""seco"",""dried""]",oregao dried oregao dried,
food,db6e6d7f-2ff6-534d-87cd-bb07ce8bcf01,,Orégãos,Oregaos,Oregano,,"[""orégãos"",""oreganos"",""oregaos"",""orégão"",""oregao""]",oregaos oregaos oreganos oregao,
food,4c0322bd-8422-5a38-b089-1006c01dc2cf,,"Ostra, crua",Ostra Raw,"Oyster, Raw",,"[""ostra"",""crua"",""raw""]",ostra raw ostra raw,
food,b0eadadd-5c2b-5de4-bed7-80447c7586d1,,Ovas de bacalhau cruas,Raw Cod Roe,,,"[""ovas"",""bacalhau"",""cod"",""cruas"",""crua"",""raw"",""roe""]",raw cod roe raw cod roe ovas,
food,7736f3f9-e931-5a7d-baf1-fe1f33be510f,,Ovas de pescada cruas,Raw Hake Roe,,,"[""ovas"",""pescada"",""hake"",""fish"",""cruas"",""crua"",""raw"",""roe""]",raw hake roe raw hake roe ovas pescada,
food,a31c4fd7-01b2-5e3e-a48c-854ed362feba,,Ovo,Egg,,,"[""ovos"",""eggs"",""cozidos"",""boiled"",""estrelados"",""fried"",""ovo"",""egg""]",egg egg eggs estrelados,
food,cee14a73-7309-5c57-8f6a-30f853ff1eec,,"Ovo de codorniz, cru",Egg Quail Raw,"Egg Quail, Raw",,"[""ovo"",""egg"",""codorniz"",""cru"",""raw"",""quail""]",egg quail raw egg quail raw codorniz,
food,1fda5390-ba49-5f9e-9049-2f8925446f3d,,"Ovo de galinha inteiro, cru",Raw Whole Chicken Egg,,,"[""ovo"",""egg"",""galinha"",""inteiro"",""cru"",""raw"",""whole"",""chicken""]",raw whole chicken egg raw whole chicken egg galinha inteiro,
food,ca4586d3-f859-5afd-8aa4-92e6aa0d8843,,"Ovo de galinha líquido, pasteurizado",Pasteurized Liquid Chicken Egg,,,"[""ovo"",""egg"",""galinha"",""líquido"",""liquido"",""pasteurizado"",""pasteurized"",""liquid"",""chicken""]",pasteurized liquid chicken egg pasteurized liquid chicken egg galinha pasteurizado,
food,c2c60240-f85f-5d75-ab33-d4b741f7429d,,"Ovo de galinha, cozido",Boiled Chicken Egg,,,"[""ovo"",""egg"",""galinha"",""cozido"",""cooked"",""boiled"",""chicken""]",boiled chicken egg boiled chicken egg galinha,
food,d17fe9f6-1110-57a6-a75d-8f8406e6db65,,"Ovo de galinha, escalfado",Poached Chicken Egg,,,"[""ovo"",""egg"",""galinha"",""escalfado"",""poached"",""chicken""]",poached chicken egg poached chicken egg galinha escalfado,
food,d0f790c8-5c4c-5451-84fc-4c03500202a8,,"Ovo de galinha, estrelado",Fried Chicken Egg,,,"[""ovo"",""egg"",""galinha"",""estrelado"",""fried"",""chicken""]",fried chicken egg fried chicken egg galinha estrelado,
food,e2ad76a2-7b6d-52fe-8c21-16b92bde41c9,,"Ovo de galinha, estrelado com azeite",Fried Chicken Egg with Olive Oil,,,"[""ovo"",""egg"",""galinha"",""estrelado"",""azeite"",""olive"",""oil"",""fried"",""chicken"",""with""]",fried chicken egg with olive oil fried chicken egg with olive oil galinha estrelado,
food,88ac850d-233d-5bab-badd-5a2e3bfd18bf,,"Ovo de galinha, estrelado com manteiga",Fried Chicken Egg with Butter,,,"[""ovo"",""egg"",""galinha"",""estrelado"",""manteiga"",""butter"",""fried"",""chicken"",""with""]",fried chicken egg with butter fried chicken egg with butter galinha estrelado,
food,bd8047f5-7652-5900-9544-409293333526,,"Ovo de galinha, estrelado com margarina",Fried Chicken Egg with Margarine,,,"[""ovo"",""egg"",""galinha"",""estrelado"",""margarina"",""margarine"",""fried"",""chicken"",""with""]",fried chicken egg with margarine fried chicken egg with margarine galinha estrelado margarina,
food,1c69bd72-f825-5747-899b-d7358e7ab608,,"Ovo de galinha, mexido com manteiga",Scrambled Chicken Egg with Butter,,,"[""ovo"",""egg"",""galinha"",""mexido"",""manteiga"",""butter"",""scrambled"",""chicken"",""with""]",scrambled chicken egg with butter scrambled chicken egg with butter galinha mexido,
food,3d2d8906-107a-57f0-894c-249fc0c604cc,,"Ovo de galinha, mexido com margarina",Scrambled Chicken Egg with Margarine,,,"[""ovo"",""egg"",""galinha"",""mexido"",""margarina"",""margarine"",""scrambled"",""chicken"",""with""]",scrambled chicken egg with margarine scrambled chicken egg with margarine galinha mexido margarina,
food,d5fbfe82-aab8-5ecf-8496-b76637039dd2,,Ovo estrelado em azeite,Fried Egg with Olive Oil,,,"[""ovos"",""eggs"",""fried"",""azeite"",""olive"",""oil"",""estrelados"",""ovo"",""egg"",""estrelado"",""with""]",fried egg with olive oil fried egg with olive oil eggs estrelados estrelado,
food,49cee606-7fee-527a-8c94-7e418fbc5ac7,,Ovo Kinder Surpresa,Egg Kinder Surpresa,,Kinder,"[""ovo"",""kinder"",""suspresa"",""egg"",""surprise"",""surpresa""]",egg kinder surpresa kinder egg kinder surpresa suspresa surprise,
food,119f68ff-9eca-5fe9-a732-1874978a88b5,,Ovo mexido com leite e margarina,Scrambled Egg with Milk and Margarine,,,"[""ovo"",""egg"",""mexido"",""leite"",""milk"",""margarina"",""margarine"",""scrambled"",""with"",""and""]",scrambled egg with milk and margarine scrambled egg with milk and margarine mexido margarina,
food,8dbd4672-219c-50ad-bc35-bfa272bcd511,,Paio de lombo,Loin Paio,Loin Cured Loin Sausage,,"[""paio"",""lombo"",""loin""]",loin paio loin paio lombo,
food,32428694-9ab7-5a96-9395-40f8436f5697,,Paio de lombo entremeado,Streaky Loin Paio,Streaky Loin Cured Loin Sausage,,"[""paio"",""lombo"",""loin"",""entremeado"",""streaky""]",streaky loin paio streaky loin paio lombo entremeado,
food,60a610fa-87c2-52d8-99a4-5db14bde850e,,Papaia,Papaia,,,"[""papaia""]",papaia papaia,
food,54f383eb-280d-5a63-b4a2-e82f312854c6,,Papaia desidratada,Dehydrated Papaia,,,"[""papaia"",""desidratada"",""dehydrated"",""dried""]",dehydrated papaia dehydrated papaia,
food,df13cb59-cc69-5cba-a8bd-ed6179d39ce0,,"Pargo legítimo assado com cebola, tomate e azeite",Seabream Legitimo Roasted Onion Tomato Olive Oil,,,"[""pargo"",""legítimo"",""legitimo"",""assado"",""roasted"",""cebola"",""onion"",""tomate"",""tomato"",""azeite"",""olive"",""oil"",""seabream""]",seabream legitimo roasted onion tomato olive oil seabream legitimo roasted onion tomato olive oil pargo,
food,4b9a8525-cb16-5f97-961b-b82ed078400e,,Pargo legítimo cozido,Seabream Legitimo Cooked,"Seabream Legitimo, Cooked",,"[""pargo"",""legítimo"",""legitimo"",""cozido"",""cooked"",""boiled"",""seabream""]",seabream legitimo cooked seabream legitimo cooked pargo,
food,fc0801e3-7f17-5778-822f-7ee1e1e6c82c,,Pargo legítimo cru,Seabream Legitimo Raw,"Seabream Legitimo, Raw",,"[""pargo"",""legítimo"",""legitimo"",""cru"",""raw"",""seabream""]",seabream legitimo raw seabream legitimo raw pargo,
food,a9b4d2ce-22d9-5711-8040-6c1f77c68d92,,"Pargo mulato assado com cebola, tomate e azeite",Seabream Mulato Roasted Onion Tomato Olive Oil,,,"[""pargo"",""mulato"",""assado"",""roasted"",""cebola"",""onion"",""tomate"",""tomato"",""azeite"",""olive"",""oil"",""seabream""]",seabream mulato roasted onion tomato olive oil seabream mulato roasted onion tomato olive oil pargo,
food,2f7a2876-0bea-5ec1-b90b-e222bf0cd358,,Pargo mulato cozido,Seabream Mulato Cooked,"Seabream Mulato, Cooked",,"[""pargo"",""mulato"",""cozido"",""cooked"",""boiled"",""seabream""]",seabream mulato cooked seabream mulato cooked pargo,
food,91b494bd-15f2-52df-980e-f369c5b4cd8c,,Pargo mulato cru,Seabream Mulato Raw,"Seabream Mulato, Raw",,"[""pargo"",""mulato"",""cru"",""raw"",""seabream""]",seabream mulato raw seabream mulato raw pargo,
food,d14a3c45-117b-527e-8db8-9a0db73569a7,,Pasta,Pasta,,,"[""pastas"",""massas"",""seca"",""dry"",""pasta""]",pasta pasta pastas massas,
food,848be621-e0bc-595f-b96c-34126991aeed,,Pasta (cozida),Pasta (cooked),,,"[""pastas"",""massas"",""seca"",""dry"",""pasta"",""cozida"",""cooked"",""boiled""]",pasta cooked pasta cooked pastas massas,
food,b867cb23-0098-5e3b-99be-bc8d566eaf19,,"Pasta de fígado de aves (paté), caseira ",Homemade Poultry Liver Pate,,,"[""pasta"",""fígado"",""figado"",""aves"",""paté"",""pate"",""caseira"",""homemade"",""poultry"",""liver""]",homemade poultry liver pate homemade poultry liver pate pasta figado aves caseira,
food,3176fab9-1b55-56c2-9054-1f553ad29bf0,,Pasta de fígado de porco (paté),Pork Liver Pate,,,"[""pasta"",""fígado"",""figado"",""porco"",""pork"",""paté"",""pate"",""liver""]",pork liver pate pork liver pate pasta figado,
food,2e8f821a-6b89-5e55-9a02-ab2a4316c383,,Pastel de bacalhau,Pastel Cod,Pastry Cod,,"[""pastel"",""bacalhau"",""cod""]",pastel cod pastel cod,
food,505e2a7d-7bc5-58b8-b40a-059a74f9d362,,Pastel de feijão,Pastel Bean,Pastry Bean,,"[""pastel"",""feijão"",""feijao"",""bean"",""beans""]",pastel bean pastel bean beans,
food,a602a025-6be7-548e-8382-278ef8d69d09,,Pastel de Nata,Pastel,Pastry,,"[""pastel"",""natas"",""belém"",""pasteis"",""custard"",""tarts"",""nata"",""belem""]",pastel pastel belem pasteis custard tarts,
food,3fa9ce62-ecf3-5a72-a52c-733443bbd499,,Pastel folhado,Pastel Folhado,Pastry Puff Pastry,,"[""pastel"",""folhado""]",pastel folhado pastel folhado,
food,9ed72cd8-170d-5df4-852e-ed0ac13b6cb9,,Pastilha elástica,Pastilha Elastica,Chewing Gum,,"[""pastilha"",""elástica"",""elastica""]",pastilha elastica pastilha elastica,
food,cbbf1e91-30d7-5ac0-ae17-41bc49f6f61d,,Patanisca de Bacalhau,Patanisca Cod,,,"[""pataniscas"",""bacalhau"",""codfish"",""fritters"",""salt"",""cod"",""patanisca""]",patanisca cod patanisca cod pataniscas codfish fritters,
food,01b026f2-0a6f-50cf-bfab-a589c13e1e99,,"Pato com pele, assado sem molho",Pato with Skin Roasted Sauce,"Duck with Skin, Roasted without Sauce",,"[""pato"",""duck"",""pele"",""assado"",""roasted"",""molho"",""sauce"",""with"",""skin""]",pato with skin roasted sauce pato with skin roasted sauce duck pele,
food,04e7b9b7-5359-549c-9b55-486c0415036c,,"Pato com pele, cru",Pato with Skin Raw,"Duck with Skin, Raw",,"[""pato"",""duck"",""pele"",""cru"",""raw"",""with"",""skin""]",pato with skin raw pato with skin raw duck pele,
food,3f8162fc-a923-5f65-8a09-bf77e6abb711,,"Pato sem pele, assado com margarina",Pato Skinless Roasted Margarine,Duck Skinless Roasted Margarine,,"[""pato"",""duck"",""pele"",""assado"",""roasted"",""margarina"",""margarine"",""skinless""]",pato skinless roasted margarine pato skinless roasted margarine duck pele margarina,
food,5dea4d79-df32-595f-9f81-f8d637b871c0,,"Pato sem pele, cru",Pato Skinless Raw,"Duck Skinless, Raw",,"[""pato"",""duck"",""pele"",""cru"",""raw"",""skinless""]",pato skinless raw pato skinless raw duck pele,
food,23e94faa-f373-565b-ae70-852e0c1e480e,,"Pato sem pele, estufado com margarina",Pato Skinless Stewed Margarine,Duck Skinless Stewed Margarine,,"[""pato"",""duck"",""pele"",""estufado"",""stewed"",""margarina"",""margarine"",""skinless""]",pato skinless stewed margarine pato skinless stewed margarine duck pele estufado margarina,
food,9be6bfd5-0d8a-5abe-a910-7818b11d0a93,,Peito de cabrito cru,Breast Kid Goat Raw,"Breast Kid Goat, Raw",,"[""peito"",""cabrito"",""cru"",""raw"",""breast"",""kid"",""goat""]",breast kid goat raw breast kid goat raw peito cabrito,
food,1c45f41d-09e0-52b7-bfe2-990d39b5a645,,Peito de cabrito estufado com azeite e margarina,Breast Kid Goat Stewed Olive Oil Margarine,,,"[""peito"",""cabrito"",""estufado"",""stewed"",""azeite"",""olive"",""oil"",""margarina"",""margarine"",""breast"",""kid"",""goat""]",breast kid goat stewed olive oil margarine breast kid goat stewed olive oil margarine peito cabrito estufado margarina,
food,59eea4d9-21dd-50e6-9f94-32dadd8d789d,,Peito de cabrito estufado com azeite e óleo alimentar,Breast Kid Goat Stewed Olive Oil Cooking Oil,,,"[""peito"",""cabrito"",""estufado"",""stewed"",""azeite"",""olive"",""oil"",""óleo"",""oleo"",""alimentar"",""breast"",""kid"",""goat"",""cooking""]",breast kid goat stewed olive oil cooking oil breast kid goat stewed olive oil cooking peito cabrito estufado oleo alimentar,
food,0a3600eb-62a3-543c-b5d2-2cd6a3b4a188,,Peito de cabrito estufado com manteiga e óleo alimentar,Breast Kid Goat Stewed Butter Cooking Oil,,,"[""peito"",""cabrito"",""estufado"",""stewed"",""manteiga"",""butter"",""óleo"",""oleo"",""oil"",""alimentar"",""breast"",""kid"",""goat"",""cooking""]",breast kid goat stewed butter cooking oil breast kid goat stewed butter cooking oil peito cabrito estufado oleo alimentar,
food,7c61adfa-618b-5691-bb4b-dd65b0587214,,Peito de cabrito estufado com margarina e óleo alimentar,Breast Kid Goat Stewed Margarine Cooking Oil,,,"[""peito"",""cabrito"",""estufado"",""stewed"",""margarina"",""margarine"",""óleo"",""oleo"",""oil"",""alimentar"",""breast"",""kid"",""goat"",""cooking""]",breast kid goat stewed margarine cooking oil breast kid goat stewed margarine cooking oil peito cabrito estufado margarina oleo alimentar,
food,2cdde33d-b72b-587c-b3a7-33411a34ee46,,"Peito de cabrito estufado, sem molho",Breast Kid Goat Stewed Sauce,"Breast Kid Goat, Stewed without Sauce",,"[""peito"",""cabrito"",""estufado"",""stewed"",""molho"",""sauce"",""breast"",""kid"",""goat""]",breast kid goat stewed sauce breast kid goat stewed sauce peito cabrito estufado,
food,c8535de5-9631-5f03-873c-c29957fc0670,,Peito de cabrito grelhado,Breast Kid Goat Grilled,"Breast Kid Goat, Grilled",,"[""peito"",""cabrito"",""grelhado"",""grilled"",""breast"",""kid"",""goat""]",breast kid goat grilled breast kid goat grilled peito cabrito,
food,1a1f5f1f-f785-548b-b7f4-1ec66c1cc58e,,"Peito de carneiro gordo, cozido",Breast Mutton Cooked,"Breast Mutton, Cooked",,"[""peito"",""carneiro"",""mutton"",""lamb"",""gordo"",""fatty"",""cozido"",""cooked"",""boiled"",""breast""]",breast mutton cooked breast mutton cooked peito carneiro lamb fatty,
food,5edf527e-a4af-5d6f-b668-307f18b7ebce,,"Peito de carneiro gordo, cru",Breast Mutton Raw,"Breast Mutton, Raw",,"[""peito"",""carneiro"",""mutton"",""lamb"",""gordo"",""fatty"",""cru"",""raw"",""breast""]",breast mutton raw breast mutton raw peito carneiro lamb fatty,
food,1536b9b6-0319-5c1b-b56e-7844f9097005,,"Peito de frango com pele, cozido",Breast Chicken with Skin Cooked,"Breast Chicken with Skin, Cooked",,"[""peito"",""frango"",""chicken"",""pele"",""cozido"",""cooked"",""boiled"",""breast"",""with"",""skin""]",breast chicken with skin cooked breast chicken with skin cooked peito frango pele,
food,342dc634-0737-5418-8092-3a6df3288da8,,"Peito de frango com pele, cru",Breast Chicken with Skin Raw,"Breast Chicken with Skin, Raw",,"[""peito"",""frango"",""chicken"",""pele"",""cru"",""raw"",""breast"",""with"",""skin""]",breast chicken with skin raw breast chicken with skin raw peito frango pele,
food,06f56c13-2eb3-541e-a021-1b4589fa644f,,"Peito de frango com pele, estufado com azeite e margarina",Breast Chicken with Skin Stewed Olive Oil Margarine,,,"[""peito"",""frango"",""chicken"",""pele"",""estufado"",""stewed"",""azeite"",""olive"",""oil"",""margarina"",""margarine"",""breast"",""with"",""skin""]",breast chicken with skin stewed olive oil margarine breast chicken with skin stewed olive oil margarine peito frango pele estufado margarina,
food,9b531ea3-f8bd-5472-be86-00785f1a64a2,,"Peito de frango com pele, estufado com margarina",Breast Chicken with Skin Stewed Margarine,,,"[""peito"",""frango"",""chicken"",""pele"",""estufado"",""stewed"",""margarina"",""margarine"",""breast"",""with"",""skin""]",breast chicken with skin stewed margarine breast chicken with skin stewed margarine peito frango pele estufado margarina,
food,0d80b42b-e0d6-54d1-a02a-e77ae5bdebb4,,"Peito de frango com pele, estufado sem molho",Breast Chicken with Skin Stewed Sauce,"Breast Chicken with Skin, Stewed without Sauce",,"[""peito"",""frango"",""chicken"",""pele"",""estufado"",""stewed"",""molho"",""sauce"",""breast"",""with"",""skin""]",breast chicken with skin stewed sauce breast chicken with skin stewed sauce peito frango pele estufado,
food,29e9c36f-92c0-5b90-b43a-98cdde2310ee,,"Peito de frango sem pele, cozido",Breast Chicken Skinless Cooked,"Breast Chicken Skinless, Cooked",,"[""peito"",""frango"",""chicken"",""pele"",""cozido"",""cooked"",""boiled"",""breast"",""skinless""]",breast chicken skinless cooked breast chicken skinless cooked peito frango pele,
food,0e512447-1155-56f2-b701-72f18f3f857d,,"Peito de frango sem pele, cru",Breast Chicken Skinless Raw,"Breast Chicken Skinless, Raw",,"[""peito"",""frango"",""chicken"",""pele"",""cru"",""raw"",""breast"",""skinless""]",breast chicken skinless raw breast chicken skinless raw peito frango pele,
food,1c66ed9b-c04f-5a89-8645-19513b3a679b,,"Peito de frango sem pele, estufado com azeite e margarina ",Breast Chicken Skinless Stewed Olive Oil Margarine,,,"[""peito"",""frango"",""chicken"",""pele"",""estufado"",""stewed"",""azeite"",""olive"",""oil"",""margarina"",""margarine"",""breast"",""skinless""]",breast chicken skinless stewed olive oil margarine breast chicken skinless stewed olive oil margarine peito frango pele estufado margarina,
food,3b635864-aa63-5fcb-8d6c-727278c04db9,,"Peito de frango sem pele, estufado com margarina",Breast Chicken Skinless Stewed Margarine,,,"[""peito"",""frango"",""chicken"",""pele"",""estufado"",""stewed"",""margarina"",""margarine"",""breast"",""skinless""]",breast chicken skinless stewed margarine breast chicken skinless stewed margarine peito frango pele estufado margarina,
food,48153acd-374d-58d7-ba3c-5b5ec298e24d,,"Peito de frango sem pele, estufado sem molho",Breast Chicken Skinless Stewed Sauce,"Breast Chicken Skinless, Stewed without Sauce",,"[""peito"",""frango"",""chicken"",""pele"",""estufado"",""stewed"",""molho"",""sauce"",""breast"",""skinless""]",breast chicken skinless stewed sauce breast chicken skinless stewed sauce peito frango pele estufado,
food,a8b607ff-1279-5d81-a8de-82753b4f9024,,"Peito de peru com pele, cru",Breast Peru with Skin Raw,"Breast Turkey with Skin, Raw",,"[""peito"",""peru"",""turkey"",""pele"",""cru"",""raw"",""breast"",""with"",""skin""]",breast peru with skin raw breast peru with skin raw peito turkey pele,
food,9133755d-f1e5-5961-b783-61fc0f000097,,"Peito de peru com pele, estufado com margarina",Breast Peru with Skin Stewed Margarine,Breast Turkey with Skin Stewed Margarine,,"[""peito"",""peru"",""turkey"",""pele"",""estufado"",""stewed"",""margarina"",""margarine"",""breast"",""with"",""skin""]",breast peru with skin stewed margarine breast peru with skin stewed margarine peito turkey pele estufado margarina,
food,b49344f1-62b1-519f-bc0a-ec50fe07de17,,"Peito de peru sem pele, assado com margarina",Breast Peru Skinless Roasted Margarine,Breast Turkey Skinless Roasted Margarine,,"[""peito"",""peru"",""turkey"",""pele"",""assado"",""roasted"",""margarina"",""margarine"",""breast"",""skinless""]",breast peru skinless roasted margarine breast peru skinless roasted margarine peito turkey pele margarina,
food,6ea3e364-c434-5be0-bebf-34fd66f9542e,,"Peito de peru sem pele, cru",Breast Peru Skinless Raw,"Breast Turkey Skinless, Raw",,"[""peito"",""peru"",""turkey"",""pele"",""cru"",""raw"",""breast"",""skinless""]",breast peru skinless raw breast peru skinless raw peito turkey pele,
food,4ef9f1f3-fcf7-55d4-a773-4834a99fdb45,,"Peito de peru sem pele, panado",Breast Peru Skinless Panado,"Breast Turkey Skinless, Breaded",,"[""peito"",""peru"",""turkey"",""pele"",""panado"",""breast"",""skinless""]",breast peru skinless panado breast peru skinless panado peito turkey pele,
food,c0e664a9-ee22-56c9-9bcf-dc5667e24c65,,Peito de vitela magro cozido,Breast Veal Lean Cooked,"Breast Veal Lean, Cooked",,"[""peito"",""vitela"",""veal"",""magro"",""lean"",""light"",""cozido"",""cooked"",""boiled"",""breast""]",breast veal lean cooked breast veal lean cooked peito vitela light,
food,2df0b24b-ae8c-5ef7-9de4-0895e0213513,,Peito de vitela magro cru,Breast Veal Lean Raw,"Breast Veal Lean, Raw",,"[""peito"",""vitela"",""veal"",""magro"",""lean"",""light"",""cru"",""raw"",""breast""]",breast veal lean raw breast veal lean raw peito vitela light,
food,e9e3b2ed-7057-5156-94da-229922fb4363,,Peito de vitela magro estufado,Breast Veal Lean Stewed,"Breast Veal Lean, Stewed",,"[""peito"",""vitela"",""veal"",""magro"",""lean"",""light"",""estufado"",""stewed"",""breast""]",breast veal lean stewed breast veal lean stewed peito vitela light estufado,
food,4b6f931f-8b06-5dcc-84d6-924f9625151c,,Peito de vitela magro estufado com azeite e margarina,Breast Veal Lean Stewed Olive Oil Margarine,,,"[""peito"",""vitela"",""veal"",""magro"",""lean"",""light"",""estufado"",""stewed"",""azeite"",""olive"",""oil"",""margarina"",""margarine"",""breast""]",breast veal lean stewed olive oil margarine breast veal lean stewed olive oil margarine peito vitela light estufado margarina,
food,2ff0a0ab-9bf0-51a9-843f-e7508807c269,,"Peito de vitela magro estufado com azeite, margarina e óleo alimentar",Breast Veal Lean Stewed Olive Oil Margarine Cooking Oil,,,"[""peito"",""vitela"",""veal"",""magro"",""lean"",""light"",""estufado"",""stewed"",""azeite"",""olive"",""oil"",""margarina"",""margarine"",""óleo"",""oleo"",""alimentar"",""breast"",""cooking""]",breast veal lean stewed olive oil margarine cooking oil breast veal lean stewed olive oil margarine cooking peito vitela light estufado margarina oleo alimentar,
food,9eb9b6c8-74fb-596e-a78b-579f1945343c,,Peito de vitela magro estufado com margarina e óleo alimentar,Breast Veal Lean Stewed Margarine Cooking Oil,,,"[""peito"",""vitela"",""veal"",""magro"",""lean"",""light"",""estufado"",""stewed"",""margarina"",""margarine"",""óleo"",""oleo"",""oil"",""alimentar"",""breast"",""cooking""]",breast veal lean stewed margarine cooking oil breast veal lean stewed margarine cooking oil peito vitela light estufado margarina oleo alimentar,
food,b84309f6-74b6-5d7c-8d0c-3b9b285ce62e,,"Peito de vitela magro estufado, sem molho",Breast Veal Lean Stewed Sauce,"Breast Veal Lean, Stewed without Sauce",,"[""peito"",""vitela"",""veal"",""magro"",""lean"",""light"",""estufado"",""stewed"",""molho"",""sauce"",""breast""]",breast veal lean stewed sauce breast veal lean stewed sauce peito vitela light estufado,
food,2c2ae3ed-9005-5d5e-821f-6cf25f88df63,,Peixe-espada-branco cru,Peixe-espada-branco Raw,"White Scabbardfish, Raw",,"[""peixe"",""fish"",""espada"",""branco"",""white"",""cru"",""raw""]",peixe espada branco raw peixe espada branco raw,
food,d2493cef-1e5c-56cd-b1cb-e3abd2a564b9,,Peixe-espada-branco frito,Peixe-espada-branco Fried,"White Scabbardfish, Fried",,"[""peixe"",""fish"",""espada"",""branco"",""white"",""frito"",""fried""]",peixe espada branco fried peixe espada branco fried,
food,48b413ab-e930-564b-8130-0226774c293f,,Peixe-espada-branco grelhado,Peixe-espada-branco Grilled,"White Scabbardfish, Grilled",,"[""peixe"",""fish"",""espada"",""branco"",""white"",""grelhado"",""grilled""]",peixe espada branco grilled peixe espada branco grilled,
food,af0c36d9-be0e-57c0-9bcc-3d8e0a620485,,Peixe-espada-preto cru,Peixe-espada-preto Raw,"Black Scabbardfish, Raw",,"[""peixe"",""fish"",""espada"",""preto"",""cru"",""raw""]",peixe espada preto raw peixe espada preto raw,
food,f6182281-8b84-58ab-b9a2-4e84b70337a4,,Peixe-espada-preto frito,Peixe-espada-preto Fried,"Black Scabbardfish, Fried",,"[""peixe"",""fish"",""espada"",""preto"",""frito"",""fried""]",peixe espada preto fried peixe espada preto fried,
food,a2a5af3d-14ec-5817-ab43-56accac3c642,,Peixe-espada-preto grelhado,Peixe-espada-preto Grilled,"Black Scabbardfish, Grilled",,"[""peixe"",""fish"",""espada"",""preto"",""grelhado"",""grilled""]",peixe espada preto grilled peixe espada preto grilled,
food,bb6b40e9-2eda-5595-a3ee-8b05883a8e8d,,Peixinhos da horta,Peixinhos Horta,Battered Green Beans,,"[""peixinhos"",""peixinho"",""horta""]",peixinhos horta peixinhos horta peixinho,
food,e9275998-3368-5a17-9351-67c9b68f071e,,Pepino,Cucumber,,,"[""pepinos"",""cucumbers"",""pepino"",""cucumber""]",cucumber cucumber pepinos cucumbers pepino,
food,94b390a5-a001-57bc-82f7-712a2842df9d,,Pepino cru,Pepino Raw,"Cucumber, Raw",,"[""pepino"",""pepinos"",""cucumber"",""cucumbers"",""raw"",""cru"",""legume"",""vegetable""]",pepino raw pepino raw pepinos cucumber cucumbers,
food,9612e157-1c01-568c-9c59-f1628143e159,,Pera (5 variedades),Pear (Pears 3),,,"[""pera"",""peras"",""pêra"",""pêras"",""pear"",""pears"",""fruta"",""fruit""]",pear pears 3 pear pears,
food,6dbf53a9-142d-5b3e-946f-a1cdbef0ddbc,,Pera conserva em calda de açúcar,Canned Pear in Sugar Syrup,,,"[""pera"",""pear"",""conserva"",""canned"",""calda"",""açúcar"",""acucar"",""sugar"",""in"",""syrup""]",canned pear in sugar syrup canned pear in sugar syrup,
food,483de91b-6454-5fd7-9b4d-e8be9b27b271,,Pera cozida com açúcar,Cooked Pear with Sugar,,,"[""pera"",""pear"",""cozida"",""cooked"",""boiled"",""açúcar"",""acucar"",""sugar"",""with""]",cooked pear with sugar cooked pear with sugar,
food,81af1540-a5e3-5b95-ad40-4a5467d26e1c,,Pera cozida sem açúcar,Cooked Pear without Sugar,,,"[""pera"",""pear"",""cozida"",""cooked"",""boiled"",""açúcar"",""acucar"",""sugar"",""without""]",cooked pear without sugar cooked pear without sugar,
food,40b6149d-3d1e-5237-9e2f-7681751f9ccf,,Pera cristalizada,Candied Pear,,,"[""pera"",""pear"",""cristalizada"",""candied""]",candied pear candied pear cristalizada,
food,6912f544-ac3e-5597-abd3-2147f32d9c29,,Pera desidratada,Dehydrated Pear,,,"[""pera"",""pear"",""desidratada"",""dehydrated"",""dried""]",dehydrated pear dehydrated pear,
food,aebdcf4c-6139-50c2-b5c8-2cbc6b7df04b,,Percebes crus,Raw Percebes,Raw Goose Barnacles,,"[""percebes"",""percebe"",""crus"",""raw""]",raw percebes raw percebes percebe,
food,51bdc4bd-baac-5bf7-8377-1b8ca34fe62d,,Perdiz crua,Perdiz Raw,"Perdiz, Raw",,"[""perdiz"",""crua"",""raw""]",perdiz raw perdiz raw,
food,a4567495-f289-5cd3-ac9c-1b6000399f13,,Perdiz estufada com margarina,Perdiz Stewed Margarine,,,"[""perdiz"",""estufada"",""stewed"",""margarina"",""margarine""]",perdiz stewed margarine perdiz stewed margarine estufada margarina,
food,7640ee78-7117-59df-ba52-bf7b5cd56c0a,,Perna de borrego no forno,Leg Lamb Forno,Leg Lamb Oven,,"[""perna"",""borrego"",""forno"",""leg"",""lamb""]",leg lamb forno leg lamb forno perna borrego,
food,9fb9b3ad-7115-580e-b40a-54ff763a1d95,,Perna de cabrito assada com azeite e margarina,Leg Kid Goat Roasted Olive Oil Margarine,,,"[""perna"",""cabrito"",""assada"",""roasted"",""azeite"",""olive"",""oil"",""margarina"",""margarine"",""leg"",""kid"",""goat""]",leg kid goat roasted olive oil margarine leg kid goat roasted olive oil margarine perna cabrito margarina,
food,256e960e-d0fd-5a38-9b48-5f8407649bef,,Perna de cabrito assada com óleo alimentar e margarina,Leg Kid Goat Roasted Cooking Oil Margarine,,,"[""perna"",""cabrito"",""assada"",""roasted"",""óleo"",""oleo"",""oil"",""alimentar"",""margarina"",""margarine"",""leg"",""kid"",""goat"",""cooking""]",leg kid goat roasted cooking oil margarine leg kid goat roasted cooking oil margarine perna cabrito oleo alimentar margarina,
food,a9a6c619-2bee-5f58-a6ba-8eff66b81007,,"Perna de cabrito assada, sem molho",Leg Kid Goat Roasted Sauce,"Leg Kid Goat, Roasted without Sauce",,"[""perna"",""cabrito"",""assada"",""roasted"",""molho"",""sauce"",""leg"",""kid"",""goat""]",leg kid goat roasted sauce leg kid goat roasted sauce perna cabrito,
food,071e428e-04b2-503b-8af4-ee5cad28fe24,,Perna de cabrito crua,Leg Kid Goat Raw,"Leg Kid Goat, Raw",,"[""perna"",""cabrito"",""crua"",""raw"",""leg"",""kid"",""goat""]",leg kid goat raw leg kid goat raw perna cabrito,
food,fa8ff200-8c29-5627-95c8-ec9dfcb9f9f5,,"Perna de carneiro gorda, assada, sem molho",Leg Mutton Fat Roasted Sauce,"Leg Mutton Fat, Roasted without Sauce",,"[""perna"",""carneiro"",""mutton"",""lamb"",""gorda"",""fatty"",""assada"",""roasted"",""molho"",""sauce"",""leg"",""fat""]",leg mutton fat roasted sauce leg mutton fat roasted sauce perna carneiro lamb gorda fatty,
food,8cab8f77-90ca-5889-bfd5-775070e8e84a,,"Perna de carneiro gorda, crua",Leg Mutton Fat Raw,"Leg Mutton Fat, Raw",,"[""perna"",""carneiro"",""mutton"",""lamb"",""gorda"",""fatty"",""crua"",""raw"",""leg"",""fat""]",leg mutton fat raw leg mutton fat raw perna carneiro lamb gorda fatty,
food,3ef92f97-647c-573c-8fcf-4ded34a029be,,"Perna de carneiro gorda, estufada sem molho",Leg Mutton Fat Stewed Sauce,"Leg Mutton Fat, Stewed without Sauce",,"[""perna"",""carneiro"",""mutton"",""lamb"",""gorda"",""fatty"",""estufada"",""stewed"",""molho"",""sauce"",""leg"",""fat""]",leg mutton fat stewed sauce leg mutton fat stewed sauce perna carneiro lamb gorda fatty estufada,
food,eae0d003-89a3-5032-9256-e923017260fc,,Perna de carneiro magra assada com azeite e margarina,Leg Mutton Magra Roasted Olive Oil Margarine,Leg Mutton Lean Roasted Olive Oil Margarine,,"[""perna"",""carneiro"",""mutton"",""lamb"",""magra"",""lean"",""light"",""assada"",""roasted"",""azeite"",""olive"",""oil"",""margarina"",""margarine"",""leg""]",leg mutton magra roasted olive oil margarine leg mutton magra roasted olive oil margarine perna carneiro lamb lean light margarina,
food,5e081d1f-3ed0-5228-8b6e-6da1158df321,,Perna de carneiro magra assada com margarina,Leg Mutton Magra Roasted Margarine,Leg Mutton Lean Roasted Margarine,,"[""perna"",""carneiro"",""mutton"",""lamb"",""magra"",""lean"",""light"",""assada"",""roasted"",""margarina"",""margarine"",""leg""]",leg mutton magra roasted margarine leg mutton magra roasted margarine perna carneiro lamb lean light margarina,
food,7397b94d-2ad0-5045-84f8-3989684c4e2c,,"Perna de carneiro magra, assada, sem molho",Leg Mutton Magra Roasted Sauce,"Leg Mutton Lean, Roasted without Sauce",,"[""perna"",""carneiro"",""mutton"",""lamb"",""magra"",""lean"",""light"",""assada"",""roasted"",""molho"",""sauce"",""leg""]",leg mutton magra roasted sauce leg mutton magra roasted sauce perna carneiro lamb lean light,
food,f8093558-ae84-58d3-825e-fd0fec56e7ba,,"Perna de carneiro magra, crua",Leg Mutton Magra Raw,"Leg Mutton Lean, Raw",,"[""perna"",""carneiro"",""mutton"",""lamb"",""magra"",""lean"",""light"",""crua"",""raw"",""leg""]",leg mutton magra raw leg mutton magra raw perna carneiro lamb lean light,
food,30bfd66c-ba54-595c-bee6-01b48529c06c,,"Perna de carneiro magra, estufada com azeite e margarina",Leg Mutton Magra Stewed Olive Oil Margarine,Leg Mutton Lean Stewed Olive Oil Margarine,,"[""perna"",""carneiro"",""mutton"",""lamb"",""magra"",""lean"",""light"",""estufada"",""stewed"",""azeite"",""olive"",""oil"",""margarina"",""margarine"",""leg""]",leg mutton magra stewed olive oil margarine leg mutton magra stewed olive oil margarine perna carneiro lamb lean light estufada margarina,
food,fcb03be6-b066-58e4-a308-a364173781d7,,"Perna de carneiro magra, estufada com margarina",Leg Mutton Magra Stewed Margarine,Leg Mutton Lean Stewed Margarine,,"[""perna"",""carneiro"",""mutton"",""lamb"",""magra"",""lean"",""light"",""estufada"",""stewed"",""margarina"",""margarine"",""leg""]",leg mutton magra stewed margarine leg mutton magra stewed margarine perna carneiro lamb lean light estufada margarina,
food,f39bbd18-3860-5d43-ba5f-004c8e8d9bd9,,"Perna de carneiro magra, estufada sem molho",Leg Mutton Magra Stewed Sauce,"Leg Mutton Lean, Stewed without Sauce",,"[""perna"",""carneiro"",""mutton"",""lamb"",""magra"",""lean"",""light"",""estufada"",""stewed"",""molho"",""sauce"",""leg""]",leg mutton magra stewed sauce leg mutton magra stewed sauce perna carneiro lamb lean light estufada,
food,8029a651-8822-59ba-8dec-997cc0d690e1,,"Perna de frango sem pele, cozida",Leg Chicken Skinless Cooked,"Leg Chicken Skinless, Cooked",,"[""perna"",""frango"",""chicken"",""pele"",""cozida"",""cooked"",""boiled"",""leg"",""skinless""]",leg chicken skinless cooked leg chicken skinless cooked perna frango pele,
food,489d5247-b884-5094-be31-52331d516f07,,"Perna de frango sem pele, crua",Leg Chicken Skinless Raw,"Leg Chicken Skinless, Raw",,"[""perna"",""frango"",""chicken"",""pele"",""crua"",""raw"",""leg"",""skinless""]",leg chicken skinless raw leg chicken skinless raw perna frango pele,
food,6e35b1ea-90c9-52f0-9b2d-196b553fc3ab,,"Perna de frango sem pele, estufada com azeite e margarina",Leg Chicken Skinless Stewed Olive Oil Margarine,,,"[""perna"",""frango"",""chicken"",""pele"",""estufada"",""stewed"",""azeite"",""olive"",""oil"",""margarina"",""margarine"",""leg"",""skinless""]",leg chicken skinless stewed olive oil margarine leg chicken skinless stewed olive oil margarine perna frango pele estufada margarina,
food,19f9d681-0ef9-5132-a88f-f66d7442a8ce,,"Perna de frango sem pele, estufada com margarina ",Leg Chicken Skinless Stewed Margarine,,,"[""perna"",""frango"",""chicken"",""pele"",""estufada"",""stewed"",""margarina"",""margarine"",""leg"",""skinless""]",leg chicken skinless stewed margarine leg chicken skinless stewed margarine perna frango pele estufada margarina,
food,7f1a2f37-d4d1-540c-bbd0-7c2f5f65f2fd,,"Perna de frango sem pele, estufada sem molho",Leg Chicken Skinless Stewed Sauce,"Leg Chicken Skinless, Stewed without Sauce",,"[""perna"",""frango"",""chicken"",""pele"",""estufada"",""stewed"",""molho"",""sauce"",""leg"",""skinless""]",leg chicken skinless stewed sauce leg chicken skinless stewed sauce perna frango pele estufada,
food,36c81232-e6ae-5c18-9765-8526fd526d4e,,"Perna de peru com pele, assada com margarina",Leg Peru with Skin Roasted Margarine,Leg Turkey with Skin Roasted Margarine,,"[""perna"",""peru"",""turkey"",""pele"",""assada"",""roasted"",""margarina"",""margarine"",""leg"",""with"",""skin""]",leg peru with skin roasted margarine leg peru with skin roasted margarine perna turkey pele margarina,
food,766e2ee4-0104-5d99-8bc6-edce477dfa90,,"Perna de peru com pele, crua",Leg Peru with Skin Raw,"Leg Turkey with Skin, Raw",,"[""perna"",""peru"",""turkey"",""pele"",""crua"",""raw"",""leg"",""with"",""skin""]",leg peru with skin raw leg peru with skin raw perna turkey pele,
food,10d9a36c-afe1-54fb-a681-2eda92b865eb,,"Perna de peru com pele, estufada com margarina",Leg Peru with Skin Stewed Margarine,Leg Turkey with Skin Stewed Margarine,,"[""perna"",""peru"",""turkey"",""pele"",""estufada"",""stewed"",""margarina"",""margarine"",""leg"",""with"",""skin""]",leg peru with skin stewed margarine leg peru with skin stewed margarine perna turkey pele estufada margarina,
food,4b71ed1a-537b-528a-918b-846cee04b8b3,,Perna de porco gorda assada com azeite e margarina,Leg Pork Fat Roasted Olive Oil Margarine,,,"[""perna"",""porco"",""pork"",""gorda"",""fatty"",""assada"",""roasted"",""azeite"",""olive"",""oil"",""margarina"",""margarine"",""leg"",""fat""]",leg pork fat roasted olive oil margarine leg pork fat roasted olive oil margarine perna gorda fatty margarina,
food,f3f8f640-3c35-5ea5-b704-99796d7d1407,,Perna de porco gorda assada com margarina,Leg Pork Fat Roasted Margarine,,,"[""perna"",""porco"",""pork"",""gorda"",""fatty"",""assada"",""roasted"",""margarina"",""margarine"",""leg"",""fat""]",leg pork fat roasted margarine leg pork fat roasted margarine perna gorda fatty margarina,
food,fb3d4639-5824-5e73-8115-768fae8fdb0e,,Perna de porco gorda assada com óleo alimentar e margarina,Leg Pork Fat Roasted Cooking Oil Margarine,,,"[""perna"",""porco"",""pork"",""gorda"",""fatty"",""assada"",""roasted"",""óleo"",""oleo"",""oil"",""alimentar"",""margarina"",""margarine"",""leg"",""fat"",""cooking""]",leg pork fat roasted cooking oil margarine leg pork fat roasted cooking oil margarine perna gorda fatty oleo alimentar margarina,
food,04b2ec3d-2bde-56df-ab25-3dd450826686,,"Perna de porco gorda assada, sem molho",Leg Pork Fat Roasted Sauce,"Leg Pork Fat, Roasted without Sauce",,"[""perna"",""porco"",""pork"",""gorda"",""fatty"",""assada"",""roasted"",""molho"",""sauce"",""leg"",""fat""]",leg pork fat roasted sauce leg pork fat roasted sauce perna gorda fatty,
food,f42a0f64-cc4a-534d-9e56-bdfd740adc31,,Perna de porco gorda crua,Leg Pork Fat Raw,"Leg Pork Fat, Raw",,"[""perna"",""porco"",""pork"",""gorda"",""fatty"",""crua"",""raw"",""leg"",""fat""]",leg pork fat raw leg pork fat raw perna gorda fatty,
food,67f52663-301c-5e37-bfd4-b82cc5040729,,Perna de porco gorda grelhada,Leg Pork Fat Grilled,"Leg Pork Fat, Grilled",,"[""perna"",""porco"",""pork"",""gorda"",""fatty"",""grelhada"",""grilled"",""leg"",""fat""]",leg pork fat grilled leg pork fat grilled perna gorda fatty,
food,0fb15f59-d4fb-5fcf-b3e5-87923d2c8028,,Perna de porco magra assada com azeite e margarina,Leg Pork Magra Roasted Olive Oil Margarine,Leg Pork Lean Roasted Olive Oil Margarine,,"[""perna"",""porco"",""pork"",""magra"",""lean"",""light"",""assada"",""roasted"",""azeite"",""olive"",""oil"",""margarina"",""margarine"",""leg""]",leg pork magra roasted olive oil margarine leg pork magra roasted olive oil margarine perna lean light margarina,
food,e3345e10-6e46-54f4-b215-b4d24c4b4faf,,Perna de porco magra assada com margarina,Leg Pork Magra Roasted Margarine,Leg Pork Lean Roasted Margarine,,"[""perna"",""porco"",""pork"",""magra"",""lean"",""light"",""assada"",""roasted"",""margarina"",""margarine"",""leg""]",leg pork magra roasted margarine leg pork magra roasted margarine perna lean light margarina,
food,d0770599-8bb4-5ccb-8f8d-f9f031534e9e,,Perna de porco magra assada com óleo alimentar e margarina,Leg Pork Magra Roasted Cooking Oil Margarine,Leg Pork Lean Roasted Cooking Oil Margarine,,"[""perna"",""porco"",""pork"",""magra"",""lean"",""light"",""assada"",""roasted"",""óleo"",""oleo"",""oil"",""alimentar"",""margarina"",""margarine"",""leg"",""cooking""]",leg pork magra roasted cooking oil margarine leg pork magra roasted cooking oil margarine perna lean light oleo alimentar margarina,
food,02876ca0-5a1a-5653-891d-47a782a767c0,,"Perna de porco magra assada, sem molho",Leg Pork Magra Roasted Sauce,"Leg Pork Lean, Roasted without Sauce",,"[""perna"",""porco"",""pork"",""magra"",""lean"",""light"",""assada"",""roasted"",""molho"",""sauce"",""leg""]",leg pork magra roasted sauce leg pork magra roasted sauce perna lean light,
food,4ca8dafd-15d9-5943-83c3-ca63e3b7c780,,Perna de porco magra crua,Leg Pork Magra Raw,"Leg Pork Lean, Raw",,"[""perna"",""porco"",""pork"",""magra"",""lean"",""light"",""crua"",""raw"",""leg""]",leg pork magra raw leg pork magra raw perna lean light,
food,4f4bc4eb-1f6b-55b5-8daf-0e025996efae,,Perna de porco magra estufada com azeite e banha,Leg Pork Magra Stewed Olive Oil Lard,Leg Pork Lean Stewed Olive Oil Lard,,"[""perna"",""porco"",""pork"",""magra"",""lean"",""light"",""estufada"",""stewed"",""azeite"",""olive"",""oil"",""banha"",""leg"",""lard""]",leg pork magra stewed olive oil lard leg pork magra stewed olive oil lard perna lean light estufada banha,
food,aeccc199-93a0-52b8-983b-6ac2e556adb1,,Perna de porco magra estufada com azeite e margarina,Leg Pork Magra Stewed Olive Oil Margarine,Leg Pork Lean Stewed Olive Oil Margarine,,"[""perna"",""porco"",""pork"",""magra"",""lean"",""light"",""estufada"",""stewed"",""azeite"",""olive"",""oil"",""margarina"",""margarine"",""leg""]",leg pork magra stewed olive oil margarine leg pork magra stewed olive oil margarine perna lean light estufada margarina,
food,d5f1bf0f-8c43-5639-bed6-99d7fafa8f31,,Perna de porco magra estufada com margarina,Leg Pork Magra Stewed Margarine,Leg Pork Lean Stewed Margarine,,"[""perna"",""porco"",""pork"",""magra"",""lean"",""light"",""estufada"",""stewed"",""margarina"",""margarine"",""leg""]",leg pork magra stewed margarine leg pork magra stewed margarine perna lean light estufada margarina,
food,16a887a8-7a6f-5760-99ee-1c9002b254af,,Perna de porco magra estufada com óleo alimentar e banha,Leg Pork Magra Stewed Cooking Oil Lard,Leg Pork Lean Stewed Cooking Oil Lard,,"[""perna"",""porco"",""pork"",""magra"",""lean"",""light"",""estufada"",""stewed"",""óleo"",""oleo"",""oil"",""alimentar"",""banha"",""leg"",""cooking"",""lard""]",leg pork magra stewed cooking oil lard leg pork magra stewed cooking oil lard perna lean light estufada oleo alimentar banha,
food,4f86271e-873d-5f4d-854d-cb4df137c267,,"Perna de porco magra estufada, sem molho",Leg Pork Magra Stewed Sauce,"Leg Pork Lean, Stewed without Sauce",,"[""perna"",""porco"",""pork"",""magra"",""lean"",""light"",""estufada"",""stewed"",""molho"",""sauce"",""leg""]",leg pork magra stewed sauce leg pork magra stewed sauce perna lean light estufada,
food,982c4c3f-11af-5ea0-b406-e65bf7a1a7cc,,Perna de porco magra grelhada,Leg Pork Magra Grilled,"Leg Pork Lean, Grilled",,"[""perna"",""porco"",""pork"",""magra"",""lean"",""light"",""grelhada"",""grilled"",""leg""]",leg pork magra grilled leg pork magra grilled perna lean light,
food,0e0146f0-f799-59ce-9876-dde98a451fd0,,"Peru inteiro com pele, cru",Peru Whole with Skin Raw,"Turkey, Whole with Skin, Raw",,"[""peru"",""turkey"",""inteiro"",""pele"",""cru"",""raw"",""whole"",""with"",""skin""]",peru whole with skin raw peru whole with skin raw turkey inteiro pele,
food,ac11cfef-9420-50f5-839b-f0633602a88a,,Pescada cozida (valor médio),Cooked Hake (Average),,,"[""pescada"",""hake"",""fish"",""cozida"",""cooked"",""boiled"",""valor"",""average""]",cooked hake average cooked hake average pescada valor,
food,06c15783-3d13-54c5-aa76-471ae8140e13,,Pescada crua (valor médio),Raw Hake (Average),,,"[""pescada"",""hake"",""fish"",""crua"",""raw"",""valor"",""average""]",raw hake average raw hake average pescada valor,
food,65e901b5-a3c6-5e75-8564-cf1a8c28e6f6,,Pescada da África do Sul cozida,Cooked South African Hake,,,"[""pescada"",""hake"",""fish"",""áfrica"",""africa"",""sul"",""cozida"",""cooked"",""boiled"",""south"",""african""]",cooked south african hake cooked south african hake pescada africa sul,
food,4bbee73b-50de-5708-b22a-315563ebc5e7,,Pescada da África do Sul crua,Raw South African Hake,,,"[""pescada"",""hake"",""fish"",""áfrica"",""africa"",""sul"",""crua"",""raw"",""south"",""african""]",raw south african hake raw south african hake pescada africa sul,
food,e329ff7c-48e3-5cd6-9a12-dd2dd687adf1,,Pescada da África do Sul frita,Fried South African Hake,,,"[""pescada"",""hake"",""fish"",""áfrica"",""africa"",""sul"",""frita"",""fried"",""south"",""african""]",fried south african hake fried south african hake pescada africa sul frita,
food,687b2451-33f9-5f54-8422-131efa9b24e4,,Pescada do Chile cozida,Cooked Chilean Hake,,,"[""pescada"",""hake"",""fish"",""chile"",""cozida"",""cooked"",""boiled"",""chilean""]",cooked chilean hake cooked chilean hake pescada chile,
food,a9f8e090-d320-5ef4-84dd-180945695546,,Pescada do Chile crua,Raw Chilean Hake,,,"[""pescada"",""hake"",""fish"",""chile"",""crua"",""raw"",""chilean""]",raw chilean hake raw chilean hake pescada chile,
food,7e5eaf53-0a0b-5395-bd7b-f385d9269355,,Pescada do Chile frita,Fried Chilean Hake,,,"[""pescada"",""hake"",""fish"",""chile"",""frita"",""fried"",""chilean""]",fried chilean hake fried chilean hake pescada chile frita,
food,6cd345cc-3c6a-5c67-b43a-3abb88c49392,,Pescada europeia cozida,Cooked European Hake,,,"[""pescada"",""hake"",""fish"",""europeia"",""cozida"",""cooked"",""boiled"",""european""]",cooked european hake cooked european hake pescada europeia,
food,795d1dd6-960c-5ba0-ad66-17335bd8ee4f,,Pescada europeia crua,Raw European Hake,,,"[""pescada"",""hake"",""fish"",""europeia"",""crua"",""raw"",""european""]",raw european hake raw european hake pescada europeia,
food,7c77dc73-21b8-5a3e-ae79-22c65849e82f,,Pescada europeia frita,Fried European Hake,,,"[""pescada"",""hake"",""fish"",""europeia"",""frita"",""fried"",""european""]",fried european hake fried european hake pescada europeia frita,
food,f2052b92-64f1-5542-a5e9-eb03e877dbda,,Pescada frita (valor médio),Fried Hake (Average),,,"[""pescada"",""hake"",""fish"",""frita"",""fried"",""valor"",""average""]",fried hake average fried hake average pescada frita valor,
food,199562ce-c9a2-57a7-b0ea-89e93c635ba3,,Picanha grelhada,Picanha Grilled,"Picanha, Grilled",,"[""picanha"",""grelhada"",""grilled""]",picanha grilled picanha grilled,
food,5797232e-06db-51de-96a4-961e74bf3faa,,Picles de pepino,Pickled Cucumber,,,"[""picles"",""picle"",""pepino"",""cucumber"",""pickled""]",pickled cucumber pickled cucumber picle pepino,
food,5288f6bd-5775-51fc-8e96-bc0e5f295bda,,Pimenta branca,Pimenta White,Pepper White,,"[""pimenta"",""branca"",""white""]",pimenta white pimenta white,
food,895b6918-738b-5913-aa69-844257446fa6,,Pimenta moída,Pimenta Moida,"Pepper, Ground",,"[""pimenta"",""moída"",""moida""]",pimenta moida pimenta moida,
food,bcf964d3-9606-5c2c-8093-8688156451cf,,Pimenta preta,Pimenta Black,Pepper Black,,"[""pimenta"",""preta"",""black"",""pepper""]",pimenta black pimenta black pepper,
food,beb06d17-b0e2-5478-b0e3-8bafc099197a,,Pimento,Pimentos,Bell Pepper,,"[""pimentos"",""bell"",""peppers"",""pimento"",""pepper""]",pimentos pimentos bell peppers pepper,
food,b1f42c93-5c57-5bd4-962e-cb123393155d,,Pimento cru,Raw Pimentos,Raw Bell Pepper,,"[""pimento"",""pimentos"",""pepper"",""peppers"",""bell"",""raw"",""cru"",""legume"",""vegetable""]",raw pimentos raw pimentos pepper peppers bell,
food,1dddda6e-eec2-54e5-ae4d-890236f61215,,Pimento grelhado,Grilled Pepper,,,"[""pimento"",""pepper"",""grelhado"",""grilled""]",grilled pepper grilled pepper,
food,c1cdae2b-f70b-5e54-b0ac-341834eac49c,,Pimentão Doce,Sweet Paprika,,,"[""pimentão"",""doce"",""sweet"",""paprika"",""chilli"",""pimentao""]",sweet paprika sweet paprika chilli,
food,96d7925b-ea64-5894-8e36-cf68ba421916,,Pimentão Picante,Hot Paprika,,,"[""pimentão"",""picante"",""hot"",""paprika"",""chilli"",""pimentao""]",hot paprika hot paprika chilli,
food,9f2e628d-4642-5d1e-b445-7356fd8ccb1b,,"Pinhão, miolo",Pinhao,Pine Nut,,"[""pinhão"",""pinhao"",""pine"",""nut"",""miolo""]",pinhao pinhao pine nut,
food,257e4b0c-4602-5129-8a45-79cec6cabab3,,Pistácio torrado,Roasted Pistachios,,,"[""pistácio"",""pistachio"",""torrado"",""roasted"",""pistacio"",""pistachios""]",roasted pistachios roasted pistachios pistacio pistachio,
food,a4bb5ce7-9c6c-54e1-ae49-6014e8b680c8,,Pistácio torrado e salgado,Roasted Salted Pistachios,,,"[""pistácio"",""pistacio"",""torrado"",""salgado"",""salted"",""roasted"",""pistachios""]",roasted salted pistachios roasted salted pistachios pistacio salgado,
food,a5979101-7e39-5cc9-983d-dfc1c324bfa1,,"Pistácio torrado, sem sal",Roasted Unsalted Pistachios,,,"[""pistácio"",""pistacio"",""torrado"",""sal"",""salt"",""roasted"",""unsalted"",""pistachios""]",roasted unsalted pistachios roasted unsalted pistachios pistacio,
food,db9165d7-c294-537e-aec4-9c8844d8241f,,Pizza de queijo e tomate,Pizza Cheese Tomato,,,"[""pizza"",""queijo"",""cheese"",""tomate"",""tomato""]",pizza cheese tomato pizza cheese tomato,
food,5f73a0c7-27b0-5724-b67e-2fb011ccf0e4,,"Pizza de queijo, tomate e fiambre",Pizza Cheese Tomato Fiambre,Pizza Cheese Tomato Ham,,"[""pizza"",""queijo"",""cheese"",""tomate"",""tomato"",""fiambre"",""ham""]",pizza cheese tomato fiambre pizza cheese tomato fiambre ham,
food,0eb57c08-2be7-5016-bb9f-880414000767,,Planteiga,Planteiga,,Planta,"[""manteigas"",""butters"",""margarinas"",""margarines"",""spreads"",""planteiga"",""planta""]",planteiga planta planteiga planta manteigas butters margarinas margarines,
food,126b787f-dca4-594e-bfab-7ab6151bdfc5,,Polvo cozido sem sal,Octopus Cooked Salt,"Octopus Cooked, Unsalted",,"[""polvo"",""octopus"",""cozido"",""cooked"",""boiled"",""sal"",""salt""]",octopus cooked salt octopus cooked salt polvo,
food,ca1cd453-44e7-543b-aab8-c5f6938854ee,,Polvo cru,Octopus Raw,"Octopus, Raw",,"[""polvo"",""octopus"",""cru"",""raw""]",octopus raw octopus raw polvo,
food,a3596161-df3c-5a60-bc03-e70239401e9f,,Pombo cru,Pombo Raw,"Pombo, Raw",,"[""pombo"",""cru"",""raw""]",pombo raw pombo raw,
food,4210944f-06f7-5fa9-8efd-6dabcbeac465,,Pota crua,Pota Raw,"Jumbo Squid, Raw",,"[""pota"",""crua"",""raw""]",pota raw pota raw,
food,bfb44210-2f94-5447-bc53-39c91af5c3ca,,Preparado fermentado à base de soja (Vegurte),Fermented Soy Preparation (Vegurte),,,"[""preparado"",""fermentado"",""soja"",""soy"",""vegurte"",""fermented"",""preparation""]",fermented soy preparation vegurte fermented soy preparation vegurte preparado fermentado,
food,5b57eb80-0398-5974-9002-761038429c84,,Presunto,Presunto,Cured Ham,,"[""presunto"",""ham""]",presunto presunto ham,
food,45939569-c7c0-5f81-a838-54a16d38980b,,Proteína texturizada de soja,Texturizada Soy,,,"[""proteína"",""proteina"",""texturizada"",""soja"",""soy""]",texturizada soy texturizada soy,
food,199ed8a4-2746-53dd-855c-cd4b5c0fbded,,Pudim de leite e ovos,Pudim Milk Eggs,,,"[""pudim"",""pudding"",""leite"",""milk"",""ovos"",""eggs""]",pudim milk eggs pudim milk eggs pudding,
food,8b8df18d-7237-5efb-922c-a5cffeb05255,,Pudim flan caseiro,Pudim Flan Caseiro,"Pudim Flan, Homemade",,"[""pudim"",""pudding"",""flan"",""caseiro""]",pudim flan caseiro pudim flan caseiro pudding,
food,a5ca6f29-00be-5b20-b93a-10d82ab9710e,,Pudim instantâneo em pó,Instant Pudding Powder,,,"[""pudim"",""pudding"",""instantâneo"",""instantaneo"",""instant"",""powder""]",instant pudding powder instant pudding powder pudim instantaneo,
food,f4dfa202-346e-5324-a0a5-92b61ab4a921,,Pudim instantâneo preparado com leite magro,Instant Pudding Prepared with Skimmed Milk,"Instant Pudding, Prepared with Skimmed Milk",,"[""pudim"",""pudding"",""instantâneo"",""instantaneo"",""preparado"",""leite"",""milk"",""magro"",""lean"",""light"",""instant"",""prepared"",""with"",""skimmed""]",instant pudding prepared with skimmed milk instant pudding prepared with skimmed milk pudim instantaneo preparado lean light,
food,92227cff-9c06-543a-9ba6-dc1ccf9d0df7,,Pudim instantâneo preparado com leite meio gordo,Instant Pudding Prepared with Semi-Skimmed Milk,"Instant Pudding, Prepared with Semi-Skimmed Milk",,"[""pudim"",""pudding"",""instantâneo"",""instantaneo"",""preparado"",""leite"",""milk"",""meio"",""gordo"",""fatty"",""instant"",""prepared"",""with"",""semi"",""skimmed""]",instant pudding prepared with semi skimmed milk instant pudding prepared with semi skimmed milk pudim instantaneo preparado fatty,
food,5befad16-b9b5-5538-8846-7e00cfd21251,,"Pulmões de porco, crus",Pulmoes Pork,Lungs Pork,,"[""pulmões"",""pulmoes"",""pulmõe"",""pulmão"",""porco"",""pork"",""crus"",""raw"",""pulmoe"",""pulmao""]",pulmoes pork pulmoes pork pulmoe pulmao,
food,43538ad1-3329-5fc7-9c29-2984b71cf448,,Puré de batata,Pure Potato,,,"[""puré"",""pure"",""batata"",""potato""]",pure potato pure potato,
food,9cc7a921-5eac-5628-adf3-d13d6908199a,,"Pá de carneiro assada, sem molho",Pa Mutton Roasted Sauce,"Shoulder Mutton, Roasted without Sauce",,"[""carneiro"",""mutton"",""lamb"",""assada"",""roasted"",""molho"",""sauce"",""pa""]",pa mutton roasted sauce pa mutton roasted sauce carneiro lamb,
food,5fdf1bce-ee5f-5ff9-a085-eebb47bfaf86,,"Pá de carneiro, assada com azeite e margarina",Pa Mutton Roasted Olive Oil Margarine,Shoulder Mutton Roasted Olive Oil Margarine,,"[""carneiro"",""mutton"",""lamb"",""assada"",""roasted"",""azeite"",""olive"",""oil"",""margarina"",""margarine"",""pa""]",pa mutton roasted olive oil margarine pa mutton roasted olive oil margarine carneiro lamb margarina,
food,03f22afd-c22f-5c0f-a257-3db595a20653,,"Pá de carneiro, assada com margarina",Pa Mutton Roasted Margarine,Shoulder Mutton Roasted Margarine,,"[""carneiro"",""mutton"",""lamb"",""assada"",""roasted"",""margarina"",""margarine"",""pa""]",pa mutton roasted margarine pa mutton roasted margarine carneiro lamb margarina,
food,226f4392-b677-5b17-9ac3-e0fcecd4795b,,"Pá de carneiro, cozida",Pa Mutton Cooked,"Shoulder Mutton, Cooked",,"[""carneiro"",""mutton"",""lamb"",""cozida"",""cooked"",""boiled"",""pa""]",pa mutton cooked pa mutton cooked carneiro lamb,
food,5d2dd903-a64f-5345-bd46-ab6cbb789bab,,"Pá de carneiro, crua",Pa Mutton Raw,"Shoulder Mutton, Raw",,"[""carneiro"",""mutton"",""lamb"",""crua"",""raw"",""pa""]",pa mutton raw pa mutton raw carneiro lamb,
food,c0719021-2def-5c96-9d9e-f628ec8304d3,,"Pá de carneiro, estufada sem molho",Pa Mutton Stewed Sauce,"Shoulder Mutton, Stewed without Sauce",,"[""carneiro"",""mutton"",""lamb"",""estufada"",""stewed"",""molho"",""sauce"",""pa""]",pa mutton stewed sauce pa mutton stewed sauce carneiro lamb estufada,
food,17260c50-f2bf-5627-8757-03108cad780f,,Pá de vitela crua,Pa Veal Raw,"Shoulder Veal, Raw",,"[""vitela"",""veal"",""crua"",""raw"",""pa""]",pa veal raw pa veal raw vitela,
food,cb3c00db-4207-5202-ba61-c018cabc3e96,,Pão (branco),White Bread,,,"[""pão"",""pães"",""bread"",""branco"",""white"",""trigo"",""wheat"",""pao""]",white bread white bread wheat,
food,465554b5-d353-5db6-997e-234456d864d6,,Pão (integral),Wholegrain Bread,,,"[""pão"",""integral"",""pães"",""integrais"",""wholemeal"",""grain"",""bread"",""trigo"",""wheat"",""pao"",""wholegrain""]",wholegrain bread wholegrain bread integrais wholemeal grain wheat,
food,891764fc-7920-514f-a552-9889c6d164e6,,Pão de Cachorro,Bread Cachorro,,,"[""pão"",""bun"",""cachorro"",""hot"",""dog"",""pao"",""bread""]",bread cachorro bread cachorro bun hot dog,
food,01592812-d76f-53ab-89d3-75846476ac26,,Pão de centeio,Rye Bread,,,"[""pão"",""pao"",""bread"",""centeio"",""rye""]",rye bread rye bread,
food,671e2e81-f657-5f8c-9d13-dfeeb68e5dd2,,Pão de centeio integral,Wholegrain Rye Bread,,,"[""pão"",""pao"",""bread"",""centeio"",""integral"",""wholegrain"",""wholemeal"",""rye""]",wholegrain rye bread wholegrain rye bread wholemeal,
food,20a24392-b597-5ba7-851d-079a0c137d5b,,Pão de Forma,Bread Forma,,Continente,"[""pão"",""forma"",""sliced"",""bread"",""pao"",""continente""]",bread forma continente bread forma continente sliced,
food,94f44457-06a8-5ebe-8acb-99ca23991c74,,"Pão de forma, de trigo com passas",Bread Forma Wheat Passas,,,"[""pão"",""pao"",""bread"",""forma"",""trigo"",""wheat"",""passas"",""passa""]",bread forma wheat passas bread forma wheat passas passa,
food,39820cb6-77a2-5d55-986a-b48dcf87c085,,"Pão de forma, de trigo enriquecido",Bread Forma Wheat,,,"[""pão"",""pao"",""bread"",""forma"",""trigo"",""wheat"",""enriquecido""]",bread forma wheat bread forma wheat,
food,467c356d-d735-55c4-81bd-7c48f413736f,,Pão de Hamburger,Bread Hamburger,,,"[""pão"",""bun"",""hambúrgueres"",""hamburgers"",""burger"",""pao"",""bread"",""hamburger"",""hamburgueres""]",bread hamburger bread hamburger bun hamburgueres hamburgers burger,
food,927b282b-97f2-5b82-8f3a-1ac9213c0d6f,,Pão de leite (trigo),Bread Milk (wheat),,,"[""pão"",""pao"",""bread"",""leite"",""milk"",""trigo"",""wheat""]",bread milk wheat bread milk wheat,
food,9f4fa2d2-2a62-5223-8385-2b9f7cf282f1,,Pão de ló,Bread Lo,,,"[""pão"",""pao"",""bread"",""lo""]",bread lo bread lo,
food,6387c550-a7b4-5869-8dd0-5c1ad3d5c48e,,Pão de milho,Bread,,,"[""pão"",""pao"",""bread"",""milho"",""corn"",""maize""]",bread bread corn maize,
food,f18dcd09-3d14-5d51-9664-2031612bc292,,Pão de mistura de trigo e centeio,Bread Mistura Wheat,Bread Mixed Wheat,,"[""pão"",""pao"",""bread"",""mistura"",""trigo"",""wheat"",""centeio""]",bread mistura wheat bread mistura wheat,
food,71cfb88d-9280-5e7f-b0c1-87625030ff7c,,Pão de trigo,Wheat Bread,,,"[""pão"",""pao"",""bread"",""trigo"",""wheat""]",wheat bread wheat bread,
food,e22727b9-909c-5ccb-bc75-fb2463fab223,,Pão de trigo integral,Wholegrain Wheat Bread,,,"[""pão"",""pao"",""bread"",""trigo"",""wheat"",""integral"",""wholegrain"",""wholemeal""]",wholegrain wheat bread wholegrain wheat bread wholemeal,
food,06fdfb1a-4e2f-5959-85fd-64f6819b3db3,,Pão de trigo integral com passas,Bread Wheat Passas,,,"[""pão"",""pao"",""bread"",""trigo"",""wheat"",""integral"",""wholegrain"",""wholemeal"",""passas"",""passa""]",bread wheat passas bread wheat passas wholegrain wholemeal passa,
food,4625e502-057d-5802-a25c-9e6e0573b949,,Pão de trigo integral com sementes de sésamo,Bread Wheat Seeds Sesamo,,,"[""pão"",""pao"",""bread"",""trigo"",""wheat"",""integral"",""wholegrain"",""wholemeal"",""sementes"",""semente"",""seeds"",""sésamo"",""sesamo""]",bread wheat seeds sesamo bread wheat seeds sesamo wholegrain wholemeal,
food,c829e36d-0175-5a8e-add1-e31c8df8ac54,,Pão de trigo integral com soja,Bread Wheat Soy,,,"[""pão"",""pao"",""bread"",""trigo"",""wheat"",""integral"",""wholegrain"",""wholemeal"",""soja"",""soy""]",bread wheat soy bread wheat soy wholegrain wholemeal,
food,9a9bfef1-fd2a-5e81-9d7d-a07669cbde96,,Pão do coração (trigo),Heart-Healthy Wheat Bread,,,"[""pão"",""pao"",""bread"",""coração"",""coracao"",""trigo"",""wheat"",""heart"",""healthy""]",heart healthy wheat bread heart healthy wheat bread coracao,
food,83685a14-5a26-5137-9dd0-c5b3e39829ff,,Pão pita,Bread Pita,,,"[""pão"",""pao"",""bread"",""pita""]",bread pita bread pita,
food,e729f219-44f3-55ec-b7b7-832a99b63f43,,Pão ralado,Bread Grated,"Bread, Grated",,"[""pão"",""pao"",""bread"",""ralado"",""grated""]",bread grated bread grated,
food,be819059-513b-5887-8159-820642c7297d,,"Pé de porco, cru",Pe Pork Raw,"Pe Pork, Raw",,"[""porco"",""pork"",""cru"",""raw"",""pe""]",pe pork raw pe pork raw,
food,72576f04-b996-570f-b77d-e24181a2da19,,Pêra,Pear (Pears),,,"[""fruta"",""fruit"",""pêras"",""pears"",""pêra"",""pera"",""pear""]",pear pears pear pears,
food,d467383b-5d83-51ff-af54-4cc8a10216e0,,Pêssego,Peach,,,"[""fruta"",""fruit"",""pêssegos"",""peaches"",""pêssego"",""pessego"",""peach""]",peach peach peaches,
food,0d8a17f0-2d7a-52b9-9bfb-392b4892125b,,Pêssego (2 variedades),Peach (2 Varieties),,,"[""pêssego"",""pêssegos"",""pessego"",""pessegos"",""peach"",""peaches"",""fruta"",""fruit"",""varieties""]",peach 2 varieties peach varieties peaches,
food,f59a30ff-fb1f-5c48-845c-9a1e79847d45,,"Pêssego, conserva em calda de açúcar",Peach Canned in Sugar Syrup,,,"[""pêssego"",""pessego"",""peach"",""conserva"",""canned"",""calda"",""açúcar"",""acucar"",""sugar"",""in"",""syrup""]",peach canned in sugar syrup peach canned in sugar syrup,
food,7c02e28c-fe1e-5117-bccf-a6acef8262b9,,Pó achocolatado com alto teor de gordura,High-Fat Chocolate Drink Powder,,,"[""achocolatado"",""alto"",""gordura"",""high"",""fat"",""chocolate"",""drink"",""powder""]",high fat chocolate drink powder high fat chocolate drink powder achocolatado alto gordura,
food,0c66b2dd-3bc2-5b5c-9eee-3ec2f0c895b4,,Pó achocolatado com baixo teor de gordura,Low-Fat Chocolate Drink Powder,,,"[""achocolatado"",""baixo"",""gordura"",""low"",""fat"",""chocolate"",""drink"",""powder""]",low fat chocolate drink powder low fat chocolate drink powder achocolatado baixo gordura,
food,aee0421e-12ae-5edc-b0f6-549e63621ace,,Queijada de queijo fresco,Queijada Cheese Fresh,"Curd Tart Cheese, Fresh",,"[""queijada"",""queijo"",""cheese"",""fresco"",""fresh""]",queijada cheese fresh queijada cheese fresh,
food,3559bcb6-bf92-59f2-8ffd-17d8184fb985,,Queijada de queijo magro,Queijada Cheese Lean,"Curd Tart Cheese, Lean",,"[""queijada"",""queijo"",""cheese"",""magro"",""lean"",""light""]",queijada cheese lean queijada cheese lean light,
food,5ce767dd-1639-5c3c-8976-6d780a6ca204,,Queijada de requeijão,Queijada Requeijao,Curd Tart Curd Cheese,,"[""queijada"",""requeijão"",""requeijao"",""curd"",""cheese""]",queijada requeijao queijada requeijao curd cheese,
food,23e570aa-de50-583d-b50e-82f86b80aa5d,,Queijo,Cheese,,Terra Nostra,"[""queijos"",""cheeses"",""queijo"",""cheese"",""terra"",""nostra""]",cheese terra nostra cheese terra nostra queijos cheeses,
food,cbedc886-45b0-581e-bb3d-68e5349d4d78,,Queijo Amarelo da Beira Baixa,Cheese Beira Baixa,,,"[""queijo"",""cheese"",""amarelo"",""yellow"",""beira"",""baixa""]",cheese beira baixa cheese beira baixa,
food,a2e95471-d58b-5cc3-9559-c97a9310c04d,,Queijo Azul,Cheese Azul,,,"[""quaijo"",""azul"",""blue"",""cheese"",""roquefort"",""gorgonzola"",""queijo""]",cheese azul cheese azul quaijo blue roquefort gorgonzola,
food,637b2358-63ad-5750-9961-2c2fa6f1843f,,Queijo Brie,Cheese Brie,,,"[""queijo"",""cheese"",""brie""]",cheese brie cheese brie,
food,39d01be8-3e45-5853-9fc4-25942c74e44f,,Queijo Camembert,Cheese Camembert (Variant 1),,,"[""queijo"",""cheese"",""camembert"",""variant""]",cheese camembert variant 1 cheese camembert variant,
food,4e108803-f554-5797-aa61-7f4945424132,,Queijo Camembert,Cheese Camembert (Continente),,Continente,"[""queijo"",""camembert"",""cheese"",""continente""]",cheese camembert continente continente cheese camembert continente,
food,05c6e31e-28ca-577b-9e57-2fa1fe2f64bd,,Queijo Cheddar,Cheese Cheddar,,,"[""queijo"",""cheese"",""cheddar""]",cheese cheddar cheese cheddar,
food,5c54d9e9-2c7c-5c2e-8b9c-b8228a58803a,,Queijo creme para barrar,Cream Cheese Spread,,,"[""queijo"",""cheese"",""creme"",""cream"",""barrar"",""spread""]",cream cheese spread cream cheese spread creme,
food,1136e988-0f37-5da7-ba04-23f15c95eec0,,"Queijo creme para barrar, alto teor polinsaturados",Cream Cheese Spread High in Polyunsaturates,,,"[""queijo"",""cheese"",""creme"",""cream"",""barrar"",""alto"",""polinsaturados"",""polinsaturado"",""spread"",""high"",""in"",""polyunsaturates""]",cream cheese spread high in polyunsaturates cream cheese spread high in polyunsaturates creme alto,
food,3c6dac58-2d64-5404-914b-7745b7746972,,Queijo de Azeitão,Cheese Azeitao,Azeitão Cheese,,"[""queijo"",""cheese"",""azeitão"",""azeitao""]",cheese azeitao cheese azeitao,
food,d5bcbf42-dba5-5063-9a12-ffd285b02051,,Queijo de cabra,Cheese Cabra,Cheese Goat,,"[""queijo"",""cheese"",""cabra""]",cheese cabra cheese cabra,
food,e2f26763-3291-5906-be17-4830884f3a35,,Queijo de Cabra (macio),Cheese Cabra (macio),Cheese Goat (Soft),,"[""queijos"",""cabra"",""goat"",""cheese"",""queijo"",""macio""]",cheese cabra macio cheese cabra macio queijos goat,
food,ec522d27-afac-5c05-936f-49c83acadf5a,,"Queijo de cabra atabafado, curado",Aged Atabafado Goat Cheese,Aged Wrapped Goat Cheese,,"[""queijo"",""cheese"",""cabra"",""atabafado"",""curado"",""aged"",""goat""]",aged atabafado goat cheese aged atabafado goat cheese cabra curado,
food,51642835-7d19-5151-8c5d-1d0c4fdca8e4,,"Queijo de cabra atabafado, fresco",Cheese Cabra Atabafado Fresh,"Cheese Goat Wrapped, Fresh",,"[""queijo"",""cheese"",""cabra"",""atabafado"",""fresco"",""fresh""]",cheese cabra atabafado fresh cheese cabra atabafado fresh,
food,6f5963a9-f75f-5b7d-99d0-a2862e13766b,,Queijo de cabra curado,Aged Goat Cheese,,,"[""queijo"",""cheese"",""cabra"",""curado"",""queijos"",""goat"",""aged""]",aged goat cheese aged goat cheese cabra curado queijos,
food,601c03b0-b77b-5983-a5c5-fe50db537a29,,Queijo de Castelo Branco,Cheese Castelo White,,,"[""queijo"",""cheese"",""castelo"",""branco"",""white""]",cheese castelo white cheese castelo white,
food,e36c01e9-6687-57a5-b9c5-87ce774adbec,,"Queijo de mistura (vaca, cabra e ovelha)",Cheese Mistura (beef Cabra Ovelha),Cheese Mixed (beef Goat Sheep),,"[""queijo"",""cheese"",""mistura"",""vaca"",""beef"",""cabra"",""ovelha""]",cheese mistura beef cabra ovelha cheese mistura beef cabra ovelha vaca,
food,5024ff3f-c9f8-5740-b3c8-c0c7e5f2596c,,Queijo de Nisa,Cheese Nisa,,,"[""queijo"",""cheese"",""nisa""]",cheese nisa cheese nisa,
food,7b703bf9-6e4b-5807-930e-e03f586f5170,,Queijo de ovelha curado,Aged Sheep Cheese,,,"[""queijo"",""cheese"",""ovelha"",""curado"",""aged"",""sheep""]",aged sheep cheese aged sheep cheese ovelha curado,
food,06fbb0bd-b5dd-5ad1-a72f-6d3a0e601f67,,"Queijo de ovelha, amanteigado",Cheese Ovelha Amanteigado,"Cheese Sheep, Creamy",,"[""queijo"",""cheese"",""ovelha"",""amanteigado""]",cheese ovelha amanteigado cheese ovelha amanteigado,
food,bca985ec-6b66-55d7-80e7-c790207f68fe,,Queijo de vaca curado,Aged Cow Cheese,,,"[""queijo"",""cheese"",""vaca"",""beef"",""curado"",""aged"",""cow""]",aged cow cheese aged cow cheese vaca beef curado,
food,f9acdcec-6ade-5053-a90f-ec5f13bccf82,,"Queijo de vaca curado, magro",Lean Aged Cow Cheese,,,"[""queijo"",""cheese"",""vaca"",""beef"",""curado"",""magro"",""lean"",""light"",""aged"",""cow""]",lean aged cow cheese lean aged cow cheese vaca beef curado light,
food,bb238ed1-4259-5764-813b-6449b2b34751,,"Queijo de vaca curado, meio gordo",Semi-Fat Aged Cow Cheese,,,"[""queijo"",""cheese"",""vaca"",""beef"",""curado"",""meio"",""gordo"",""fatty"",""semi"",""fat"",""aged"",""cow""]",semi fat aged cow cheese semi fat aged cow cheese vaca beef curado fatty,
food,42914590-2ccd-5b9e-8a6e-fe6c27779a7f,,"Queijo de vaca, amanteigado",Cheese Beef Amanteigado,"Cheese Beef, Creamy",,"[""queijo"",""cheese"",""vaca"",""beef"",""amanteigado""]",cheese beef amanteigado cheese beef amanteigado vaca,
food,15c44f78-599e-5b86-8fc5-05a122806b76,,Queijo de Évora,Cheese Evora,,,"[""queijo"",""cheese"",""évora"",""evora""]",cheese evora cheese evora,
food,535f91b2-ca3f-56d3-bed0-03e34ed5a339,,Queijo Emmental,Cheese Emmental,,,"[""queijo"",""cheese"",""emmental""]",cheese emmental cheese emmental,
food,cbd7ed39-c123-520c-89bf-bebae47992b3,,Queijo flamengo,Cheese Flamengo,,,"[""queijo"",""cheese"",""flamengo""]",cheese flamengo cheese flamengo,
food,efe8bee1-e06d-5858-a5d5-5adfef28d65c,,Queijo flamengo light (-50% gordura),Cheese Flamengo Light (gordura),,,"[""queijo"",""cheese"",""flamengo"",""light"",""50%"",""gordura"",""50""]",cheese flamengo light gordura cheese flamengo light gordura 50,
food,b5d4e4f8-5bb5-5bf3-b8e9-977fa520bb59,,Queijo fresco (meio gordo),Fresh Queijos,Fresh Cheese,Amanhecer,"[""queijos"",""frescos"",""fresh"",""cheeses"",""queijo"",""cheese"",""fresco"",""meio"",""gordo"",""fatty"",""amanhecer""]",fresh queijos amanhecer fresh queijos amanhecer cheeses cheese fatty,
food,06e57e19-c3c6-53d3-a9b4-92affe50d238,,Queijo fresco açucarado com sabor a fruta,Sweetened Fresh Cheese with Fruit Flavour,,,"[""queijo"",""cheese"",""fresco"",""açucarado"",""acucarado"",""sweetened"",""sabor"",""fruta"",""fruit"",""fresh"",""with"",""flavour""]",sweetened fresh cheese with fruit flavour sweetened fresh cheese with fruit flavour sabor,
food,94fc2554-d179-5268-a21d-c2d7b799c4d0,,Queijo fresco de cabra,Cheese Fresh Cabra,Cheese Fresh Goat,,"[""queijo"",""cheese"",""fresco"",""cabra"",""fresh""]",cheese fresh cabra cheese fresh cabra,
food,9f45246f-3579-55ea-8358-d7e8b6edeae1,,Queijo fresco de ovelha,Cheese Fresh Ovelha,Cheese Fresh Sheep,,"[""queijo"",""cheese"",""fresco"",""ovelha"",""fresh""]",cheese fresh ovelha cheese fresh ovelha,
food,249e197a-7d74-5005-a594-3e70b03dcb84,,Queijo fresco magro,Cheese Fresh Lean,"Cheese Fresh, Lean",,"[""queijo"",""cheese"",""fresco"",""magro"",""lean"",""light"",""fresh""]",cheese fresh lean cheese fresh lean light,
food,c8b2a58a-0f33-5654-9849-9ee664e0cab6,,Queijo fresco meio gordo,Semi-Fat Fresh Cheese,,,"[""queijo"",""cheese"",""fresco"",""meio"",""gordo"",""fatty"",""semi"",""fat"",""fresh""]",semi fat fresh cheese semi fat fresh cheese fatty,
food,6b5df1b4-becd-5965-a86d-49f679501778,,Queijo fundido 40% gordura,Cheese Fundido Gordura,,,"[""queijo"",""cheese"",""fundido"",""40%"",""gordura"",""40""]",cheese fundido gordura cheese fundido gordura 40,
food,c625e6f1-6eda-50e0-82b9-62a1b29e1bd1,,Queijo Gouda,Cheese Gouda,,,"[""queijo"",""cheese"",""gouda""]",cheese gouda cheese gouda,
food,012d1113-14da-5563-a7f8-0d6144dd2233,,Queijo Gruyère,Cheese Gruyere,,,"[""queijo"",""cheese"",""gruyère"",""gruyere""]",cheese gruyere cheese gruyere,
food,a57ba9ba-e38b-593a-88d4-30a4c634f9a2,,Queijo Mascarpone,Cheese Mascarpone,,,"[""queijo"",""cheese"",""mascarpone""]",cheese mascarpone cheese mascarpone,
food,e6f06005-b762-56ed-b3b1-26f1cbdf1735,,Queijo Mestiço de Tolosa,Cheese Mestico Tolosa,,,"[""queijo"",""cheese"",""mestiço"",""mestico"",""tolosa""]",cheese mestico tolosa cheese mestico tolosa,
food,fd0ddd2f-ac95-5ff1-8de3-c4dce9e57e7f,,Queijo Mozzarella,Cheese Mozzarella,,Continente,"[""queijo"",""mozzarella"",""cheese"",""continente""]",cheese mozzarella continente cheese mozzarella continente,
food,325606ac-5572-5c04-af76-64d25500572c,,Queijo Mozzarella fresco,Cheese Mozzarella Fresh,"Cheese Mozzarella, Fresh",,"[""queijo"",""cheese"",""mozzarella"",""fresco"",""fresh""]",cheese mozzarella fresh cheese mozzarella fresh,
food,71954c94-c17a-597d-9ac8-330bbb91b5a8,,Queijo Mozzarella ralado,Cheese Mozzarella Grated,"Cheese Mozzarella, Grated",Continente,"[""queijo"",""mozzarella"",""cheese"",""ralado"",""continente"",""grated""]",cheese mozzarella grated continente cheese mozzarella grated continente,
food,00b99c72-aaeb-54a0-8346-b7e4438c50b8,,Queijo Parmesão,Cheese Parmesao,Parmesan Cheese,,"[""queijo"",""parmesão"",""parmigiano"",""cheese"",""parmesao""]",cheese parmesao cheese parmesao parmigiano,
food,0cbbde7a-4abb-5e27-ad1b-798e224daf05,,Queijo Philadelphia,Cheese Philadelphia,,,"[""queijo"",""philadelphia"",""cheese"",""cream"",""spreads""]",cheese philadelphia cheese philadelphia cream,
food,3a8b932b-495c-546c-b29a-3c32653e4346,,Queijo Quark açucarado magro com sabor a fruta,Cheese Quark Lean Sabor,,,"[""queijo"",""cheese"",""quark"",""açucarado"",""acucarado"",""sweetened"",""magro"",""lean"",""light"",""sabor"",""fruta"",""fruit""]",cheese quark lean sabor cheese quark lean sabor sweetened light,
food,bf2d0777-97a6-5ccd-8675-7dc48b396bb4,,Queijo Quark natural magro,Cheese Quark Lean,"Cheese Quark, Lean",,"[""queijo"",""cheese"",""quark"",""magro"",""lean"",""light""]",cheese quark lean cheese quark lean light,
food,7d99fb52-8aa2-52d6-ae27-7a5b0a2530bc,,Queijo Quark natural meio gordo,Semi-Fat Natural Quark,,,"[""queijo"",""cheese"",""quark"",""meio"",""gordo"",""fatty"",""semi"",""fat"",""natural""]",semi fat natural quark semi fat natural quark cheese fatty,
food,70875ae6-ab32-52a0-9228-f9e75e19848f,,Queijo Raclette,Cheese Raclette,,,"[""queijo"",""cheese"",""raclette""]",cheese raclette cheese raclette,
food,fa335740-d8b8-51d8-8604-7775d722c4c2,,Queijo Ricotta,Cheese Ricotta,,Galbani,"[""queijo"",""ricotta"",""cheese"",""galbani""]",cheese ricotta galbani cheese ricotta galbani,
food,1dbc553d-aae1-5f2d-acca-0791a8526244,,Queijo Roquefort,Cheese Roquefort,,,"[""queijo"",""cheese"",""roquefort""]",cheese roquefort cheese roquefort,
food,e7985de5-4e6b-5889-919a-8ecc4dcc06aa,,Queijo Serpa,Cheese Serpa,,,"[""queijo"",""cheese"",""serpa""]",cheese serpa cheese serpa,
food,bc42db91-30fb-5d7f-bcf2-dfa23501d5ae,,Queijo Serra da Estrela,Cheese Serra Estrela,,,"[""queijo"",""cheese"",""serra"",""estrela""]",cheese serra estrela cheese serra estrela,
food,6d723397-0a2b-5334-8129-9edad287f6a7,,"Queijo Serra da Estrela, velho",Cheese Serra Estrela Velho,Aged Serra da Estrela Cheese,,"[""queijo"",""cheese"",""serra"",""estrela"",""velho""]",cheese serra estrela velho cheese serra estrela velho,
food,77ce62a9-aeb1-57c2-8b93-b957c90e9140,,Queijo São Jorge,Cheese Sao Jorge,São Jorge Cheese,,"[""queijo"",""cheese"",""são"",""sao"",""jorge""]",cheese sao jorge cheese sao jorge,
food,66fd5cf6-8d05-539a-abe6-e579494c1d6c,,Queque,Queque,,,"[""queque""]",queque queque,
food,d7c85915-f912-564d-b725-ac32c9c0d6c4,,Quiabo cru,Quiabo Raw,"Quiabo, Raw",,"[""quiabo"",""cru"",""raw""]",quiabo raw quiabo raw,
food,4ab8fa7d-a2c9-523c-8c86-ca5e487057a0,,Quiche de espinafres,Spinach Quiche,,,"[""quiche"",""espinafres"",""espinafre"",""spinach""]",spinach quiche spinach quiche espinafres espinafre,
food,a66eb2a3-d375-58e1-9902-946cbed109fd,,Quiche de vegetais,Quiche Vegetables,,,"[""quiche"",""vegetais"",""vegetai"",""vegetables""]",quiche vegetables quiche vegetables vegetai,
food,5af7bf1c-b736-565c-a105-1c653912f7bb,,Quiche lorraine,Quiche Lorraine,,,"[""quiche"",""lorraine""]",quiche lorraine quiche lorraine,
food,2808f4fb-9279-57fe-9a23-83da7f552648,,Rabanada,Rabanada,,,"[""rabanada""]",rabanada rabanada,
food,a014f5a3-69e1-5fd8-9321-86c5a89e08fd,,Rabanete,Rabanete,Radish,,"[""rabanetes"",""radishes"",""rabanete"",""radish""]",rabanete rabanete rabanetes radishes radish,
food,abd888df-56d2-54a2-bf85-56df58b95e68,,Rabanete cru,Rabanete Raw,"Radish, Raw",,"[""rabanete"",""rabanetes"",""radish"",""radishes"",""raw"",""cru"",""legume"",""vegetable""]",rabanete raw rabanete raw rabanetes radish radishes,
food,4fd2f395-59ff-5ce4-9d6c-190fe489fe6c,,Raia crua,Raia Raw,"Skate, Raw",,"[""raia"",""crua"",""raw""]",raia raw raia raw,
food,1c126956-bdcc-5ab3-9d61-6d331a78d7b8,,"Rancho com carne de galinha, porco e vaca","Rancho with Chicken, Pork and Beef",,,"[""rancho"",""carne"",""meat"",""galinha"",""porco"",""pork"",""vaca"",""beef"",""with"",""chicken"",""and""]",rancho with chicken pork and beef rancho with chicken pork and beef galinha vaca,
food,687a88a8-b6e4-5467-8329-e2fa26740345,,Rancho com carne de porco,Rancho with Pork,,,"[""rancho"",""carne"",""meat"",""porco"",""pork"",""with""]",rancho with pork rancho with pork,
food,3ce16a4e-6fcc-5fc8-a1f2-dd6db6ebc095,,Raspas de limão,Raspas Lemon,,,"[""limão"",""limões"",""lemons"",""raspas"",""zest"",""raspa"",""limao"",""lemon""]",raspas lemon raspas lemon lemons zest raspa,
food,163c888d-9ae8-5cc5-ae22-cd9d4c1ec641,,Rebentos de alfalfa crus,Rebentos Alfalfa,Sprouts Alfalfa,,"[""rebentos"",""rebento"",""alfalfa"",""crus"",""raw""]",rebentos alfalfa rebentos alfalfa rebento,
food,6f3956d4-a78a-5521-b1ca-a1562b2df045,,Rebentos de bambu crus,Rebentos Bambu,Sprouts Bamboo,,"[""rebentos"",""rebento"",""bambu"",""crus"",""raw""]",rebentos bambu rebentos bambu rebento,
food,14740169-dbf0-5789-bd0a-2931d907318d,,Rebentos de soja crus,Rebentos Soy,Sprouts Soy,,"[""rebentos"",""rebento"",""soja"",""soy"",""crus"",""raw""]",rebentos soy rebentos soy rebento,
food,9038b4b7-aa82-5b47-a0b2-193db1212ce7,,Rebuçados,Rebucados,,,"[""rebuçados"",""rebucados"",""rebuçado"",""rebucado""]",rebucados rebucados rebucado,
food,900991ac-38f0-5bd6-aa31-9aa7c3818f39,,Repolho,Cabbage,,,"[""couve"",""cabbage"",""roxa"",""red"",""repolho""]",cabbage cabbage,
food,716a954e-ba76-5d9d-9f52-06ef9c446142,,Requeijão de cabra,Requeijao Cabra,Curd Cheese Goat,,"[""requeijão"",""requeijao"",""curd"",""cheese"",""cabra""]",requeijao cabra requeijao cabra curd cheese,
food,bcb9d3c5-d328-59ad-aa9b-b7a6d1da9d85,,Requeijão de mistura (ovelha e cabra),Requeijao Mistura (ovelha Cabra),Curd Cheese Mixed (Sheep Goat),,"[""requeijão"",""requeijao"",""curd"",""cheese"",""mistura"",""ovelha"",""cabra""]",requeijao mistura ovelha cabra requeijao mistura ovelha cabra curd cheese,
food,7d3d78ac-593e-5ae7-a9d7-724451d0b3a3,,"Requeijão de mistura (vaca, ovelha e cabra)",Requeijao Mistura (beef Ovelha Cabra),Curd Cheese Mixed (beef Sheep Goat),,"[""requeijão"",""requeijao"",""curd"",""cheese"",""mistura"",""vaca"",""beef"",""ovelha"",""cabra""]",requeijao mistura beef ovelha cabra requeijao mistura beef ovelha cabra curd cheese vaca,
food,c0c8e3f7-14a9-5cc6-ac7b-983f7301f138,,Requeijão de ovelha,Requeijao Ovelha,Curd Cheese Sheep,,"[""requeijão"",""requeijao"",""curd"",""cheese"",""ovelha""]",requeijao ovelha requeijao ovelha curd cheese,
food,8b06c2a3-6520-5c81-ad45-f68d7082a217,,Requeijão de vaca,Requeijao Beef,Curd Cheese Beef,,"[""requeijão"",""requeijao"",""curd"",""cheese"",""vaca"",""beef""]",requeijao beef requeijao beef curd cheese vaca,
food,8a20e4d4-0868-5e93-a312-42c86b586b07,,"Rim de carneiro, cru",Rim Mutton Raw,"Kidney Mutton, Raw",,"[""rim"",""carneiro"",""mutton"",""lamb"",""cru"",""raw""]",rim mutton raw rim mutton raw carneiro lamb,
food,53d48e98-de32-528d-9bf3-415c58c2cd7e,,"Rim de carneiro, frito com margarina",Rim Mutton Fried Margarine,Kidney Mutton Fried Margarine,,"[""rim"",""carneiro"",""mutton"",""lamb"",""frito"",""fried"",""margarina"",""margarine""]",rim mutton fried margarine rim mutton fried margarine carneiro lamb margarina,
food,9028f2d7-4fa9-5d49-86ca-ecdfc9e9fd55,,"Rim de porco, cru",Rim Pork Raw,"Kidney Pork, Raw",,"[""rim"",""porco"",""pork"",""cru"",""raw""]",rim pork raw rim pork raw,
food,d5285cd7-95c1-5d03-a302-a1f126a5748b,,"Rim de porco, frito com margarina",Rim Pork Fried Margarine,Kidney Pork Fried Margarine,,"[""rim"",""porco"",""pork"",""frito"",""fried"",""margarina"",""margarine""]",rim pork fried margarine rim pork fried margarine margarina,
food,41223de7-46fb-5396-a0d8-0aa2f3751ca4,,"Rim de vaca, cru",Rim Beef Raw,"Kidney Beef, Raw",,"[""rim"",""vaca"",""beef"",""cru"",""raw""]",rim beef raw rim beef raw vaca,
food,485990cf-7b6d-5524-a118-289c01d1df5b,,Rissol,Rissol,,,"[""rissol""]",rissol rissol,
food,5ee5b81b-87bf-5d10-a06d-7f78264c5abf,,Rissol de bacalhau,Cod Rissol,,,"[""rissol"",""rissóis"",""bacalhau"",""codfish"",""cod"",""rissois""]",cod rissol cod rissol rissois codfish,
food,11987ba7-eec9-503a-a37b-b44194540c02,,Rissol de camarão,Shrimp Rissol,,,"[""rissol"",""camarão"",""camarao"",""shrimp"",""prawn"",""rissóis"",""rissois""]",shrimp rissol shrimp rissol camarao prawn rissois,
food,3e1c7178-a3e9-5569-8847-f643bb179a92,,Rissol de carne com manteiga,Meat with Butter Rissol,,,"[""rissol"",""carne"",""meat"",""manteiga"",""butter"",""with""]",meat with butter rissol meat with butter rissol,
food,6f4bfa74-6f0b-5083-9fd5-62f80f9d4ab9,,Rissol de carne com margarina,Meat with Margarine Rissol,,,"[""rissol"",""carne"",""meat"",""margarina"",""margarine"",""with""]",meat with margarine rissol meat with margarine rissol margarina,
food,5a8d1d75-6c2e-580d-9106-7fb9593a9ddc,,Rissol de Queijo e Fiambre,Cheese and Ham Rissol,,,"[""rissóis"",""rissol"",""dough"",""queijo"",""cheese"",""fiambre"",""ham"",""rissois"",""rissói"",""and"",""rissoi""]",cheese and ham rissol cheese and ham rissol rissois dough fiambre rissoi,
food,9aa6fd0e-a7bd-5b8c-b466-9a77e9203ec0,,"Robalo assado com cebola, azeite, banha e manteiga",Robalo Roasted Onion Olive Oil Lard Butter,Sea Bass Roasted Onion Olive Oil Lard Butter,,"[""robalo"",""assado"",""roasted"",""cebola"",""onion"",""azeite"",""olive"",""oil"",""banha"",""manteiga"",""butter"",""lard""]",robalo roasted onion olive oil lard butter robalo roasted onion olive oil lard butter banha,
food,bfd0794c-fb36-5962-b4f8-0f052bb5fb84,,Robalo cozido,Robalo Cooked,"Sea Bass, Cooked",,"[""robalo"",""cozido"",""cooked"",""boiled""]",robalo cooked robalo cooked,
food,e71e12a1-72cb-548f-982c-eb9e6bf8745c,,Robalo cru,Robalo Raw,"Sea Bass, Raw",,"[""robalo"",""cru"",""raw""]",robalo raw robalo raw,
food,8e2b7dc9-dc71-5330-94b2-dc9ffd81df3e,,Robalo grelhado,Robalo Grilled,"Sea Bass, Grilled",,"[""robalo"",""grelhado"",""grilled""]",robalo grilled robalo grilled,
food,333a21c3-1b2d-54f4-85d9-b98e377b7ee2,,Rojões de carne gorda,Rojoes Fat,Pork Pieces Fat,,"[""rojões"",""rojoes"",""rojõe"",""rojão"",""carne"",""meat"",""gorda"",""fatty"",""fat"",""rojoe"",""rojao""]",rojoes fat rojoes fat rojoe rojao gorda fatty,
food,639b7248-3769-5c69-b33a-a346b7b0b077,,Rojões de carne magra,Rojoes Magra,"Pork Pieces, Lean",,"[""rojões"",""rojoes"",""rojõe"",""rojão"",""carne"",""meat"",""magra"",""lean"",""light"",""rojoe"",""rojao""]",rojoes magra rojoes magra rojoe rojao lean light,
food,625f48a9-e45f-56b0-bb16-2ed4aa0c597f,,Romã,Roma,Pomegranate,,"[""romã"",""roma""]",roma roma,
food,72c0d08b-c4b1-5778-9914-726ca7d76707,,Rábano cru,Rabano Raw,"Rabano, Raw",,"[""rábano"",""rabano"",""cru"",""raw""]",rabano raw rabano raw,
food,4b15ff8c-d2ec-5c6f-97ce-2a47ba095063,,Rúcula crua,Rucula Raw,"Rocket, Raw",,"[""rúcula"",""rucula"",""crua"",""raw""]",rucula raw rucula raw,
food,325b2e11-e308-5e42-b149-02fd2610871a,,Safio cru,Safio Raw,"Conger Eel, Raw",,"[""safio"",""cru"",""raw""]",safio raw safio raw,
food,8e2a0f00-e230-5610-bd2d-2456bc23d12f,,Sal,Salt,,,"[""sal"",""salt""]",salt salt,
food,532f19df-f01a-57b9-8514-3280f0a4de75,,Salada de alface e tomate temperada com azeite e vinagre,Lettuce and Tomato Salad with Olive Oil and Vinegar,,,"[""salada"",""alface"",""lettuce"",""tomate"",""tomato"",""temperada"",""azeite"",""olive"",""oil"",""vinagre"",""vinegar"",""and"",""salad"",""with""]",lettuce and tomato salad with olive oil and vinegar lettuce and tomato salad with olive oil vinegar salada temperada,
food,1e51a026-2029-59cf-826e-35498e9ea597,,Salada de atum,Tuna Salad,,,"[""salada"",""atum"",""tuna"",""salad""]",tuna salad tuna salad salada,
food,12d177e5-49a2-5168-8ad9-69923f2578cc,,Salada de bacalhau com grão,Cod and Chickpea Salad,,,"[""salada"",""bacalhau"",""cod"",""grão"",""grao"",""chickpea"",""and"",""salad""]",cod and chickpea salad cod and chickpea salad salada grao,
food,6af65415-e342-5ea6-b3f3-8a08ce6cc4c1,,Salada russa,Russian Salad,,,"[""salada"",""russa"",""russian"",""salad""]",russian salad russian salad salada russa,
food,94c66554-aa43-57bc-967d-7d9db3ee2c45,,Salame,Salame,,,"[""salame""]",salame salame,
food,db2c566c-74dd-5aa7-ac91-fa40eeaf8d04,,Salicórnia fresca,Salicornia Fresh,"Salicornia, Fresh",,"[""salicórnia"",""salicornia"",""fresca"",""fresh""]",salicornia fresh salicornia fresh,
food,f577fd0b-2b55-5b93-b459-f34a9fff86b7,,Salmonete cru,Salmonete Raw,"Red Mullet, Raw",,"[""salmonete"",""cru"",""raw""]",salmonete raw salmonete raw,
food,d3f50957-4999-5aad-9dff-4987b811aa2b,,Salmão cozido,Salmao Cooked,"Salmon, Cooked",,"[""salmão"",""salmao"",""salmon"",""cozido"",""cooked"",""boiled""]",salmao cooked salmao cooked salmon,
food,fbaf7279-713a-54b4-842e-577c859d2581,,Salmão cru,Salmao Raw,"Salmon, Raw",,"[""salmão"",""salmao"",""salmon"",""cru"",""raw""]",salmao raw salmao raw salmon,
food,cf2c48c8-5fb0-5402-a0df-289b5a491f50,,Salmão fumado,Salmao Smoked,"Salmon, Smoked",Continente,"[""salmão"",""fumado"",""smoked"",""salmon"",""salmao"",""continente""]",salmao smoked continente salmao smoked continente salmon,
food,7a4b0c4d-274c-53e5-a86b-0710580cb499,,Salmão grelhado,Salmao Grilled,"Salmon, Grilled",,"[""salmão"",""salmao"",""salmon"",""grelhado"",""grilled""]",salmao grilled salmao grilled salmon,
food,0480a92a-7201-5637-978a-4ea094447d3c,,Salpicão,Salpicao,Salpicão Sausage,,"[""salpicão"",""salpicao""]",salpicao salpicao,
food,62e01d60-3e37-5b0e-9bdd-67c17c6939e0,,Salsa fresca,Salsa Fresh,"Parsley, Fresh",,"[""salsa"",""parsley"",""fresca"",""fresh""]",salsa fresh salsa fresh parsley,
food,b1686e39-16e0-56d5-844f-2c83d35bd7a6,,Salsa seca,Salsa Dried,"Parsley, Dried",,"[""salsa"",""parsley"",""seca"",""dried""]",salsa dried salsa dried parsley,
food,9142bf9e-acf2-51e1-803e-a880bc4e9a6a,,Salsicha de soja,Salsicha Soy,Sausage Soy,,"[""salsicha"",""sausage"",""soja"",""soy""]",salsicha soy salsicha soy sausage,
food,76de3be4-dbb1-582f-b053-87b471ad279e,,Salsicha fresca crua,Salsicha Fresh Raw,"Sausage Fresh, Raw",,"[""salsicha"",""sausage"",""fresca"",""crua"",""raw"",""fresh""]",salsicha fresh raw salsicha fresh raw sausage,
food,9399e107-c852-5f99-8bd7-a66489fb98b7,,Salsicha fresca estufada com couve e azeite,Salsicha Fresh Stewed Cabbage Olive Oil,Sausage Fresh Stewed Cabbage Olive Oil,,"[""salsicha"",""sausage"",""fresca"",""estufada"",""stewed"",""couve"",""cabbage"",""kale"",""azeite"",""olive"",""oil"",""fresh""]",salsicha fresh stewed cabbage olive oil salsicha fresh stewed cabbage olive oil sausage estufada kale,
food,a604a655-bd86-5ad6-ae81-f77fe2885b17,,Salsicha fresca estufada com legumes e azeite,Salsicha Fresh Stewed Olive Oil,Sausage Fresh Stewed Olive Oil,,"[""salsicha"",""sausage"",""fresca"",""estufada"",""stewed"",""legumes"",""legume"",""azeite"",""olive"",""oil"",""fresh""]",salsicha fresh stewed olive oil salsicha fresh stewed olive oil sausage estufada,
food,0494e22f-0561-5d77-a9f9-6c3f23f30e7a,,Salsicha tipo Frankfurt,Salsicha Tipo Frankfurt,Frankfurt-Style Sausage,,"[""salsicha"",""sausage"",""frankfurt"",""tipo""]",salsicha tipo frankfurt salsicha tipo frankfurt sausage,
food,cc6380a0-baa8-5408-a374-ea27d6d1386a,,Salsicha tipo Frankfurt frita (escorrido o óleo) sem adição de sal,Salsicha Tipo Frankfurt Fried (escorrido O Oleo) without Added Salt,"Frankfurt-Style Sausage, Fried (Drained O Oil) without Added Salt",,"[""salsicha"",""sausage"",""frankfurt"",""frita"",""fried"",""escorrido"",""óleo"",""oleo"",""oil"",""sal"",""salt"",""tipo"",""without"",""added""]",salsicha tipo frankfurt fried escorrido o oleo without added salt salsicha tipo frankfurt fried escorrido oleo without added salt sausage frita oil,
food,0c2ac136-4e7f-59af-b392-01fd3ff8ad3f,,Salsicha tipo Frankfurt grelhada sem adição de sal,Salsicha Tipo Frankfurt Grilled without Added Salt,"Frankfurt-Style Sausage, Grilled without Added Salt",,"[""salsicha"",""sausage"",""frankfurt"",""grelhada"",""grilled"",""sal"",""salt"",""tipo"",""without"",""added""]",salsicha tipo frankfurt grilled without added salt salsicha tipo frankfurt grilled without added salt sausage,
food,d1e16baf-457b-5676-a578-9f2c76ea51cd,,"Sangue de porco, cru",Sangue Pork Raw,"Sangue Pork, Raw",,"[""sangue"",""porco"",""pork"",""cru"",""raw""]",sangue pork raw sangue pork raw,
food,fcffc4e1-eb6b-5824-8d8f-64353606eaa8,,Sapateira crua,Sapateira Raw,"Spider Crab, Raw",,"[""sapateira"",""crua"",""raw""]",sapateira raw sapateira raw,
food,2bb77074-3616-5e1c-8a99-a861cb0b8172,,Sarda cozida,Sarda Cooked,"Chub Mackerel, Cooked",,"[""sarda"",""cozida"",""cooked"",""boiled""]",sarda cooked sarda cooked,
food,b1f985c8-540f-57cd-b17a-bf9a56799b14,,Sarda crua,Sarda Raw,"Chub Mackerel, Raw",,"[""sarda"",""crua"",""raw""]",sarda raw sarda raw,
food,effbb4e3-9558-50bc-bb00-e07c257af8db,,Sarda grelhada,Sarda Grilled,"Chub Mackerel, Grilled",,"[""sarda"",""grelhada"",""grilled""]",sarda grilled sarda grilled,
food,b78bd32c-240a-5ec2-95ee-5f36dfe15e28,,Sardinha (crua),Sardinha (raw),Sardine (raw),,"[""sardinhas"",""assadas"",""roasted"",""sardines"",""sardinha"",""sardine"",""crua"",""raw""]",sardinha raw sardinha raw sardinhas sardines sardine,
food,7cce1de8-40db-5a79-8d03-fa35c7ae8388,,Sardinha assada na brasa,Sardinha Roasted Brasa,Sardine Roasted Charcoal Grill,,"[""sardinhas"",""assadas"",""roasted"",""sardines"",""sardinha"",""sardine"",""assada"",""brasa""]",sardinha roasted brasa sardinha roasted brasa sardinhas sardines sardine,
food,27f75d3a-1dc2-5df0-9fd7-5710518c7e59,,Sardinha frita,Sardinha Fried,"Sardine, Fried",,"[""sardinha"",""sardine"",""frita"",""fried""]",sardinha fried sardinha fried sardine frita,
food,0d33f2c5-0229-55c1-a5a9-a942c0eac637,,Sardinha gorda crua,Sardinha Fat Raw,"Sardine Fat, Raw",,"[""sardinha"",""sardine"",""gorda"",""fatty"",""crua"",""raw"",""fat""]",sardinha fat raw sardinha fat raw sardine gorda fatty,
food,43bd8bb0-a541-5350-a965-99ca329f8723,,Sardinha gorda frita,Sardinha Fat Fried,"Sardine Fat, Fried",,"[""sardinha"",""sardine"",""gorda"",""fatty"",""frita"",""fried"",""fat""]",sardinha fat fried sardinha fat fried sardine gorda fatty frita,
food,c832be99-fc3e-548e-b58c-e837e1a4380d,,Sardinha gorda grelhada,Sardinha Fat Grilled,"Sardine Fat, Grilled",,"[""sardinha"",""sardine"",""gorda"",""fatty"",""grelhada"",""grilled"",""fat""]",sardinha fat grilled sardinha fat grilled sardine gorda fatty,
food,2c2c569b-8558-5ef1-a77d-96c180a9ecf7,,Sardinha meio gorda conserva em azeite,Sardinha Semi-fat Canned Olive Oil,Sardine Semi-fat Canned Olive Oil,,"[""sardinha"",""sardine"",""meio"",""gorda"",""fatty"",""conserva"",""canned"",""azeite"",""olive"",""oil"",""semi"",""fat""]",sardinha semi fat canned olive oil sardinha semi fat canned olive oil sardine gorda fatty,
food,3cfbbd93-3813-5f34-b075-a07b99b415da,,Sardinha meio gorda conserva em azeite (escorrido),Sardinha Semi-fat Canned Olive Oil (escorrido),Sardine Semi-fat Canned Olive Oil (Drained),,"[""sardinha"",""sardine"",""meio"",""gorda"",""fatty"",""conserva"",""canned"",""azeite"",""olive"",""oil"",""escorrido"",""semi"",""fat""]",sardinha semi fat canned olive oil escorrido sardinha semi fat canned olive oil escorrido sardine gorda fatty,
food,e0cde794-04a9-513a-943e-630067f56c3f,,"Sardinha meio gorda conserva em água, sem espinha e sem pele",Sardinha Semi-fat Canned Water Espinha Skinless,"Sardine Semi-fat Canned Water Boneless, Skinless",,"[""sardinha"",""sardine"",""meio"",""gorda"",""fatty"",""conserva"",""canned"",""água"",""agua"",""water"",""espinha"",""pele"",""semi"",""fat"",""skinless""]",sardinha semi fat canned water espinha skinless sardinha semi fat canned water espinha skinless sardine gorda fatty pele,
food,65e51a21-061c-5e69-b69a-acf542c92ecd,,Sardinha meio gorda crua,Sardinha Semi-fat Raw,"Sardine Semi-fat, Raw",,"[""sardinha"",""sardine"",""meio"",""gorda"",""fatty"",""crua"",""raw"",""semi"",""fat""]",sardinha semi fat raw sardinha semi fat raw sardine gorda fatty,
food,4b260566-737b-5956-b8da-163694c39e3a,,Sardinha meio gorda frita,Sardinha Semi-fat Fried,"Sardine Semi-fat, Fried",,"[""sardinha"",""sardine"",""meio"",""gorda"",""fatty"",""frita"",""fried"",""semi"",""fat""]",sardinha semi fat fried sardinha semi fat fried sardine gorda fatty frita,
food,4cb609a2-9b66-522c-991d-27bb939bf0d1,,Sardinha meio gorda grelhada,Sardinha Semi-fat Grilled,"Sardine Semi-fat, Grilled",,"[""sardinha"",""sardine"",""meio"",""gorda"",""fatty"",""grelhada"",""grilled"",""semi"",""fat""]",sardinha semi fat grilled sardinha semi fat grilled sardine gorda fatty,
food,8b474824-8178-56d2-9b28-48da0e769235,,Seitan,Seitan,,,"[""seitan""]",seitan seitan,
food,9eea3706-68e2-52de-bb90-65d8c65797f5,,"Sementes de abóbora, cruas, secas, miolo",Raw Dried Seeds,,,"[""sementes"",""semente"",""seeds"",""abóbora"",""abobora"",""pumpkin"",""squash"",""cruas"",""crua"",""raw"",""secas"",""seca"",""miolo"",""dried""]",raw dried seeds raw dried seeds pumpkin squash secas,
food,0d18986d-6d59-599d-9625-c978750e45d6,,Sementes de chia,Seeds Chia,,,"[""sementes"",""semente"",""seeds"",""chia""]",seeds chia seeds chia,
food,8d32e8f5-d897-5b1c-8500-d93e3403c95b,,Sementes de coentro,Seeds Coentro,Seeds Coriander,,"[""sementes"",""semente"",""seeds"",""coentro""]",seeds coentro seeds coentro,
food,b58b28fd-d531-5637-ac52-b58db5a15a94,,Sementes de cânhamo secas,Seeds Canhamo Secas,"Seeds Hemp, Dried",,"[""sementes"",""semente"",""seeds"",""cânhamo"",""canhamo"",""secas"",""seca""]",seeds canhamo secas seeds canhamo secas,
food,bdf1b8ad-1a6f-57d7-aecd-8fc3b2c5e98b,,"Sementes de girassol, cruas, secas, miolo",Seeds Girassol Secas,"Seeds Girassol, Dried",,"[""sementes"",""semente"",""seeds"",""girassol"",""cruas"",""crua"",""raw"",""secas"",""seca"",""miolo""]",seeds girassol secas seeds girassol secas,
food,39a8a116-bceb-502a-b58f-f84aa460155a,,Sementes de linhaça cruas,Seeds Linhaca,Seeds Flaxseed,,"[""sementes"",""semente"",""seeds"",""linhaça"",""linhaca"",""cruas"",""crua"",""raw""]",seeds linhaca seeds linhaca,
food,333b224a-0d16-5414-b683-111ec3084472,,Sementes de melão,Seeds Melon,,,"[""sementes"",""semente"",""seeds"",""melão"",""melao"",""melon""]",seeds melon seeds melon,
food,1d12323d-0f42-5c8d-a87f-516ee6af65bb,,Sementes de mostarda,Seeds Mostarda,Seeds Mustard,,"[""sementes"",""semente"",""seeds"",""mostarda"",""mustard""]",seeds mostarda seeds mostarda mustard,
food,b8e6b20c-8ecc-58ed-9384-bdad8f19c1f0,,Sementes de papoila,Seeds Papoila,Seeds Poppy,,"[""sementes"",""semente"",""seeds"",""papoila""]",seeds papoila seeds papoila,
food,6a079162-b156-580d-9974-d53a06308e08,,Sementes de sésamo,Seeds Sesamo,,,"[""sementes"",""semente"",""seeds"",""sésamo"",""sesamo"",""sesame""]",seeds sesamo seeds sesamo sesame,
food,97f87a7e-1b22-57e9-b044-3ff3178dcde1,,Shortening para pastelaria,Bakery Shortening,,,"[""shortening"",""pastelaria"",""bakery""]",bakery shortening bakery shortening,
food,4ef1b9fd-f284-5552-af9e-70effd6fde31,,Shortening para restaurante,Restaurant Shortening,,,"[""shortening"",""restaurante"",""restaurant""]",restaurant shortening restaurant shortening,
food,22b0a478-80a6-5841-ae69-bb417327a058,,Sidra (vinho de maçã),Sidra (wine Apple),,,"[""sidra"",""vinho"",""wine"",""maçã"",""maca"",""apple""]",sidra wine apple sidra wine apple,
food,4229daeb-2e11-52cd-b160-26026ee85d68,,Sobremesa à base de soja,Soy Dessert,,,"[""sobremesa"",""soja"",""soy"",""dessert""]",soy dessert soy dessert sobremesa,
food,271acda6-40c6-5d2c-945b-8f575aa44b28,,Soja cozida sem sal,Soy Cooked Salt,"Soy Cooked, Unsalted",,"[""soja"",""soy"",""cozida"",""cooked"",""boiled"",""sal"",""salt""]",soy cooked salt soy cooked salt,
food,9cba6730-8922-544f-9f3c-690f160addbd,,"Soja, farinha com baixo teor de gordura",Soy Flour Baixo Teor Gordura,,,"[""soja"",""soy"",""farinha"",""flour"",""baixo"",""gordura"",""teor""]",soy flour baixo teor gordura soy flour baixo teor gordura,
food,44a65ad2-dbdd-5904-a72f-e58a97e3a606,,"Soja, grão seco, cru",Raw Dried Soybeans,,,"[""soja"",""soy"",""grão"",""grao"",""chickpea"",""seco"",""dried"",""cru"",""raw"",""soybeans""]",raw dried soybeans raw dried soybeans soy grao chickpea,
food,60df241a-3988-57bf-80cb-c8e4f2ca4592,,Solha crua,Solha Raw,"Plaice, Raw",,"[""solha"",""crua"",""raw""]",solha raw solha raw,
food,35222e6f-14d1-57fb-8529-af6aa7829334,,Solha frita,Solha Fried,"Plaice, Fried",,"[""solha"",""frita"",""fried""]",solha fried solha fried frita,
food,29ef154d-98c7-5d6a-9c87-4366c2b336bd,,Solha grelhada,Solha Grilled,"Plaice, Grilled",,"[""solha"",""grelhada"",""grilled""]",solha grilled solha grilled,
food,4c56c3e5-47a1-5abb-affa-8a94a4a74505,,Sonhos,Sonhos,,,"[""sonhos"",""sonho""]",sonhos sonhos sonho,
food,a02ef000-38f5-5150-8675-6a6d4a9893cb,,Sopa de abóbora,Pumpkin Soup,,,"[""sopa"",""soup"",""abóbora"",""abobora"",""pumpkin"",""squash""]",pumpkin soup pumpkin soup sopa squash,
food,d8241e5d-cd18-52ef-87f2-4e3ca8cadd18,,Sopa de agrião,Watercress Soup,,,"[""sopa"",""soup"",""agrião"",""agriao"",""watercress""]",watercress soup watercress soup sopa,
food,3ec77627-d127-5630-ae4e-170303685cf2,,Sopa de agrião com leite,Watercress Soup with Milk,,,"[""sopa"",""soup"",""agrião"",""agriao"",""watercress"",""leite"",""milk"",""with""]",watercress soup with milk watercress soup with milk sopa,
food,5f7e0353-2d03-567c-8a67-125ce91532ec,,Sopa de agrião com requeijão,Watercress Soup with Curd Cheese,,,"[""sopa"",""soup"",""agrião"",""agriao"",""watercress"",""requeijão"",""requeijao"",""curd"",""cheese"",""with""]",watercress soup with curd cheese watercress soup with curd cheese sopa requeijao,
food,04dffa70-2e09-5dba-b2f3-41a94b21d6fa,,Sopa de carne de porco,Pork Soup,,,"[""sopa"",""soup"",""carne"",""meat"",""porco"",""pork""]",pork soup pork soup sopa,
food,047fa7f8-17e4-5f11-bd26-315b18459b5f,,Sopa de cebola,Onion Soup,,,"[""sopa"",""soup"",""cebola"",""onion""]",onion soup onion soup sopa,
food,4b36b7c7-5c59-5f2a-b9d8-af49f7592813,,Sopa de cenoura,Carrot Soup,,,"[""sopa"",""soup"",""cenoura"",""carrot""]",carrot soup carrot soup sopa,
food,378d49ef-4761-59f7-b693-60e59c22cf02,,Sopa de couve-branca,White Cabbage Soup,,,"[""sopa"",""soup"",""couve"",""cabbage"",""kale"",""branca"",""white""]",white cabbage soup white cabbage soup sopa kale,
food,68c41144-461f-5684-bb53-6ee60dafe375,,Sopa de couve-lombarda,Savoy Cabbage Soup,,,"[""sopa"",""soup"",""couve"",""cabbage"",""kale"",""lombarda"",""savoy""]",savoy cabbage soup savoy cabbage soup sopa kale lombarda,
food,689487d2-98d4-5e1e-bd3a-4216329cf0a0,,Sopa de cozido,Cozido Soup,Boiled Soup,,"[""sopa"",""soup"",""cozido"",""cooked"",""boiled""]",cozido soup cozido soup sopa,
food,833eb314-3d5a-5958-bdf1-00c791be8618,,Sopa de ervilhas,Pea Soup,,,"[""sopa"",""soup"",""ervilhas"",""ervilha"",""peas"",""pea""]",pea soup pea soup sopa ervilhas ervilha peas,
food,61bca3cd-ba9e-5b9a-ae6b-8c7998b1da9a,,Sopa de espinafres,Spinach Soup,,,"[""sopa"",""soup"",""espinafres"",""espinafre"",""spinach""]",spinach soup spinach soup sopa espinafres espinafre,
food,54afa5d3-7a09-5b76-8ba9-af32b46837b7,,Sopa de espinafres com ovos,Spinach Soup with Eggs,,,"[""sopa"",""soup"",""espinafres"",""espinafre"",""spinach"",""ovos"",""eggs"",""with""]",spinach soup with eggs spinach soup with eggs sopa espinafres espinafre,
food,0baf5959-88c3-5c2f-84ed-1fa493cd1795,,Sopa de favas,Broad Bean Soup,,,"[""sopa"",""soup"",""favas"",""fava"",""broad"",""beans"",""bean""]",broad bean soup broad bean soup sopa favas fava beans,
food,230a3876-b617-5ec0-a694-2c619d3b5859,,Sopa de feijão,Bean Soup,,,"[""sopa"",""soup"",""feijão"",""feijao"",""bean"",""beans""]",bean soup bean soup sopa beans,
food,18e706f2-4eac-5d2a-a035-67b6b927d696,,Sopa de feijão-branco com couve-portuguesa,White Bean Soup with Portuguese Cabbage,,,"[""sopa"",""soup"",""feijão"",""feijao"",""bean"",""beans"",""branco"",""white"",""couve"",""cabbage"",""kale"",""portuguesa"",""with"",""portuguese""]",white bean soup with portuguese cabbage white bean soup with portuguese cabbage sopa beans kale portuguesa,
food,aeb546a9-82b8-5100-a4ca-59439b85e5ea,,Sopa de feijão-manteiga,Butter Bean Soup,,,"[""sopa"",""soup"",""feijão"",""feijao"",""bean"",""beans"",""manteiga"",""butter""]",butter bean soup butter bean soup sopa beans,
food,3cd6cdc5-2032-5dd2-8335-24c501a010d2,,Sopa de feijão-manteiga com couve-lombarda,Butter Bean Soup with Savoy Cabbage,,,"[""sopa"",""soup"",""feijão"",""feijao"",""bean"",""beans"",""manteiga"",""butter"",""couve"",""cabbage"",""kale"",""lombarda"",""with"",""savoy""]",butter bean soup with savoy cabbage butter bean soup with savoy cabbage sopa beans kale lombarda,
food,ead098a2-9a04-5691-8478-87d173b862cb,,Sopa de feijão-verde,Green Bean Soup,,,"[""sopa"",""soup"",""feijão"",""feijao"",""bean"",""beans"",""verde"",""green""]",green bean soup green bean soup sopa beans verde,
food,2bb218e9-cec2-55ab-86e7-9e02a17dbb99,,Sopa de feijão-verde e cenoura,Green Bean and Carrot Soup,,,"[""sopa"",""soup"",""feijão"",""feijao"",""bean"",""beans"",""verde"",""cenoura"",""carrot"",""green"",""and""]",green bean and carrot soup green bean and carrot soup sopa beans verde,
food,91944f50-3efa-5c50-97e7-7913441236e6,,Sopa de feijão-verde e nabo,Green Bean and Turnip Soup,,,"[""sopa"",""soup"",""feijão"",""feijao"",""bean"",""beans"",""verde"",""nabo"",""green"",""and"",""turnip""]",green bean and turnip soup green bean and turnip soup sopa beans verde,
food,701c1366-d1da-574f-94aa-9347300ff575,,"Sopa de grão com arroz, espinafres e coentros","Chickpea Soup with Rice, Spinach and Coriander",,,"[""sopa"",""soup"",""grão"",""grao"",""chickpea"",""arroz"",""rice"",""espinafres"",""espinafre"",""spinach"",""coentros"",""coentro"",""with"",""and"",""coriander""]",chickpea soup with rice spinach and coriander chickpea soup with rice spinach and coriander sopa grao espinafres espinafre coentros coentro,
food,fa7ad057-6a6a-5081-a4a1-e87471a99a2f,,Sopa de grão com espinafres ,Chickpea Soup with Spinach,,,"[""sopa"",""soup"",""grão"",""grao"",""chickpea"",""espinafres"",""espinafre"",""spinach"",""with""]",chickpea soup with spinach chickpea soup with spinach sopa grao espinafres espinafre,
food,2a9b5cee-0f03-55a1-8bf9-b2770ba98a4f,,Sopa de grão com espinafres sem arroz,Chickpea Soup with Spinach without Rice,,,"[""sopa"",""soup"",""grão"",""grao"",""chickpea"",""espinafres"",""espinafre"",""spinach"",""arroz"",""rice"",""with"",""without""]",chickpea soup with spinach without rice chickpea soup with spinach without rice sopa grao espinafres espinafre,
food,25cb6d07-897f-5910-9679-196a91a99b9f,,Sopa de grão à moda da avó,Grandmother-Style Chickpea Soup,,,"[""sopa"",""soup"",""grão"",""grao"",""chickpea"",""moda"",""avó"",""avo"",""grandmother"",""style""]",grandmother style chickpea soup grandmother style chickpea soup sopa grao moda avo,
food,bd71fca7-312f-5f2e-9817-9da451512656,,Sopa de nabiças (ou de grelos de nabo),Turnip Greens Soup,,,"[""sopa"",""soup"",""nabiças"",""nabicas"",""nabiça"",""grelos"",""grelo"",""greens"",""nabo"",""turnip"",""nabica""]",turnip greens soup turnip greens soup sopa nabicas nabica,
food,15fa00df-a979-5ba2-8539-d1acf9e64dfa,,Sopa de peixe ,Fish Soup,,,"[""sopa"",""soup"",""peixe"",""fish""]",fish soup fish soup sopa,
food,52cc32c4-3e2f-57ed-8a0a-a0012d5573fd,,Sopa de peixe com massa,Fish Soup with Pasta,,,"[""sopa"",""soup"",""peixe"",""fish"",""massa"",""pasta"",""dough"",""with""]",fish soup with pasta fish soup with pasta sopa dough,
food,62ef2b5b-8693-570c-bf10-cbf22ce57051,,Sopa de tomate,Tomato Soup,,,"[""sopa"",""soup"",""tomate"",""tomato""]",tomato soup tomato soup sopa,
food,95070515-71ab-54bb-9c51-b370b5a8dbdf,,Sopa de vegetais,Vegetable Soup,,,"[""sopa"",""soup"",""vegetais"",""vegetai"",""vegetable""]",vegetable soup vegetable soup sopa vegetai,
food,350bd576-be27-5b54-bf0f-cbeacb63aed4,,Sopa juliana,Julienne Soup,,,"[""sopa"",""soup"",""juliana"",""julienne""]",julienne soup julienne soup sopa juliana,
food,b43155bd-abaf-510a-9e25-d355c687f1ab,,Sopa à lavrador,Farmhouse Soup,,,"[""sopa"",""soup"",""lavrador"",""farmhouse""]",farmhouse soup farmhouse soup sopa lavrador,
food,753f3854-b2f3-5810-b0bf-84a0ce075068,,"Sopa, caldo verde",Caldo Verde Soup,,,"[""sopa"",""soup"",""caldo"",""verde""]",caldo verde soup caldo verde soup sopa,
food,a6ca297f-46b4-5b93-b8be-dc4970c9ea0b,,"Sopa, canja de galinha",Chicken Soup,,,"[""sopa"",""soup"",""canja"",""galinha"",""chicken""]",chicken soup chicken soup sopa canja galinha,
food,0641f9c9-9999-54e7-82c8-8c189ff95d7d,,"Sopa, creme de cenoura",Cream of Carrot Soup,,,"[""sopa"",""soup"",""creme"",""cream"",""cenoura"",""carrot"",""of""]",cream of carrot soup cream of carrot soup sopa creme,
food,dbe1b8c5-bc80-5a3c-89cf-b3e30cc610eb,,"Sopa, puré de feijão",Bean Puree Soup,,,"[""sopa"",""soup"",""puré"",""pure"",""feijão"",""feijao"",""bean"",""beans"",""puree""]",bean puree soup bean puree soup sopa pure beans,
food,76a1ce13-3df0-54e8-a9a2-bbc129e33912,,"Sopa, puré de vegetais",Vegetable Puree Soup,,,"[""sopa"",""soup"",""puré"",""pure"",""vegetais"",""vegetai"",""vegetable"",""puree""]",vegetable puree soup vegetable puree soup sopa pure vegetai,
food,af30f3ac-9856-5c72-b7f3-ee64297f7796,,Stevia,Stevia,,,"[""adoçante"",""sweetener"",""stevia"",""adocante""]",stevia stevia adocante sweetener,
food,44ca0293-f6ef-5718-99a4-eed6bc61ce10,,Sucedâneo de café (pó) (2 marcas),Sucedaneo Cafe (po) (2 Marcas),Coffee Substitute Coffee (Powder) (2 Brands),,"[""sucedâneo"",""sucedaneo"",""café"",""cafe"",""coffee"",""marcas"",""marca"",""po""]",sucedaneo cafe po 2 marcas sucedaneo cafe po marcas coffee marca,
food,c0ba54b5-7760-57a1-8811-8c94139df2b1,,Sucedâneo de café (pó) com 20% de café,Sucedaneo Cafe (po) Cafe,Coffee Substitute Coffee (Powder) Coffee,,"[""sucedâneo"",""sucedaneo"",""café"",""cafe"",""coffee"",""20%"",""po"",""20""]",sucedaneo cafe po cafe sucedaneo cafe po coffee 20,
food,b24b79e0-0ffc-5aa4-9ea3-d08bfb192a2b,,Sultanas,Sultanas,,,"[""sultanas"",""sultana""]",sultanas sultanas sultana,
food,475c8790-004b-5c7f-9481-7f8f3f0c179b,,"Sumo de ananás, 100%",Juice Pineapple,,,"[""sumo"",""juice"",""ananás"",""ananas"",""ananá"",""pineapple"",""100%"",""100""]",juice pineapple juice pineapple 100,
food,9110df5c-943d-5785-9675-058f7f3ef823,,"Sumo de ananás, concentrado",Juice Pineapple Concentrado,,,"[""sumo"",""juice"",""ananás"",""ananas"",""ananá"",""pineapple"",""concentrado""]",juice pineapple concentrado juice pineapple concentrado,
food,5fba359b-4018-5a79-92c4-a893557a6379,,"Sumo de laranja, 100% ",Juice Orange,,,"[""sumo"",""juice"",""laranja"",""orange"",""100%"",""100""]",juice orange juice orange 100,
food,db0b61c3-a25c-5a25-acab-e011fbf475e2,,"Sumo de laranja, concentrado",Juice Orange Concentrado,,,"[""sumo"",""juice"",""laranja"",""orange"",""concentrado""]",juice orange concentrado juice orange concentrado,
food,6a5a47e2-d0e2-51a9-8a93-fea7997e686b,,Sumo de limão,Juice Lemon,,,"[""limão"",""limões"",""lemons"",""sumo"",""juice"",""limao"",""lemon""]",juice lemon juice lemon lemons,
food,8f4c456a-1997-53a0-b137-c2128067604b,,"Sumo de limão, fresco (espremido)",Juice Lemon Fresh (espremido),"Juice Lemon, Fresh (espremido)",,"[""sumo"",""juice"",""limão"",""limao"",""lemon"",""fresco"",""espremido"",""fresh""]",juice lemon fresh espremido juice lemon fresh espremido,
food,048406fb-1d41-5db3-b51a-647b571f186c,,"Sumo de maçã, 100%",Juice Apple,,,"[""sumo"",""juice"",""maçã"",""maca"",""apple"",""100%"",""100""]",juice apple juice apple 100,
food,339499f1-d14f-5a25-a401-228d3d2a4632,,"Sumo de pêssego, 100%",Juice Peach,,,"[""sumo"",""juice"",""pêssego"",""pessego"",""peach"",""100%"",""100""]",juice peach juice peach 100,
food,b28a9068-e186-59b6-9a7b-fe855025aa9c,,"Sumo de tomate, 100%",Juice Tomato,,,"[""sumo"",""juice"",""tomate"",""tomato"",""100%"",""100""]",juice tomato juice tomato 100,
food,0b033c29-da82-579e-9206-959be0304e1e,,Sêmola de milho,Semola,Semolina,,"[""sêmola"",""semola"",""milho"",""corn"",""maize""]",semola semola corn maize,
food,80e6966e-9097-57d8-9a64-1e62fc4f0233,,Tagliatelle,Tagliatelle,,,"[""pastas"",""massas"",""tagliatelle"",""seca"",""dry""]",tagliatelle tagliatelle pastas massas,
food,b19b0a16-3d2f-59ba-9392-fe8fef0d688d,,Tahini ,Tahini,,,"[""tahini""]",tahini tahini,
food,2e30a19c-af52-560d-9be8-b829c946f2b1,,Tamarilho sem pele,Tamarilho Skinless,"Tamarillo, Skinless",,"[""tamarilho"",""pele"",""skinless""]",tamarilho skinless tamarilho skinless pele,
food,e021a425-c8a0-58dc-b8d3-ab8161487933,,Tamarindo cru,Tamarindo Raw,"Tamarindo, Raw",,"[""tamarindo"",""cru"",""raw""]",tamarindo raw tamarindo raw,
food,cd9e2476-52a0-5a8d-bccb-2bdf4c4703f6,,Tamboril cru,Tamboril Raw,"Monkfish, Raw",,"[""tamboril"",""monkfish"",""fish"",""cru"",""raw""]",tamboril raw tamboril raw monkfish,
food,0820fa35-cdf9-5c3a-8a05-0cc60fdb073a,,Tamboril grelhado,Tamboril Grilled,"Monkfish, Grilled",,"[""tamboril"",""monkfish"",""fish"",""grelhado"",""grilled""]",tamboril grilled tamboril grilled monkfish,
food,d90e4e73-3612-55d2-966a-b895ac266185,,Tangerina,Tangerine,,,"[""fruta"",""fruit"",""tangerinas"",""tangerines"",""tangerina"",""tangerine"",""mandarina"",""mandarinas"",""mandarin"",""citrino"",""citrinos"",""citrus""]",tangerine tangerine tangerines mandarina mandarinas mandarin citrino citrinos citrus,
food,76c678ae-674a-51a0-90d0-d3128a983791,,Tapioca,Tapioca,,,"[""tapioca""]",tapioca tapioca,
food,bcf3406c-8cef-5c4d-a7e0-d1c64c5d89a9,,Tarte de maçã,Tarte Apple,,,"[""tarte"",""maçã"",""maca"",""apple""]",tarte apple tarte apple,
food,528f2b3f-a4ad-5cb2-bd63-7b898d936428,,Tarte de maçã e pêssego,Tarte Apple Peach,,,"[""tarte"",""maçã"",""maca"",""apple"",""pêssego"",""pessego"",""peach""]",tarte apple peach tarte apple peach,
food,24ac8d5c-5970-561d-ad7d-ec857031de30,,"Tisana, infusão de ervas",Tisana Infusao Ervas,Herbal Tea Infusion Herbs,,"[""tisana"",""infusão"",""infusao"",""ervas"",""erva""]",tisana infusao ervas tisana infusao ervas erva,
food,92651a23-222e-5f02-99bc-fd6748466d95,,Tofu frito com azeite,Tofu Fried Olive Oil,,,"[""tofu"",""frito"",""fried"",""azeite"",""olive"",""oil""]",tofu fried olive oil tofu fried olive oil,
food,b7e61202-a4e3-53b0-b3bd-275912014383,,Tofu frito com óleo de milho,Tofu Fried Oleo,Tofu Fried Oil,,"[""tofu"",""frito"",""fried"",""óleo"",""oleo"",""oil"",""milho"",""corn"",""maize""]",tofu fried oleo tofu fried oleo oil corn maize,
food,43058441-7718-51ba-bcfb-f1aad6307e01,,Tofu simples,Tofu,,,"[""tofu"",""simples"",""simple""]",tofu tofu simple,
food,5c2c1c80-1414-5d92-9d5c-00c5d96f6bb8,,Tomate,Tomato,,,"[""fruta"",""fruit"",""tomates"",""tomatoes"",""tomate"",""tomato""]",tomato tomato tomatoes,
food,fbc77714-e61c-5732-90b0-df1a7e2c9dd2,,Tomate Cherry,Tomato Cherry,,,"[""fruta"",""fruit"",""tomates"",""cherry"",""cereja"",""tomatoes"",""tomate"",""tomato""]",tomato cherry tomato cherry tomatoes,
food,9c2e39f9-7d96-549d-9aa6-427e18eecfc5,,Tomate cherry cru,Tomato Cherry Raw,"Tomato Cherry, Raw",,"[""tomate"",""tomates"",""cherry"",""cereja"",""tomato"",""tomatoes"",""raw"",""cru"",""legume"",""vegetable""]",tomato cherry raw tomato cherry raw tomatoes,
food,1dda173e-4e21-5677-bf78-30267e76c149,,Tomate concentrado,Tomato Concentrado,,,"[""tomate"",""tomato"",""concentrado""]",tomato concentrado tomato concentrado,
food,8cbcb483-6498-56dd-b880-ede505abccf8,,Tomate cru,Tomato Raw,"Tomato, Raw",,"[""tomate"",""tomates"",""tomato"",""tomatoes"",""raw"",""cru"",""legume"",""vegetable""]",tomato raw tomato raw tomatoes,
food,eb5561f4-733e-56e8-bb56-158eccdba73d,,Tomate em conserva ao natural,Tomato Canned Natural,"Tomato Canned, Natural",,"[""tomate"",""tomato"",""conserva"",""canned"",""natural""]",tomato canned natural tomato canned natural,
food,69fa399d-b2df-5c50-83c8-f2b280e6f051,,Tomilho fresco,Tomilho Fresh,"Thyme, Fresh",,"[""tomilho"",""fresco"",""fresh""]",tomilho fresh tomilho fresh,
food,e65ab5f5-47ae-58ce-8625-9d44eb95e72b,,Tomilho seco,Tomilho Dried,"Thyme, Dried",,"[""tomilho"",""seco"",""dried""]",tomilho dried tomilho dried,
food,83739d72-a94e-51ec-844c-4be9701e84a6,,Toranja,Toranja,Grapefruit,,"[""toranja""]",toranja toranja,
food,5b471da8-ef78-5955-9376-1f2a99303911,,Torta de chocolate e chantilly,Torta Chantilly,,,"[""torta"",""cake"",""roll"",""chocolate"",""chantilly""]",torta chantilly torta chantilly cake roll,
food,913de54c-13f3-517c-ba97-aa60fc185eb1,,Tortulhos (Santieiros),Tortulhos (santieiros),,,"[""cogumelos"",""tortulhos"",""santieiros"",""macrolepiota"",""procera"",""mushrooms"",""tortulho"",""santieiro""]",tortulhos santieiros tortulhos santieiros macrolepiota procera mushrooms tortulho santieiro,
food,4c052463-d7fc-5e80-9431-4a3d44975f75,,Tosta de trigo,Wheat Toast,,,"[""tosta"",""toast"",""trigo"",""wheat""]",wheat toast wheat toast,
food,aefd184e-f4e6-5cce-abee-98a0bf70b2d6,,Tosta de trigo integral,Wholegrain Wheat Toast,,,"[""tosta"",""toast"",""trigo"",""wheat"",""integral"",""wholegrain"",""wholemeal""]",wholegrain wheat toast wholegrain wheat toast wholemeal,
food,79ada7eb-7c0b-5c70-8cc7-223d2f1a40dd,,Tosta de trigo sem sal,Unsalted Wheat Toast,,,"[""tosta"",""toast"",""trigo"",""wheat"",""sal"",""salt"",""unsalted""]",unsalted wheat toast unsalted wheat toast,
food,4c163812-da6f-53a3-ab60-c518808a9281,,Tosta de trigo simples,Plain Wheat Toast,,,"[""tosta"",""toast"",""trigo"",""wheat"",""simples"",""simple"",""plain""]",plain wheat toast plain wheat toast simple,
food,aae00152-1e3e-5070-be32-a8f0f561556a,,Tostas Extrafinas,Extra-Thin Toasts (Continente),,Continente,"[""mini"",""tostas"",""toasts"",""pão"",""pães"",""bread"",""trigo"",""wheat"",""extra"",""finas"",""thin"",""tosta"",""extrafinas"",""extrafina"",""continente""]",extra thin toasts continente continente extra thin toasts continente mini bread wheat finas,
food,35ac56da-db36-5085-a69e-b7b2783f13d7,,"Toucinho  de porco entremeado ligeiramente salgado, cozido sem adição de sal",Cooked Lightly Salted Pork Belly without Added Salt,,,"[""toucinho"",""porco"",""pork"",""entremeado"",""ligeiramente"",""salgado"",""salted"",""cozido"",""cooked"",""boiled"",""sal"",""salt"",""lightly"",""belly"",""without"",""added""]",cooked lightly salted pork belly without added salt cooked lightly salted pork belly without added salt toucinho entremeado ligeiramente salgado,
food,dd4840fd-553c-5169-865b-313505e2e74e,,"Toucinho de porco entremeado fresco, cru",Raw Fresh Pork Belly,,,"[""toucinho"",""porco"",""pork"",""entremeado"",""fresco"",""cru"",""raw"",""fresh"",""belly""]",raw fresh pork belly raw fresh pork belly toucinho entremeado,
food,bf088942-0879-5870-9779-e8bf956b9ce3,,"Toucinho de porco entremeado fresco, grelhado sem adição de sal",Grilled Fresh Pork Belly without Added Salt,,,"[""toucinho"",""porco"",""pork"",""entremeado"",""fresco"",""grelhado"",""grilled"",""sal"",""salt"",""fresh"",""belly"",""without"",""added""]",grilled fresh pork belly without added salt grilled fresh pork belly without added salt toucinho entremeado,
food,a9373ecc-e167-540e-a589-3d686aed95ec,,"Toucinho de porco entremeado ligeiramente salgado, cru",Raw Lightly Salted Pork Belly,,,"[""toucinho"",""porco"",""pork"",""entremeado"",""ligeiramente"",""salgado"",""salted"",""cru"",""raw"",""lightly"",""belly""]",raw lightly salted pork belly raw lightly salted pork belly toucinho entremeado ligeiramente salgado,
food,907e04b5-006b-59ff-adff-8b17a7b18433,,Toucinho de porco entremeado magro,Lean Pork Belly,,,"[""toucinho"",""porco"",""pork"",""entremeado"",""magro"",""lean"",""light"",""belly""]",lean pork belly lean pork belly toucinho entremeado light,
food,feaffb33-5031-52ff-9b70-124918aa1352,,"Tremoço cozido, sem sal",Cooked Unsalted Lupini Beans,,,"[""tremoço"",""tremoco"",""cozido"",""cooked"",""boiled"",""sal"",""salt"",""unsalted"",""lupini"",""beans""]",cooked unsalted lupini beans cooked unsalted lupini beans tremoco,
food,632de5b7-77d9-5a65-bc9d-cf36544e7ecf,,"Tremoço, cozido e salgado",Cooked Salted Lupini Beans,,,"[""tremoço"",""tremoco"",""cozido"",""cooked"",""boiled"",""salgado"",""salted"",""lupini"",""beans""]",cooked salted lupini beans cooked salted lupini beans tremoco salgado,
food,bd2b7124-16f3-54d3-b554-b22a86021671,,Trigo Sarraceno (grão) cru,Raw Buckwheat Groats,,,"[""trigo"",""wheat"",""sarraceno"",""grão"",""grao"",""chickpea"",""cru"",""raw"",""buckwheat"",""groats""]",raw buckwheat groats raw buckwheat groats wheat sarraceno grao chickpea,
food,4d7c257f-ee4f-551c-af75-6a163a5216f3,,Tripa de porco fresca,Tripa Pork Fresh,"Tripe Pork, Fresh",,"[""tripa"",""porco"",""pork"",""fresca"",""fresh""]",tripa pork fresh tripa pork fresh,
food,3000906b-124c-5f8f-a241-35b0ae52d11f,,Tripa de vaca crua,Tripa Beef Raw,"Tripe Beef, Raw",,"[""tripa"",""vaca"",""beef"",""crua"",""raw""]",tripa beef raw tripa beef raw vaca,
food,a5ab778b-ee52-5f27-8008-36f1eace8c3c,,Truta (crua),Truta (raw),,,"[""peixe"",""fish"",""trutas"",""trouts"",""truta"",""crua"",""raw""]",truta raw truta raw trutas trouts,
food,4da62de9-63df-56a1-a7e3-2d7ebfeb9474,,Truta arco-íris crua,Truta Arco-iris Raw,"Truta Arco-iris, Raw",,"[""truta"",""arco"",""íris"",""iris"",""crua"",""raw""]",truta arco iris raw truta arco iris raw,
food,5b2c1f6b-ff2a-554a-8bd7-5adcda88a092,,Truta arco-íris grelhada,Truta Arco-iris Grilled,"Truta Arco-iris, Grilled",,"[""truta"",""arco"",""íris"",""iris"",""grelhada"",""grilled""]",truta arco iris grilled truta arco iris grilled,
food,41f98c99-961e-51c2-b8ca-308b6027717e,,Truta frita,Truta Fried,"Truta, Fried",,"[""peixes"",""fritos"",""fried"",""fishes"",""trutas"",""fritas"",""trouts"",""pan"",""truta"",""frita""]",truta fried truta fried peixes fritos fishes trutas trouts pan frita,
food,37390069-c7a7-56db-a7cd-c927a1026ae3,,Tulicreme,Tulicreme,,,"[""tulicreme"",""chocolates"",""spreads""]",tulicreme tulicreme chocolates,
food,64534d28-c642-590f-82be-db6a2b50bde5,,Tâmara fresca ,Tamara Fresh,"Tamara, Fresh",,"[""tâmara"",""tamara"",""fresca"",""fresh""]",tamara fresh tamara fresh,
food,424be2d0-4854-54d7-9823-d53e85917084,,Tâmara seca,Tamara Dried,"Tamara, Dried",,"[""tâmara"",""tamara"",""seca"",""dried""]",tamara dried tamara dried,
food,31b5b30a-122a-5e82-b619-e096e01f900b,,Tângera,Tangera,,,"[""tângera"",""tangera""]",tangera tangera,
food,62e002ef-5881-5601-b157-3ccae9a9ea0c,,Túbera (trufa) crua,Tubera (trufa) Raw,"Tubera (trufa), Raw",,"[""túbera"",""tubera"",""trufa"",""crua"",""raw""]",tubera trufa raw tubera trufa raw,
food,32dc7c17-1f11-5e57-b5e8-1674b62c736a,,"Uva (média, branca e tinta)",Grape (media White Tinta),,,"[""uva"",""uvas"",""grape"",""grapes"",""branca"",""tinta"",""fruta"",""fruit"",""media"",""white""]",grape media white tinta grape media white tinta grapes,
food,3afc91b5-2f53-53fd-a3ee-5b8ec62a0ffa,,Uva branca (5 variedades),White Grapes (5 Varieties),,,"[""uva"",""uvas"",""branca"",""brancas"",""white"",""green"",""grape"",""grapes"",""fruta"",""fruit"",""varieties""]",white grapes 5 varieties white grapes varieties brancas grape,
food,3fc16d03-e908-519d-b77a-723e2c36e4d6,,Uva seca (passas),Grape Dried (passas),"Grape, Dried (passas)",,"[""uva"",""grape"",""seca"",""dried"",""passas"",""passa""]",grape dried passas grape dried passas passa,
food,f3a6d69c-9437-5382-be15-1e863a5578e4,,Uva tinta (5 variedades),Red Grapes (5 Varieties),,,"[""uva"",""uvas"",""tinta"",""tintas"",""vermelha"",""red"",""purple"",""grape"",""grapes"",""fruta"",""fruit"",""varieties""]",red grapes 5 varieties red grapes varieties tinta tintas grape,
food,6d51fc80-dd58-57cb-84c7-f1cf2b468e51,,Uvas,Grapes,,,"[""fruta"",""fruit"",""uvas"",""grapes""]",grapes grapes,
food,c4796848-2eed-56cf-87ff-a1126e7d1e4d,,Vaca assada,Beef Roasted,"Beef, Roasted",,"[""vaca"",""beef"",""assada"",""roasted""]",beef roasted beef roasted vaca,
food,ba7f6b97-c53f-59f2-8787-61f2b107dfb0,,Vaca assada com azeite e margarina,Beef Roasted Olive Oil Margarine,,,"[""vaca"",""beef"",""assada"",""roasted"",""azeite"",""olive"",""oil"",""margarina"",""margarine""]",beef roasted olive oil margarine beef roasted olive oil margarine vaca margarina,
food,efb8bf38-7955-575f-84f7-71006fd2aacd,,Vaca assada com margarina,Beef Roasted Margarine,,,"[""vaca"",""beef"",""assada"",""roasted"",""margarina"",""margarine""]",beef roasted margarine beef roasted margarine vaca margarina,
food,3e156c7f-fa6b-510a-93ee-a747dd821f5f,,Vaca assada com óleo alimentar e margarina,Beef Roasted Cooking Oil Margarine,,,"[""vaca"",""beef"",""assada"",""roasted"",""óleo"",""oleo"",""oil"",""alimentar"",""margarina"",""margarine"",""cooking""]",beef roasted cooking oil margarine beef roasted cooking oil margarine vaca oleo alimentar margarina,
food,d449861e-1a70-568a-9709-616d6fe169ec,,"Vaca assada, sem molho",Beef Roasted Sauce,"Beef, Roasted without Sauce",,"[""vaca"",""beef"",""assada"",""roasted"",""molho"",""sauce""]",beef roasted sauce beef roasted sauce vaca,
food,85a245c4-815f-5e26-9f54-39da962c5ea7,,Vaca magra cozida,Beef Magra Cooked,"Beef Lean, Cooked",,"[""vaca"",""beef"",""magra"",""lean"",""light"",""cozida"",""cooked"",""boiled""]",beef magra cooked beef magra cooked vaca lean light,
food,c63ada10-5a76-5156-a15b-9137e89e4daa,,Vaca magra estufada,Beef Magra Stewed,"Beef Lean, Stewed",,"[""vaca"",""beef"",""magra"",""lean"",""light"",""estufada"",""stewed""]",beef magra stewed beef magra stewed vaca lean light estufada,
food,cd06ec19-2a67-5116-b8c0-a381addb0be5,,Vaca magra estufada com azeite e margarina,Beef Magra Stewed Olive Oil Margarine,Beef Lean Stewed Olive Oil Margarine,,"[""vaca"",""beef"",""magra"",""lean"",""light"",""estufada"",""stewed"",""azeite"",""olive"",""oil"",""margarina"",""margarine""]",beef magra stewed olive oil margarine beef magra stewed olive oil margarine vaca lean light estufada margarina,
food,58c3621d-aff9-504f-8d14-3890b629d38f,,Vaca magra estufada com margarina,Beef Magra Stewed Margarine,Beef Lean Stewed Margarine,,"[""vaca"",""beef"",""magra"",""lean"",""light"",""estufada"",""stewed"",""margarina"",""margarine""]",beef magra stewed margarine beef magra stewed margarine vaca lean light estufada margarina,
food,6b99b552-ffee-5c6e-bbcf-f54610081662,,Vaca magra estufada com óleo alimentar e margarina,Beef Magra Stewed Cooking Oil Margarine,Beef Lean Stewed Cooking Oil Margarine,,"[""vaca"",""beef"",""magra"",""lean"",""light"",""estufada"",""stewed"",""óleo"",""oleo"",""oil"",""alimentar"",""margarina"",""margarine"",""cooking""]",beef magra stewed cooking oil margarine beef magra stewed cooking oil margarine vaca lean light estufada oleo alimentar margarina,
food,b1d73fa7-3303-5a44-8f92-0ac28716cc68,,Vaca magra estufada à jardineira,Beef Magra Stewed Jardineira,Beef Lean Stewed Jardineira,,"[""vaca"",""beef"",""magra"",""lean"",""light"",""estufada"",""stewed"",""jardineira""]",beef magra stewed jardineira beef magra stewed jardineira vaca lean light estufada,
food,6a0e471a-431a-59a7-99b2-12cfa13f2b4a,,"Vaca magra estufada, sem molho",Beef Magra Stewed Sauce,"Beef Lean, Stewed without Sauce",,"[""vaca"",""beef"",""magra"",""lean"",""light"",""estufada"",""stewed"",""molho"",""sauce""]",beef magra stewed sauce beef magra stewed sauce vaca lean light estufada,
food,aca66032-edb9-5307-8d69-e5ae9ca626f1,,Vaca meio gorda estufada,Beef Semi-fat Stewed,"Beef Semi-fat, Stewed",,"[""vaca"",""beef"",""meio"",""gorda"",""fatty"",""estufada"",""stewed"",""semi"",""fat""]",beef semi fat stewed beef semi fat stewed vaca gorda fatty estufada,
food,6ab94ab4-2068-5f5c-9392-0b54ec21880c,,Vaca meio gorda estufada com azeite e margarina,Beef Semi-fat Stewed Olive Oil Margarine,,,"[""vaca"",""beef"",""meio"",""gorda"",""fatty"",""estufada"",""stewed"",""azeite"",""olive"",""oil"",""margarina"",""margarine"",""semi"",""fat""]",beef semi fat stewed olive oil margarine beef semi fat stewed olive oil margarine vaca gorda fatty estufada margarina,
food,aaf3f05d-824e-5111-a982-757baf86b963,,Vaca meio gorda estufada com margarina,Beef Semi-fat Stewed Margarine,,,"[""vaca"",""beef"",""meio"",""gorda"",""fatty"",""estufada"",""stewed"",""margarina"",""margarine"",""semi"",""fat""]",beef semi fat stewed margarine beef semi fat stewed margarine vaca gorda fatty estufada margarina,
food,0fb365ac-7db4-549f-8021-b95854917ff9,,Vaca meio gorda estufada com óleo alimentar e margarina,Beef Semi-fat Stewed Cooking Oil Margarine,,,"[""vaca"",""beef"",""meio"",""gorda"",""fatty"",""estufada"",""stewed"",""óleo"",""oleo"",""oil"",""alimentar"",""margarina"",""margarine"",""semi"",""fat"",""cooking""]",beef semi fat stewed cooking oil margarine beef semi fat stewed cooking oil margarine vaca gorda fatty estufada oleo alimentar margarina,
food,6d046049-c174-5deb-8780-6beb94e55d7b,,"Vaca meio gorda estufada, sem molho",Beef Semi-fat Stewed Sauce,"Beef Semi-fat, Stewed without Sauce",,"[""vaca"",""beef"",""meio"",""gorda"",""fatty"",""estufada"",""stewed"",""molho"",""sauce"",""semi"",""fat""]",beef semi fat stewed sauce beef semi fat stewed sauce vaca gorda fatty estufada,
food,cb9aa42f-73cf-5198-bc00-68ac6211fdb3,,Vaca para assar crua,Beef Assar Raw,"Beef Assar, Raw",,"[""vaca"",""beef"",""assar"",""crua"",""raw""]",beef assar raw beef assar raw vaca,
food,f3597dd5-0640-550a-a4a2-f276d1abadb7,,Vaca para cozer ou estufar magra crua,Beef Cozer Ou Estufar Magra Raw,"Beef Boiling or Braising Lean, Raw",,"[""vaca"",""beef"",""cozer"",""estufar"",""magra"",""lean"",""light"",""crua"",""raw"",""ou""]",beef cozer ou estufar magra raw beef cozer ou estufar magra raw vaca lean light,
food,94986503-61e2-5053-a82d-08176456eff2,,Vaca para cozer ou estufar meio gorda crua,Beef Cozer Ou Estufar Semi-fat Raw,"Beef Boiling or Braising Semi-fat, Raw",,"[""vaca"",""beef"",""cozer"",""estufar"",""meio"",""gorda"",""fatty"",""crua"",""raw"",""ou"",""semi"",""fat""]",beef cozer ou estufar semi fat raw beef cozer ou estufar semi fat raw vaca gorda fatty,
food,03aa1acb-64a7-52f9-8ef2-d4072cef8c50,,Veado cru,Veado Raw,"Veado, Raw",,"[""veado"",""cru"",""raw""]",veado raw veado raw,
food,c298ea8c-2f54-5289-81aa-68f814ed5346,,"Vieira, crua",Vieira Raw,"Vieira, Raw",,"[""vieira"",""crua"",""raw""]",vieira raw vieira raw,
food,2fdf42c0-275f-5909-8697-0652dfd29b8a,,Vinagre,Vinegar,,,"[""vinagre"",""vinegar""]",vinegar vinegar,
food,ff931c6c-8fa1-5367-956e-1331ea60b360,,Vinagre Balsâmico,Balsamic Vinegar,,,"[""vinagre"",""balsâmicos"",""balsamic"",""vinegar"",""balsâmico"",""balsamico"",""balsamicos""]",balsamic vinegar balsamic vinegar balsamicos balsamico,
food,3aba3742-0ee5-594b-ad2e-6bda1d0324b6,,Vinagre de Arroz,Vinegar Rice,,,"[""vinagre"",""arroz"",""rice"",""vinegar""]",vinegar rice vinegar rice,
food,6e96ec15-4987-5fa4-8642-b65e06cd2c1d,,Vinagre de Maçã,Apple Cider Vinegar,,,"[""vinagre"",""cidra"",""maçã"",""apple"",""vinegar"",""cider"",""maca""]",apple cider vinegar apple cider vinegar cidra,
food,4310da7f-493c-5836-b3e9-c896e89db9be,,Vinagre de Vinho Branco,White Wine Vinegar,,,"[""vinagre"",""vinho"",""wine"",""vinegar"",""branco"",""white""]",white wine vinegar white wine vinegar,
food,15ebcbd2-1858-5822-b371-8e4bcd4ba625,,Vinho branco,Wine White,,,"[""vinho"",""branco"",""white"",""wine""]",wine white wine white,
food,de5288c8-735c-593e-993b-42b971a954ff,,Vinho do Porto,Port Wine,,,"[""Vinho"",""Porto"",""Port"",""Wine""]",port wine port wine porto,
food,171c269b-8b67-5e3a-a088-bc7a7e7b4bca,,Vinho espumante doce,Sweet Sparkling Wine,,,"[""vinho"",""wine"",""espumante"",""doce"",""sweet"",""sparkling""]",sweet sparkling wine sweet sparkling wine espumante,
food,ea7377c3-e8fe-5871-bf03-882a64af19bc,,Vinho espumante extra bruto,Extra Brut Sparkling Wine,,,"[""vinho"",""wine"",""espumante"",""extra"",""bruto"",""brut"",""sparkling""]",extra brut sparkling wine extra brut sparkling wine espumante bruto,
food,79fdcc84-663f-5a45-9ab2-7b3b928a7ddd,,Vinho espumante meio Seco,Medium-Dry Sparkling Wine,,,"[""vinho"",""wine"",""espumante"",""meio"",""seco"",""dried"",""medium"",""dry"",""sparkling""]",medium dry sparkling wine medium dry sparkling wine espumante,
food,4ba0f343-67f5-56df-a7e6-dfdc613a679f,,Vinho espumante seco,Dry Sparkling Wine,,,"[""vinho"",""wine"",""espumante"",""seco"",""dried"",""dry"",""sparkling""]",dry sparkling wine dry sparkling wine espumante,
food,ef9463a3-bae0-596e-9a9b-86e073e59af2,,Vinho generoso da Madeira,Madeira Fortified Wine,,,"[""vinho"",""wine"",""generoso"",""madeira"",""fortified""]",madeira fortified wine madeira fortified wine generoso,
food,cece956c-21ad-5e71-bf78-2e4db0932725,,"Vinho generoso do Porto, doce",Sweet Port Wine,,,"[""vinho"",""wine"",""generoso"",""porto"",""doce"",""sweet"",""port""]",sweet port wine sweet port wine generoso porto,
food,1c34a430-2305-5246-8e57-5f040b0055fa,,"Vinho generoso do Porto, meio seco",Medium-Dry Port Wine,,,"[""vinho"",""wine"",""generoso"",""porto"",""meio"",""seco"",""dried"",""medium"",""dry"",""port""]",medium dry port wine medium dry port wine generoso porto,
food,d6ee5536-9ea7-5a86-8d06-2536b5588b90,,"Vinho generoso do Porto, seco",Dry Port Wine,,,"[""vinho"",""wine"",""generoso"",""porto"",""seco"",""dried"",""dry"",""port""]",dry port wine dry port wine generoso porto,
food,5d6388ca-0020-5959-bf03-0feec4db59a1,,Vinho maduro branco,White Still Wine,,,"[""vinho"",""wine"",""maduro"",""branco"",""white"",""still""]",white still wine white still wine maduro,
food,48786e94-21ea-543d-87bb-7cee992d3a6b,,Vinho maduro palhete,Palhete Still Wine,,,"[""vinho"",""wine"",""maduro"",""palhete"",""still""]",palhete still wine palhete still wine maduro,
food,e7efd5db-cac8-5c0b-af82-aefe5d4f794a,,Vinho maduro tinto,Red Still Wine,,,"[""vinho"",""wine"",""maduro"",""tinto"",""red"",""still""]",red still wine red still wine maduro tinto,
food,5facdf09-104c-559b-8c22-e8a1e887a06f,,Vinho rosé,Rose Wine,,,"[""vinho"",""wine"",""rosé"",""rose""]",rose wine rose wine,
food,117cdd26-7298-5d74-82de-1761def24f76,,Vinho tinto,Red Wine,,,"[""vinho"",""tinto"",""red"",""wine""]",red wine red wine tinto,
food,8b36e73b-7a2e-5733-aa69-7a5413ed4668,,Vinho verde branco,White Vinho Verde,,,"[""vinho"",""wine"",""verde"",""branco"",""white""]",white vinho verde white vinho verde wine,
food,88710ee3-98f3-5356-a106-4443f68883b4,,Vinho verde tinto,Red Vinho Verde,,,"[""vinho"",""wine"",""verde"",""tinto"",""red""]",red vinho verde red vinho verde wine tinto,
food,e1278191-e0e8-580f-ba35-aa1d33f06143,,"Wasabi, raiz crua",Raw Wasabi Root,,,"[""wasabi"",""raiz"",""crua"",""raw"",""root""]",raw wasabi root raw wasabi root raiz,
food,f3c058ab-0802-5920-90c8-26beb9e38aed,,Água,Water,,,"[""água"",""water"",""agua""]",water water,
food,248d5b16-bd10-52f9-b78a-384ddce584a2,,Água mineral natural,Natural Mineral Water (Luso),,Luso,"[""água"",""agua"",""water"",""mineral"",""luso"",""natural""]",natural mineral water luso luso natural mineral water luso,
food,24285ecd-fb91-58b4-8d70-2ce1fce08afc,,Água mineral natural gaseificada,Carbonated Natural Mineral Water (Água Castello),Carbonated Natural Mineral Water,Água Castello,"[""água"",""agua"",""water"",""mineral"",""gaseificada"",""castello"",""carbonated"",""natural""]",carbonated natural mineral water agua castello agua castello carbonated natural mineral water agua castello,
food,89cdd83e-2246-5925-840b-23e6562cdc1e,,Água mineral natural gaseificada,Carbonated Natural Mineral Water (Vimeiro),,Vimeiro,"[""água"",""agua"",""water"",""mineral"",""gaseificada"",""vimeiro"",""carbonated"",""natural""]",carbonated natural mineral water vimeiro vimeiro carbonated natural mineral water vimeiro,
food,e003dd2d-a704-55ca-a3e9-bcffefe5ab1f,,Água mineral natural gasocarbónica,Sparkling Natural Mineral Water (Pedras Salgadas),,Pedras Salgadas,"[""água"",""agua"",""water"",""mineral"",""gasocarbónica"",""gasocarbonica"",""pedras"",""pedra"",""salgadas"",""salgada"",""sparkling"",""natural""]",sparkling natural mineral water pedras salgadas pedras salgadas sparkling natural mineral water pedras salgadas pedra salgada,
food,28609e7f-fd62-5cfd-b7f6-5c793254cff7,,"Água, rede pública de abastecimento (Lisboa)",Water Rede Publica Abastecimento (lisboa),,,"[""água"",""agua"",""water"",""rede"",""pública"",""publica"",""abastecimento"",""lisboa""]",water rede publica abastecimento lisboa water rede publica abastecimento lisboa,
food,ae6cd320-efd1-51ad-95ad-222be982a2dd,,Éclair de chocolate,Chocolate Eclair,,,"[""éclair"",""eclair"",""chocolate""]",chocolate eclair chocolate eclair,
food,118e2da1-797d-5828-936f-5e654ce19a80,,Óleo,Oleo,Oil,Becel,"[""óleo"",""oleo"",""oil"",""becel""]",oleo becel oleo becel oil,
food,d97abc73-5e48-5227-b0ab-9b9756d32bd4,,Óleo alimentar,Cooking Oil,,,"[""óleo"",""oleo"",""oil"",""alimentar"",""cooking""]",cooking oil cooking oil oleo alimentar,
food,83ebae2b-a0c3-5818-9b02-7acb357354d0,,Óleo de amendoim,Oleo Peanut,Peanut Oil,,"[""óleo"",""oleo"",""oil"",""amendoim"",""peanut""]",oleo peanut oleo peanut oil,
food,3171e45e-2b6e-5289-8109-8c3b183e7eef,,Óleo de coco,Oleo Coco,Coconut Oil,,"[""óleo"",""oleo"",""oil"",""coco"",""coconut""]",oleo coco oleo coco oil coconut,
food,2b97bf33-75a7-5bb8-afab-89ac40e45e5e,,Óleo de girassol,Oleo Girassol,Sunflower Oil,,"[""óleo"",""oleo"",""oil"",""girassol""]",oleo girassol oleo girassol oil,
food,7fd743cc-61e2-5e4b-bd15-576c16ab9b84,,Óleo de linhaça,Oleo Linhaca,Flaxseed Oil,,"[""óleo"",""oleo"",""oil"",""linhaça"",""linhaca""]",oleo linhaca oleo linhaca oil,
food,b40cd84a-34ec-5802-b21f-0ef4bd3c2832,,Óleo de palma,Oleo Palma,Palm Oil,,"[""óleo"",""oleo"",""oil"",""palma""]",oleo palma oleo palma oil,
food,396e76a9-3393-5b89-bcb8-e5572a313fd7,,Óleo de soja,Oleo Soy,Soy Oil,,"[""óleo"",""oleo"",""oil"",""soja"",""soy""]",oleo soy oleo soy oil,
food,d5051e95-9237-52ff-b7ad-9b6790121e12,,Óleo de Sésamo,Oleo Sesamo,Sesame Oil,,"[""oleo"",""sesamo"",""sesame"",""oil"",""óleo"",""sésamo""]",oleo sesamo oleo sesamo sesame oil,
food,50ae7e5a-d346-5a10-8839-62d92708f597,,Óleos de milho,Oleos,Corn Oil,,"[""óleos"",""oleos"",""óleo"",""milho"",""corn"",""maize"",""oleo""]",oleos oleos oleo corn maize,
recipe,bd6e036c-02bf-5efd-8786-58682872097f,,Arroz de Limão,Lemon Rice,,,"[""arroz"",""limão"",""lemon"",""rice""]",,
recipe,d2dbc7f2-ac7b-5e67-b64a-b1a2411706db,,Arroz de Tomate,Tomato Rice,,,"[""arroz"",""tomates"",""tomatoes"",""rice"",""tomato""]",,
recipe,d4c9736b-81a5-5579-a232-6117a184f128,,Sopa de Batata e Legumes,Potato and Vegetable Soup,,,"[""sopa"",""legumes"",""creme"",""cream"",""soup"",""batata"",""potatoes"",""potato"",""and"",""vegetable""]",,
recipe,25453b01-4259-5b8c-9d06-91df2f790399,,Sopa de Legumes,Vegetable Soup,,,"[""sopa"",""legumes"",""creme"",""cream"",""soup"",""vegetable""]",,
recipe,ee74d21b-6abe-5e11-913c-d84ac53f5dd0,,Sunomono,Sunomono,,,"[""sunomono"",""pepino"",""cucumber"",""salada""]",,
recipe_step,e3d91daa-4f6e-497a-9237-204eccd3a87b,thermomix:3,"Adicione o arroz, o sal, e a água. Envolva bem com a espátula.","Add the rice, salt, and water. Mix well with the spatula.",,,[],,
recipe_step,e3d91daa-4f6e-497a-9237-204eccd3a87b,thermomix:0,"Coloque no copo a cebola, o alho, o tomate, e o azeite.","Place the onion, garlic, tomato, and olive oil in the mixing bowl.",,,[],,
recipe_step,bb4998ab-fda3-4f89-bff3-96db5c2dde25,thermomix:0,Coloque o arroz no cesto de cozedura. Passe por água corrente até a água sair transparente. Reserve.,Place the rice in the cooking basket. Rinse under running water until the water runs clear. Set aside.,,,[],,
recipe_step,4d3cd943-e8d2-4bfa-a879-65e42e4999c7,regular:0,Corte o pepino em fatias muito finas usando uma mandolina.,Slice the cucumber very thinly with a mandoline.,,,[],,
recipe_step,e3d91daa-4f6e-497a-9237-204eccd3a87b,thermomix:4,Coza [17 min | 100ºC | reverse | vel 1].,Cook [17 min | 100°C | reverse | speed 1].,,,[],,
recipe_step,bb4998ab-fda3-4f89-bff3-96db5c2dde25,thermomix:1,Deite 600 g de água e o sal no copo. Insira o cesto de cozedura com o arroz. Cozinhe a vapor: [21 min | vel 4],Pour 600 g of water and the salt into the mixing bowl. Insert the cooking basket with the rice. Steam: [21 min | speed 4].,,,[],,
recipe_step,bb4998ab-fda3-4f89-bff3-96db5c2dde25,thermomix:3,"Envolva no arroz o azeite, a raspa de limão, e o sumo de limão.","Fold the olive oil, lemon zest, and lemon juice into the rice.",,,[],,
recipe_step,4d3cd943-e8d2-4bfa-a879-65e42e4999c7,regular:4,Envolva o pepino escorrido com o molho.,Toss the drained cucumber with the dressing.,,,[],,
recipe_step,4d3cd943-e8d2-4bfa-a879-65e42e4999c7,regular:2,Esprema o excesso de água com as mãos.,Squeeze out the excess water with your hands.,,,[],,
recipe_step,4d3cd943-e8d2-4bfa-a879-65e42e4999c7,regular:5,"Leve ao frio durante ~10-15 minutos, se preferir bem fresco.",Chill for about 10-15 minutes if you prefer it very cold.,,,[],,
recipe_step,4d3cd943-e8d2-4bfa-a879-65e42e4999c7,regular:3,"Numa taça, misture o vinagre de arroz, o açúcar, e o molho de soja. Mexa até o açúcar dissolver completamente.","In a bowl, mix the rice vinegar, sugar, and soy sauce. Stir until the sugar fully dissolves.",,,[],,
recipe_step,e3d91daa-4f6e-497a-9237-204eccd3a87b,thermomix:1,Pique [5 seg | vel 5].,Chop [5 sec | speed 5].,,,[],,
recipe_step,4d3cd943-e8d2-4bfa-a879-65e42e4999c7,regular:1,"Polvilhe as fatias com sal, e massaje suavemente. Deixe repousar ~10 minutos para libertar a água.",Sprinkle the slices with salt and massage gently. Let them rest for about 10 minutes to release water.,,,[],,
recipe_step,e3d91daa-4f6e-497a-9237-204eccd3a87b,thermomix:2,Refogue [5 min | 120ºC | vel 1].,Saute [5 min | 120°C | speed 1].,,,[],,
recipe_step,bb4998ab-fda3-4f89-bff3-96db5c2dde25,thermomix:2,Retire cuidadosamente o cesto de cozedura. Deite o arroz numa taça.,Carefully remove the cooking basket. Transfer the rice to a bowl.,,,[],,
recipe_step,bb4998ab-fda3-4f89-bff3-96db5c2dde25,thermomix:5,Solte delicadamente com um garfo.,Gently fluff with a fork.,,,[],,
recipe_step,bb4998ab-fda3-4f89-bff3-96db5c2dde25,thermomix:4,Tempere com sal.,Season with salt.,,,[],,
